-- MySQL dump 10.13  Distrib 8.0.36, for Linux (x86_64)
--
-- Host: 172.19.1.7    Database: virtul_mus
-- ------------------------------------------------------
-- Server version	5.5.68-MariaDB

/*!40101 SET @OLD_CHARACTER_SET_CLIENT=@@CHARACTER_SET_CLIENT */;
/*!40101 SET @OLD_CHARACTER_SET_RESULTS=@@CHARACTER_SET_RESULTS */;
/*!40101 SET @OLD_COLLATION_CONNECTION=@@COLLATION_CONNECTION */;
/*!50503 SET NAMES utf8mb4 */;
/*!40103 SET @OLD_TIME_ZONE=@@TIME_ZONE */;
/*!40103 SET TIME_ZONE='+00:00' */;
/*!40014 SET @OLD_UNIQUE_CHECKS=@@UNIQUE_CHECKS, UNIQUE_CHECKS=0 */;
/*!40014 SET @OLD_FOREIGN_KEY_CHECKS=@@FOREIGN_KEY_CHECKS, FOREIGN_KEY_CHECKS=0 */;
/*!40101 SET @OLD_SQL_MODE=@@SQL_MODE, SQL_MODE='NO_AUTO_VALUE_ON_ZERO' */;
/*!40111 SET @OLD_SQL_NOTES=@@SQL_NOTES, SQL_NOTES=0 */;

--
-- Table structure for table `event`
--

DROP TABLE IF EXISTS `event`;
/*!40101 SET @saved_cs_client     = @@character_set_client */;
/*!50503 SET character_set_client = utf8mb4 */;
CREATE TABLE `event` (
  `id` int(11) NOT NULL AUTO_INCREMENT,
  `Name` varchar(210) DEFAULT NULL,
  `DateN` varchar(30) DEFAULT NULL,
  `DateK` varchar(30) DEFAULT NULL,
  `Desc_short` varchar(300) DEFAULT NULL COMMENT 'DERICATED\nКраткое описание',
  `Desc` text COMMENT 'полное описание',
  `Doc` text COMMENT 'Ссылка на архивный документ',
  `importance` int(11) DEFAULT NULL COMMENT 'Важность (1-9)',
  `latitude` text COMMENT 'Координаты Ю.Ш.',
  `longitude` text COMMENT 'Координаты В.Д.',
  `create_user` int(11) NOT NULL,
  `create_date` timestamp NULL DEFAULT CURRENT_TIMESTAMP,
  PRIMARY KEY (`id`)
) ENGINE=InnoDB AUTO_INCREMENT=130 DEFAULT CHARSET=utf8mb4;
/*!40101 SET character_set_client = @saved_cs_client */;

--
-- Dumping data for table `event`
--

LOCK TABLES `event` WRITE;
/*!40000 ALTER TABLE `event` DISABLE KEYS */;
INSERT INTO `event` (`id`, `Name`, `DateN`, `DateK`, `Desc_short`, `Desc`, `Doc`, `importance`, `latitude`, `longitude`, `create_user`, `create_date`) VALUES (2,'Создание отдела языка Института языка, литературы и истории. ','1970','','На момент формирования Института языка, литературы и истории отдел языка состоял из 8 человек: кандидаты филологических наук с.н.с. В.А. Сорвачева (1945–1977), Т.И. Жилина (1946 –1982), Е.С. Гуляев (1954–1977), м.н.с. Н.Н. Сельков (1945–1976) и ст. лаборанты Н.И. Лоскутова (1958–1991), Э.К. Павлова ','На момент создания отдел языка состоял из 8 человек: кандидаты филологических наук с.н.с. В.А. Сорвачева (1945–1977), Т.И. Жилина (1946 –1982), Е.С. Гуляев (1954–1977), м.н.с. Н.Н. Сельков (1945–1976) и ст. лаборанты Н.И. Лоскутова (1958–1991), Э.К. Павлова (1961–1989), И.Н. Костромина (1967–1986), Р.И. Коснырева (род. в 1967). В связи с созданием института и нового отдела на должность заведующего был приглашен кандидат филологических наук Г.Г. Бараксанов, тогда научный сотрудник Института языкознания АН СССР. ','',2,'','',2,'2024-03-29 10:24:44'),(4,'Вышел в свет первый коми этимологический словарь, составленный В. И. Лыткиным и Е. С. Гуляевым.','1970','','«Краткий этимологический словарь коми языка» - это словарь, который даёт систематизированные сведения о происхождении коми слов, реконструируются древние формы слов и их значения. Авторы: В.И. Лыткин, Е.С. Гуляев. Работа внесла существенный вклад в развитие исторической лексикологии финно-угорских я','Словарь содержит около 2900 словарных статей и охватывает все буквы коми алфавита. Аналогичные словари создавались за рубежом, но к моменту издания Коми словаря эти проекты не были завершены.  Авторы Краткого этимологического словаря из числа 2900 этимологий приблизительно 2/3 систематизировали, интерпретировали по-своему, около одной трети всех этимологий являются совершенно новыми. Словарь дает систематизированные сведения о происхождении коми слов, определяет самобытный или заимствованный характер того или иного слова. Посредством сравнительно-исторического анализа реконструируется древний общекоми, или общепермский и допермский облик слова и его значение, прослеживаются языковые связи коми народа с соседними народами.\r\nВ 1971 г. В.И.Лыткин и Е.С.Гуляев получили диплом лауреатов Государственной премии Коми АССР им. А.И.Куратова за «Краткий этимологический словарь коми языка».\r\n','',2,'','',2,'2024-04-01 10:01:48'),(7,'Создан Коми научно-исследовательский институт','1934.04.17','','Образован Коми научно-исследовательский институт краеведения','В составе института было создано 2 отдела: отдел истории, культуры и быта и отдел языка, литературы и искусства. Его сотрудники изучали коми язык, литературу, историю, экономику, природные ресурсы региона. Основной задачей КНИИК являлась «координация и обобщение научно-исследовательской работы, проводимой разными областными и внеобластными учреждениями и организациями, организация исследований по истории, культуре и экономике Коми области в соответствии с задачами народнохозяйственного развития, а также составление первого тома Коми советской энциклопедии». Президиум АН СССР оказал помощь в комплектовании библиотеки института. Директором стал Д.И.Шулепов, ученым секретарем – А.И.Бабушкин (в августе 1934 г. «в связи с загруженностью его по основной работе» А.И.Бабушкин был освобожден от обязанностей ученого секретаря Коми НИИК, но продолжал участвовать в деятельности института). Институт вначале состоял из отделов национальной культуры, промышленности, сельского хозяйства. КНИИК подчинялся Управлению университетов и научно-исследовательских учреждений Наркомпроса РСФСР, а финансировался из местного бюджета. При создании КНИИК принимался во внимание разработанный А.С.Сидоровым проект, и сам он (как и ряд его коллег по ОИКК) сотрудничал в этом институте до своего отъезда в Ленинград. ','',1,'','',2,'2024-04-02 06:39:43'),(15,'Издано постановление Совнаркома Коми АССР №706 о передаче из системы Коми Наркомпроса НИИ языка, письменности и истории коми народа Базе АН СССР в Коми АССР','1944.09.19','',NULL,'','',2,'','',2,'2024-04-03 11:59:18'),(16,'Президент АН СССР В.Л.Комаров распорядился образовать комиссию для принятия Научно-исследовательского института языка, письменности и истории коми народа в состав Базы','1944.08.21','',NULL,'На основании распоряжения заместитель директора Базы И.И.Оплеснин 5 сентября 1944 г. издал приказ о создании комиссии и принятии до 15 сентября КНИИ в состав Базы «по состоянию на 1-е сентября с.г.» В тот же день И.И.Оплеснин издал приказ о зачислении в штат Базы сотрудников КНИИ: «В связи с приемкой Института языка, письменности в систему Базы АН и преобразование его в отдел Базы АН СССР в Коми АССР, зачислить в штаты Базы АН… следующих сотрудников: Подорову Агнию Ивановну – заведующую отделом; Сидорова Алексея Семеновича – старшего научного сотрудника; Мальцеву Нину Андреевну – и.о. старшего научного сотрудника; Сахарову Марфу Александровну − и.о. старшего научного сотрудника; Воробьеву Татьяну Павловну – уборщицу; Тимушева Дмитрия Андреевича – младшего научного сотрудника». В течение сентября процесс приемки НИИ в состав Базы был завершен.','',2,'','',2,'2024-04-03 12:18:41'),(17,'Становление Научно-исследовательского института отделом Базы ','1944.10.01','',NULL,'Наступил новый этап в развитии коми гуманитарной науки. Первое десятилетие работы было, в сущности, временем становления научных исследований по коми истории и филологии в академической Базе (в 1949 г. преобразованной в Коми филиал АН СССР). Главной трудностью был недостаток квалифицированных научных кадров. В октябре 1944 г. в отделе работало всего пять научных сотрудников: лингвисты Н.А.Мальцева (Колегова), А.И.Подорова, М.А.Сахарова, А.С.Сидоров, Д.А.Тимушев. Эта небольшая группа и стала основой для формирования будущего коллектива Института языка, литературы и истории. С 1944 г. отделом (сектором) заведовала А.И.Подорова, в 1947 г. ее сменил А.М.Мишарин. Научным лидером коллектива являлся А.С.Сидоров. В 1945 г. консультантом сектора стал Д.В.Бубрих; позднее методологическую помощь языковедам оказывал В.И.Лыткин [14, с. 29−30]. Именно лингвистика являлась основным научным направлением в деятельности сектора языка, письменности и истории Коми базы АН СССР. А.С.Сидоров, Н.А.Колегова, М.А.Сахарова, Д.А.Тимушев, А.И.Подорова занимались разработкой грамматики коми языка, изучением его диалектов, составлением коми-русского словаря, разработкой терминологии. В конце 1945 г. в секторе появился еще один языковед – В.А.Сорвачева, а в 1946 г. – трое: Т.И.Жилина, Н.Н.Сельков, Г.А.Нечаев (работавший еще в начале 30-х гг. с В.И.Лыткиным в Комиссии по изучению диалектов; правда, из сектора он ушел уже в 1948 г.). В.А.Сорвачева и Т.И.Фролова (Жилина), а также А.Н.Федорова и историк В.И.Цывунина в марте 1946 г. стали первыми аспирантами Базы АН СССР в Коми АССР. Так сложился коллектив коми лингвистов, плодотворно работавший не одно десятилетие.','',2,'','',2,'2024-04-03 12:22:21'),(18,'Издано постановление Совнаркома Коми АССР «О составлении капитального труда очерков по истории народа коми».','1945.08.01','',NULL,'Институт истории Академии наук СССР поддержал инициативу сотрудников отдела языка, письменности и истории Базы Академии наук СССР в Коми АССР провести совместную работу по составлению капитального труда по истории коми народа в объеме 25-30 печатных листов. Руководство этой работой возложено на члена-корреспондента Академии наук СССР Сергея Владимировича Бахрушина.','',2,'','',2,'2024-04-03 12:25:22'),(19,'Сектору языка, письменности и истории коми народа были поставлены задачи: разработка общественно-политической терминологии на коми языке, консультационная помощь местным организациям и газете «Вöрлэдзись» «с то','1945.03','',NULL,'В связи с быстрым развитием социалистической экономики и культуры Коми АССР и возросшей политической активностью широких масс населения коми язык обогатился общественно-политической терминологией. Исследование предусматривало составление русско-коми словаря общественно-политических терминов в качестве пособия-справочника для переводчиков, составителей учебной литературы, широких кругов советских, партийных и комсомольских работников, а также учителей.','',2,'','',2,'2024-04-03 12:27:14'),(20,'Отделом языка, письменности и истории коми народа начата работа по составлению «Русско-коми словаря общественно-политических терминов»','1945.3','',NULL,'Работа над словарем начата в марте 1945 г. К концу 1946 г. был собран материал из литературных источников: произведений Маркса и Энгельса, Ленина и Сталина, «Краткого курса истории ВКП(б)», Конституции СССР, РСФСР и Коми АССР, кодексов законов и др.; использованы словари: общественно-политический, философский и др., а также периодическая литература. На основе собранного материала составлен словник и начата работа по переводу терминов. Словарь содержит в себе около 3,5 тысяч терминов.','',3,'','',2,'2024-04-03 12:30:13'),(21,'Сектор языка, письменности и истории народа коми преобразован в сектор коми языка, письменности, литературы и истории','1947','',NULL,'В сектор были приняты в 1945 г. А.А.Вежев, который публиковал статьи по вопросам литературоведения и критику. В 1946 г. в аспирантуру поступила А.Н.Федорова, которая занялась поэзией И.А.Куратова, вопросами литературоведения - П.Г.Доронин.','',3,'','',2,'2024-04-03 12:32:34'),(22,'Состоялись ученые советы Базы, где рассматривались «космополитические извращения сталинского учения о нации в области изучения истории, языка и литературы народа коми».','1949','',NULL,'Под «извращением сталинского учения» подразумевался ревизия «нового учения о языке», или «яфетическая теория» акад. Н.Я.Марра. Основу теории составляли две идеи, касавшиеся исторического развития языка. Согласно Н.Я.Марру, языковое развитие идет от множества к единству. Языки возникали независимо друг от друга. Затем происходил процесс скрещивания: два языка в результате взаимодействия превращались в новый третий язык. По мнению Н.Я.Марра, языки развивались по единым законам. Все языки проходят одни и те же стадии, определяемые уровнем социально-экономического развития. При изменении экономического базиса язык как часть надстройки подвергается революционному взрыву и становится качественно иным. Н.Я.Марр считал, что «новое учение о языке» требует нового лингвистического мышления.\r\nОт лингвистов требовали полного признания «нового учения о языке». После сессии ВАСХНИЛ с лета 1948 г. в советском языкознании началась погромная кампания. На заседании Ученого совета Научно-исследовательской Базы АН СССР в Коми АССР 27 мая 1949 г. обсуждали работу сектора языка литературы и истории в связи с названными выше событиями. Заместитель директора Н.И.Шишкин утверждал, что буржуазная наука проводит идею о принадлежности севера России древним финским племенам (пранародам), что эту идею подхватили К.Ф.Жаков и П.А.Сорокин, позднее Д.В.Бубрих (основоположник финноугроведения), а вслед за ним сотрудники Базы А.С.Сидоров, Н.А.Колегова, А.И.Подорова. Ученый совет принял постановление, которое требовало кардинального пересмотра планов работы сектора языка, литературы и истории; программ и учебников коми языка, и приведению их в соответствие с «новым учением о языке».','',3,'','',2,'2024-04-03 12:36:00'),(23,'На заседании Президиума Коми филиала АН СССР обсудили развитие языкознания в Коми филиале в свете статей И.В. Сталина «Относительно марксизма в языкознании» и «К некоторым вопросам языкознания»','1950.07.28','',NULL,'Заведующий сектором языка, литературы и истории филиала А.М.Мишарин признал, что работа сектора была полностью перестроена, в соответствии с ошибочными, как теперь признано, решениями и указаниями Президиума Академии наук СССР по вопросам советского языкознания и марровского «нового учения» о языке.\r\nСектор языка и истории признал, что венцом заблуждений и ошибок была «марровская сессия», проведенная в феврале 1950 г., на которой была изложена новая идейная и методологическая позиция, стоившая сектору более полугодовой работы. \r\nРабота сектора на протяжении продолжительного периода времени подвергалась критике «как не могущие поспевать за ходом социалистического строительства, за темпами жизни». Основные работы сотрудников сектора квалифицировались как космополитические, идеалистические, бесполезные. За работниками сектора в лучшем случае признавалось усердие, но ставилось под сомнение содержание работы. \r\nВ результате перестройки работы отдела под марровскую теорию о языке, а затем развенчания этой теории и очередного изменения приоритетов на протяжении 8 лет работы целого коллектива научных сотрудников в свет вышли только коми-русский словарь, переиздание краткого орфографического словаря, а также участие сотрудников в подготовке учебников для низших ступеней школ. Неправильные методические установки приводили к излишне суровой оценке работ сотрудников сектора, несправедливому увольнению нескольких талантливых ученых.','',3,'','',2,'2024-04-03 12:41:06'),(24,'По решению Президиума АН СССР в Сыктывкаре состоялось Научное совещание по вопросам языкознания','1952.1.28','',NULL,'Состоялось Научное совещание по вопросам языкознания. Организаторами выступали Президиум АН СССР, Институт языкознания и Коми филиал. Совещание было призвано подвести некоторые итоги развития финно-угорского языкознания после «разоблачения» взглядов Н.Я.Марра. В совещании участвовали представители Мордовской, Ма-рийской, Удмуртской АССР, Коми-Пермяцкого автономного округа, лингвисты из Коми АССР – всего 375 чел. Заслушано 11 докладов, в том числе 7 – сотрудников филиала. Д.филол.н. А.С.Сидоров сделал два доклада: «Влияние русского языка на грамматический строй коми языка» и «Пути развития коми литературного языка». Тезисы докладов опубликованы в том же году в Москве.','',3,'','',2,'2024-04-03 12:42:54'),(25,'Сидоров А.С. приступил к формированию архива Коми филиала АН СССР.','1952.2','',NULL,'А.С.Сидоров сдал в архив Коми филиала документы, собранные им лично и документы сектора языка, литературы и истории, в том числе копии документов Департамента исполнительной полиции об обустройстве дороги от Пинеги до Мезени за 1826 г., формулярного списка о службе коми поэта И.А.Куратова в Семиреченской области; Среди документов, переданных А.С.Сидоровым, были материалы Коми научно-исследовательского института, сохраненные им (работы В.А.Молодцова 1930-х гг., словник Коми советской энциклопе-дии, рукописи рабочих экземпляров различных словарей, другие документальные материалы отдела языка и литературы). Кроме того, он передал в архив работу И.Вихмана «Краткий очерк научной поездки к зырянам в 1901-1902 гг.», опубликованный в финском журнале Угро-финского общества в 1903 г. Перевод с немецкого выполнен В.В.Вульфертом. Эта работа положила начало формированию архивных фондов и организации в структуре Коми филиала АН СССР Научного архива.','',2,'','',2,'2024-04-03 12:58:14'),(26,'Принято постановление бюро Коми обкома КПСС о деятельности сектора языка, письменности, литературы и истории Коми филиала АН СССР.','1953.4.28','',NULL,'Бюро областного комитета партии указало на следующее: недостаточная результативность (за годы работы выпущен только один терминологический словарь); слабая проработка вопросов развития коми литературного языка и истории; раздробленность тем и большие сроки их выполнения; отсутствие должной интенсивности и напряженности труда («сотрудники работают только днем, надо создать условия, чтобы они могли работать и вечерами»); отсутствие высококвалифицированного научного руководства.','',3,'','',2,'2024-04-03 13:05:28'),(27,'Опубликованы первые крупные работы коми-лингвистов А.И.Подоровой «Коми орфографический словарь»; М.А.Сахаровой «Русско-коми терминологический словарь».','1953','',NULL,'','',3,'','',2,'2024-04-03 13:40:34'),(28,'Сектор языка, письменности, литературы и истории преобразован в Отдел языка, литературы и истории','1953','',NULL,'Преобразование связанно с приведением к единообразию структур филиалов АН СССР. За прошедшие годы научные подразделения Коми филиала окрепли, усилились новыми кадрами, поэтому в новой утвержденной структуре все секторы были  преобразованы в отделы.','',2,'','',2,'2024-04-03 14:41:29'),(29,'Издан учебник для вузов «Современный коми язык».','1955','',NULL,'Авторский коллектив в составе проф. В.И.Лыткин (старший научный сотрудник Института языкознания АН СССР), кандидатов филологических наук Т.И.Жилиной, Е.Г.Жижевой, Н.А.Колеговой, А.И.Подоровой, М. А.Сахаровой и В.А. Сорвачевой, преподавателей Коми педагогического института кандидата филологических наук А.И.Кипрушевой и А.О.Третьяковой. подготовил первый учебник для вузов по коми языку. \r\nВ учебнике подробно излагаются факты современного коми литературного языка и дается им научное освещение. В тех случаях, когда это необходимо, для сравнения или разъяснения тех или иных языковых фактов привлекается материал коми-пермяцкого литературного языка.\r\nАвторы не ограничились только своей непосредственной задачей. Помимо описания фактов языка они сообщают также и необходимые сведения об общих понятиях языка (понятие о языковой единице, о фонеме, об органах речи, о частях речи, о слове вообще и т.д.), иллюстрируя их примерами, взятыми из коми языка. Ценна работа и тем, что в ней содержится ряд исторических справок. Особенно удачны разделы о фонетике, о составе современной коми лексики, о частицах, а также введение в морфологию.\r\nВ грамматике даны необходимые сведения о коми народе, о коми диалектах, об истории изучения коми языка, о развитии лексикографии, об основах транскрипции, об отношении литературного языка к диалектам т.д. Учитывая научную и практическую значимость этого учебника. Президиум АН СССР удостоил его академической премии.\r\n','',3,'','',2,'2024-04-03 14:43:32'),(30,'Налажена переписка и обмен литературой с Академией наук Венгрии и с финноугорским обществом г. Хельсинки.','1955','',NULL,'','',4,'','',2,'2024-04-03 14:44:39'),(31,'Опубликован первый том «Очерков истории Коми АССР»','1955','',NULL,'Монография подготовлена совместными усилиями ученых Москвы и Коми АССР. В обобщающем труде освещается история народа коми с древнейших времен до февральской революции 1917. Использование в названии слова «Очерки» обусловлено тем, что многие вопросы истории региона еще не были изучены. В связи с этим несомненным достоинством работы был исследовательский характер большинства глав «Очерков». Авторами широко использовались как изданные, так и неопубликованные материалы центральных и местных архивов, привлечен археологический и этнографический материал.','',3,'','',2,'2024-04-03 14:45:53'),(32,'Президиум АН СССР издал Постановление «Об организации в Коми филиале АН СССР Отдела истории и этнографии. ','1957.10.18','',NULL,'Отдел языка, литературы и истории был разделен на два отдела: отдел языка и литературы и отдел истории и этнографии.','',2,'','',2,'2024-04-04 07:50:32'),(33,'Коми филиал АН СССР посетил профессор Хельсинского университета Эркки Итконен для ознакомления с постановкой работ по изучению коми языка и его диалектов.','1957.12','',NULL,'Эркки Итконен при помощи ученых филиала собрал образцы речи различных диалектов коми языка, представители которых работали в филиале и обучались в сыктывкарском пединституте.','',4,'','',2,'2024-04-04 08:07:01'),(34,'Отдел истории, и этнографии переименован в Отдел истории, этнографии и археологии.','1958','',NULL,'Изменения связаны с поступлением на работу в 1957 г. Г.М. Бурова, первого профессионального археолога в Коми филиале АН СССР. В том же году Г.М.Буров провел разведочные работы в среднем и верхнем течении р. Вычегды. Обнаружил более десятка открытых археологических памятников различных эпох: мезолита, раннего металла и раннего железного века. В 1958 г. была открыта тема «Эпоха камня и раннего металла в бассейнах рек Вычегды и Печоры».','',3,'','',2,'2024-04-04 08:18:44'),(35,'Издана монография Л.П.Лашука «Очерк этнической истории Печорского края», первая публикация, посвященная этнической истории коми. ','1958','',NULL,'','',3,'','',2,'2024-04-04 08:21:15'),(36,'Отдел языка и литературы Коми филиала АН СССР посетил венгерский языковед Эрик Васоли с целью изучения коми языка и его диалектов.','1959','',NULL,'','',3,'','',2,'2024-04-04 08:32:03'),(37,'Сотрудники отдела языка М.А.Сахарова и Н.А.Колегова участвовали в I Международном конгрессе финно-угроведов в г. Будапешт (Венгрия)','1960.09.20','',NULL,'','',4,'','',2,'2024-04-04 08:42:38'),(42,'Отдел истории, этнографии и археологии начал разработку темы «Вопросы истории религии и атеизма в Коми АССР».','1960','',NULL,'В соответствии с Постановлением Президиума АН СССР от 17 апреля 1959 г. и указаниями Коми обкома КПСС отдел истории, этнографии и археологии начал разработку темы «Вопросы истории религии и атеизма в Коми АССР».','',4,'','',2,'2024-04-05 08:08:10'),(43,'Б.И.Гуслицер и В. И. Канивец открыли палеолитическую стоянку человека в верховьях р. Печора, в гроте Медвежьей пещеры.','1960','',NULL,'С 1958 г. комплексная геолого-археологическая экспедиция Коми филиала АН СССР вела систематические поиски палеолитических стоянок в бассейне р. Печора. В 1960 г. Б.И.Гуслицер и В. И. Канивец открыли палеолитическую стоянку человека в верховьях р. Печора, в гроте Медвежьей пещеры. В 1962 г. инженер-геолог Е.М.Тимофеев обнаружил палеолитическую стоянку у д. Бызовой. Медвежья пещера и Бызовая являются самыми северными стоянками палеолитического человека в мире, их возраст предварительно определяли в пределах 2030 тыс. лет до нашей эры. Археологические находки сдвинули на север границы расселения палеолитического человека, они доказали, что освоение территории Коми края началось значительно раньше, чем предполагалось до сих пор. В 1966-1970 гг. Коми филиал АН СССР разрабатывал тему «Палеолит Севера европейской части СССР» (исполнители Б.И.Гуслицер и В.И.Канивец). В 1967 г. на средней Печоре открыта третья палеолитическая стоянка – Крутая гора, что позволило сделать вывод о заселении Северо-Востока Европейской части страны не позднее среднего палеолит.','',3,'','',2,'2024-04-05 08:10:12'),(44,'Отдел истории, этнографии и археологии разделен на отдел истории и отдел этнографии и археологии.','1961.12','',NULL,'','',3,'','',2,'2024-04-05 08:34:34'),(45,'Организован Ученый совет по гуманитарным наукам','1962.06.23','',NULL,'Решение Президиума Коми филиала АН СССР об организации Ученого совета по гуманитарным наукам было вызвано потребностью координировать научные исследования отделов языка и литературы, истории, а также этнографии и археологии. Создание совета говорило о наличии достаточной «критической массы» квалифицированных специалистов и проводимых научных исследований. Совет стал организационной предпосылкой к созданию института гуманитарного профиля.','',2,'','',2,'2024-04-05 08:36:17'),(46,'Опубликован второй том «Очерков по истории Коми АССР», посвященный советскому периоду.','1962','',NULL,'Впервые издан обобщающий труд, описывающий историю Коми края от Октябрьской революции и до 1960-х гг. Авторский коллектив использовал большой фактический материал из фондов центральных архивов, Вологды, Архангельска, Коми республиканского и областного партийного архивов, материалы периодической печати, статистические сборники и другие источники». Многие документы впервые были введены в научный оборот. ','',3,'','',2,'2024-04-05 08:38:16'),(47,'В издательстве \"Наука\" опубликована монография «Канинская пещера», автор В.И.Канивец.','1964','',NULL,'','',3,'','',2,'2024-04-05 08:39:51'),(48,'Коми филиал АН СССР подготовил и провел Вторую Всесоюзную конференцию по финно-угроведению. ','1965.06.25','',NULL,'Присутствовали представители всех научных центров страны, работавшие по вопросам финно-угроведения.','',3,'','',2,'2024-04-05 08:41:42'),(49,'В Сыктывкаре состоялись первые Куратовские чтения, организованные отделом языка и литературы Коми филиала АН СССР.','1965.07.01','',NULL,'Инициатором Куратовских чтений стал поэт и ученый В.И. Лыткин. Чтения повысили интерес общественности Коми республики к творческому наследию поэта. В 1973 г., 1976 г., 1979 г., 1986 г., 1989 г., 1990 г. вышли 6 томов «Куратовских чтений». В их основу положены дополненные и переработанные доклады и сообщения куратоведов, прозвучавшие на семнадцати Куратовских чтениях и содержащие новые важные обобщения в куратоведении. Активное участие в Куратовских чтениях в разные годы принимали В.И. Лыткин, А.Е. Ванеев, А.К. Микушев, В.И. Мартынов и др., а также П.П. Домокош из Венгрии, Дж. Коутс из Великобритании, Н.М. Бассель, А.И. Туркин из Эстонии и др.  ','',3,'','',2,'2024-04-05 08:46:03'),(50,'В.И.Лыткину присвоено почетное звание заслуженного деятеля науки и техники Коми АССР за заслуги в области коми языкознания и литературоведения.','1965.09.03','',NULL,'','',3,'','',2,'2024-04-05 08:50:13'),(51,'П.И.Чисталеву присвоено звание заслуженного деятеля искусств Коми АССР за заслуги в области советского музыкального искусства и активную деятельность по пропаганде коми народной музыки.','1965','',NULL,'','',4,'','',2,'2024-04-05 08:56:37'),(52,'В г. Сыктывкаре состоялось V  Уральское археологическое совещание.','1967.02.27','',NULL,'Проведение в Сыктывкаре V Уральского археологического совещания являлось проявлением признания заслуг археологов Коми филиала АН СССР, которые провели плодотворную работу по выявлению и изучению памятников древности на территории Коми АССР. За предыдущие 10 лет ими открыто и исследовано более 300 стоянок, поселений, торфяников и могильников, относившихся к различным древним эпохам, начиная с палеолита и кончая средневековьем. Исключительный научный интерес представляют палеолитические стоянки в Медвежьей пещере и у д. Бызовая, многослойные поселения и торфяники в районе Синдорского озера, Турбинское поселение у д. Галово, Веслянский, Кищикольский и Ленский могильники и многие другие археологические памятники. Выделены оригинальные археологические культуры.\r\nНа основе новых открытий установлена совершенно иная периодизация заселения территории Коми АССР, выявлены новые группы трудовой деятельности, материальной и духовной культуры древних племен, обитавших в ее пределах, установлены новые пути миграционных процессов местного населения, выяснены многие стороны различных проблем этногенеза коми.\r\nАрхеологами опубликовано более 40 статей, монографий и коллективных трудов. Изданы три выпуска «Материалов по археологии Европейского Северо-Востока». Вышли из печати такие монографии, как «Канинская пещера», «Пещеры Печорского Урала», «Вычегодский край (очерки древней истории)» и «Археологические памятники Вычегодской долины».\r\n','',3,'','',2,'2024-04-05 08:59:31'),(53,'Проведена совместная фольклорно-диалектологическая экспедиция сотрудников отдела языка и литературы и венгерского языковеда Эрика Ю.Васои в Печорском и Удорском районах. ','1967','',NULL,'В результате на венгерском радио был организован цикл передач о коми советской литературе.','',4,'','',2,'2024-04-05 09:01:07'),(54,'На базе гуманитарных подразделений Коми филиала АН СССР создан Институт языка, литературы и истории.','1970.04.01','',NULL,'Вопрос об организации Института языка, литературы и истории Коми филиала АН СССР был поставлен еще в 1951 г., когда заместитель директора Коми филиала АН СССР Н.И.Шишкин 16 августа обратился в ЦК ВКП(б) с ходатайством об организации Института биологии, Института языка, литературы и истории, Института леса. Вопрос о создании института в Коми филиала поднимал регулярно. К середине 1960-х гг. сложилась развитая структура гуманитарных отделов, В качестве основных направлений научных исследований были определены изучение закономерностей развития коми языка, исследование его диалектов и генетических связей с родственными финно-угорскими языками; фольклора и коми литературы; вопросов происхождений северных финно-угорских народов; особенностей и закономерностей развития культуры и быта коми народа и коми-пермяков.','',1,'','',2,'2024-04-05 09:07:58'),(56,'Создана научная библиотека','1944.07.01','',NULL,'История научной библиотеки ФИЦ Коми НЦ УрО РАН неразрывно связана с историей становления и развития академических учреждений в Республике Коми.\r\n1 июля 1944 г. была закончена реорганизация и утверждена структура Базы Академии наук СССР в Коми АССР с научной библиотекой в её составе.','НА ФИЦ Коми НЦ УрО РАН. Ф.1. Оп.18. Д.12. Л.11-14',1,'','',10,'2024-04-16 09:21:47'),(57,'Создан ИНСТИТУТ ХИМИИ Коми научного центра Уральского отделения РАН (Институт химии Коми НЦ УрО РАН РАН)','1995.12.19','',NULL,'ИНСТИТУТ ХИМИИ Коми научного центра Уральского отделения РАН (Институт химии Коми НЦ УрО РАН РАН) создан в 1995 г. на базе Отдела химии Коми филиала АН СССР, основанного в 1958 г. Становление и развитие института связано с деятельностью академика  РАН А.В. Кучина. Основные направления научной деятельности института: фундаментальные проблемы реакционной способности химических соединений, механизмы химических реакций, методология органического и неорганического синтеза; научные основы экологически безопасного и ресурсосберегающего использования растительного сырья и его компонентов для получения химических продуктов и материалов; физико-химические основы технологии получения керамических, композиционных и нано - материалов с использованием синтетического и природного (минерального и растительного) сырья, создание новых веществ и материалов на основе полимеров растительного происхождения; фундаментальные проблемы получения физиологически активных соединений на основе синтетических, полусинтетических и природных веществ; асимметрический синтез.','',1,'','',8,'2024-04-18 05:08:07'),(58,'Сектор историко-демографических и историко-географических исследований Российского Севера Института языка, литературы и истории Коми НЦ УрО РАН.','2015.11.5','',NULL,'Создан сектор историко-демографических и историко-географических исследований Российского Севера  на базе группы исторической демографии и исторической географии сектора отечественной истории Института языка, литературы и истории Коми НЦ УрО РАН.\r\nОсновное внимание уделяется изучению на региональном и общероссийском уровнях демографических проблем, связанных с учетом населения, рождаемостью, смертностью, миграциями и динамикой численности населения, а также вопросам эволюции географических познаний, развития  этнополитических процессов, изучаются проблемы исторической демографии и исторической географии с привлечением новых исторических источников и статистических материалов.  Сотрудниками сектора проводятся демографические форумы, конференции и симпозиумы, издается научный  журнал «Историческая демография».\r\nОсновные публикации: \r\n1.	Игнатова Н.М., Вишнякова Д.В., Обедков А.П., Силин В.И. Численность и воспроизводство населения Республики Коми во второй половине ХIХ-ХХ в: Историко-демографические и историко-географические исследования Российского Севера. Вып. 1. – Сыктывкар, 2022 -  276 с. \r\n2.	Силин В.И.  Географические исследования на территории Коми края в конце  XVIII –начале  ХХ вв. Сыктывкар, ФИЦ Коми НЦ УрО РАН, 2019. - 212 с. \r\n3.	Обедков А.П. Эволюция городского населения и процессы урбанизации на Российском Севере. – Сыктывкар, 2019. – 220 с.\r\n','',2,'','',25,'2024-04-22 08:02:04'),(61,'В Институте русской литературы (Пушкинский Дом) РАН А. К. Микушев защитил диссертацию «Генезис и эволюция коми песенного фольклора» на соискание ученой степени доктора филологических наук','1970','',NULL,'','',5,'','',21,'2024-04-22 09:33:39'),(62,'В декабре 1970 г. в состав института вошел отдел языка и литературы (с 1966 г. зав. А. Е. Ванеев), который был разделен на сектор языка и сектор литературы и фольклора.','1970','',NULL,'К моменту создания ИЯЛИ в декабре 1970 г. в состав института вошел отдел языка и литературы (с 1966 г. зав. А. Е. Ванеев), который был разделен на сектор языка и сектор литературы и фольклора (зав. А. К. Микушев, с 1972 г. – В. И. Мартынов)','',2,'','',21,'2024-04-22 11:44:07'),(63,'Издана книга: Коми мойдъяс, сьыланкывъяс да послőвичаяс (Коми сказки, песни и пословицы) / Сост. Ф.В. Плесовский. Сыктывкар, 1956. 226 с.','1956','',NULL,'Задача сборника – публикация фольклорных материалов, собранных фольклористами и лингвистами отдела в ходе экспедиций 40-50-х годов XX века. В сборник вошли предания, песни и малые жанры — частушки, пословицы и поговорки, загадки, а также 22 сказки, записанные лингвистом Т.И. Жилиной, фольклористами Ф.В. Плесовским, Г.А. Федоровым и лаборантом отдела Ф.В. Шадриным. Сборник предваряется вступительной статьей, дающей характеристику коми фольклорной традиции середины XX века. Издание снабжено комментариями к текстам.','',4,'','',21,'2024-04-22 12:05:19'),(64,'Издана книга: Микушев А. К. Эпические формы коми фольклора. Л., 1973. 225 с.','1973','',NULL,'В 1950-1960-е годы А.К. Микушев – участник и руководитель многих научных экспедиций по сбору коми в первую очередь песенного фольклора как на территории Коми АССР, так и в Большеземельской и Канинской тундрах Архангельской области, районах Кольского полуострова, Ямала, Н. Оби и т.д. В области фольклористики главной заслугой А.К. Микушева было открытие коми эпической традиции, результаты исследования которой изложены в научной монографии «Эпические формы коми фольклора».','',4,'','',21,'2024-04-22 12:14:40'),(70,' В г. Сыктывкаре была проведена Всероссийская конференция \"Пермские финны: археологические культуры и этносы\"','2007.09.25','007.09.28',NULL,'25-28 сентября 2007 года в г. Сыктывкаре Институтом языка, литературы и истории Коми научного центра Уральского отделения РАН была проведена Всероссийская конференция \"Пермские финны: археологические культуры и этносы\", в которой приняли участие ведущие исследователи из всех научных центров, занимающихся археологией пермских финнов: Института археологии Российской академии наук (г. Москва), Пермского государственного университета (г. Пермь), Пермского государственного педагогического университета (г. Пермь)Удмуртского государственного университета (г. Ижевск), Удмуртского Института истории, языка и литературы УрО РАН ( г. Ижевск), Карельского государственного краеведческого музея (г. Петразавлдск), Башкирского государственного университета им. М. Акмуллы, Ямало-Ненецкого окружного музейно-выставочного комплекса им. И.С. Шеманорвского (г. Салехард).\r\n\r\nНа конференции обсуждались проблемы археологии пермских финнов, прежде всего, этнокультурной идентефикации древностей лесной полосы Евразии, взаимодействию различных компонентов в формировании археологических культур рассматриваемого региона, роли Древней Руси и Волжской Болгарии в социально-экономической и этнокультурной истории пермских этносов и др.','',6,'','',23,'2024-04-23 05:51:19'),(71,'Издана книга: Коми пословицы и поговорки / Сост. Ф. В. Плесовский. Сыктывкар: Коми кн. изд-во, 1973. 216 с. ','1973','',NULL,'Первый сборник пословиц и поговорок, составленный Ф.В. Плесовским, был опубликован в 1973 г., переиздан в 1983 г. (Коми шусьöгъяс да кывйöзъяс (Коми пословицы и поговорки) / Сост. Ф. В. Плесовский. 2-ое изд. Сыктывкар: Коми кн. изд-во, 1983. 208 с.). В предисловии ко второму изданию составитель рассматривает специфику жанра, подчеркивая сложность единой классификации изречений, отмечает неактуальность алфавитного принципа систематизации. В сборнике тексты на коми языке расположены по тематике и идейно-социальному значению, сопровождаются русскими переводами, распределены по 12 тематическим разделам. Переиздание 2014 г. (Коми войтырлӧн шусьӧгъяс да кывйӧзъяс. Пословицы и поговорки коми народа / Сост. П. Ф. Лимеров. Сыктывкар: ООО «Коми республиканская типография», 2014. 208 с.) дополнено материалами из фонда П.И. Савваитова (отдел рукописей Российской национальной библиотеки).\r\n','',4,'','',21,'2024-04-23 06:41:20'),(73,'Издан сборник: Коми народные загадки / Сост. Ф.В. Плесовский. Сыктывкар: Коми кн. изд-во, 1975. 111 с.','1975','',NULL,'Первый изданный в республике сборник народных загадок коми, в котором сделана попытка научной систематизации материала, тексты на коми языке сопровождаются русским переводом. В сборнике автор придерживается классической тематической классификации загадок, распределяя тексты по тематике отгадок (неживая природа, растительный мир, домашние животные и птицы, огонь и свет, одежда и украшения и т.п.). ','',4,'','',21,'2024-04-23 07:55:35'),(75,'Вышла в свет книга Т.И. Жилиной и В.А. Сорвачевой  «Образцы коми-зырянской речи».','1971','',NULL,'Книга составлена по материалам диалектологических экспедиций. В сборник вошли тексты, наиболее показательные с точки зрения диалектных особенностей. Книга до сих пор является широко востребованной, так как образцы коми диалектной речи в рамках отдельного издания до настоящего времени из печати не выходили. ','',4,'','',19,'2024-04-23 08:19:03'),(76,'Издана монография Т.И. Жилиной, Г.Г. Бараксанова «Присыктывкарский диалект и коми-литературный язык». ','1971','',NULL,'Публикация содержит подробное описание фонетической системы и морфологической структуры  присыктывкарского диалекта – основы коми литературного языка, даются сведения о местной топонимике и ономастике, приводится словарь местных слов.','',4,'','',19,'2024-04-23 08:44:17'),(77,'В издательстве «Наука» опубликована монография Т.И. Жилиной «Верхнесысольский диалект коми языка». ','1975','',NULL,'Работа содержит подробное описание фонетической системы и морфологической структуры одного из южных диалектов коми языка. В приложении даются образцы текстов и словарь диалектных слов.','',4,'','',19,'2024-04-23 08:47:57'),(78,'Издана работа М.А. Сахаровой и Н.Н. Селькова «Ижемский диалект коми языка». ','1976','',NULL,'В монографии дается описание фонетической системы и морфологической структуры, особенностей словарного состава ижемского диалекта, прилагаются словарь местных слов и образцы диалектной речи.','',4,'','',19,'2024-04-23 08:51:13'),(79,'Вышла в свет книга М.А. Сахаровой, Н.Н. Селькова, Н.А. Колеговой «Печорский диалект коми языка». ','1976','',NULL,'В монографии описываются фонетическое и морфологическое своеобразие печорского диалекта, особенности словарного состава, приведен список  географических названий и текстов.','',4,'','',19,'2024-04-23 08:55:19'),(80,'Опубликована монография В.А. Сорвачевой «Нижневычегодский диалект коми языка». ','1978','',NULL,'В работе описаны фонетические и морфологические особенности нижневычегодского диалекта коми языка, приведены образцы текстов, словарь диалектных слов и очерк по истории заселения территории диалекта. ','',4,'','',19,'2024-04-23 08:59:42'),(81,'В издательстве «Наука» вышла в свет книга Н.А. Колеговой и Г.Г. Бараксанова «Среднесысольский диалект коми языка». ','1980','',NULL,'Монография содержит подробное описание фонетической системы и морфологической структуры среднесысольского диалекта коми языка, имеющего ряд особенностей, многие из которых сближают его с лузско-летским и верхнесысольским диалектами коми языка и отличают от других диалектов. В работе даются словарь диалектных слов и образцы текстов.','',4,'','',19,'2024-04-23 09:03:21'),(82,'В Сыктывкаре состоялся VI Международный конгресс финно-угроведов – форум научной общественности финно-угроведения. ','1985','',NULL,'В научно-организационной работе ведущую роль сыграл Институт языка, литературы и истории, и в особенности сектор языка под руководством к.филол.н. Г.Г.Бараксанова. ','',6,'','',19,'2024-04-23 09:11:34'),(83,'В издательстве «Наука» вышла в свет коллективная монография «Современный коми язык: Лексикология».','1985','',NULL,'Работа представляет собой обобщающее научное издание по коми лексике. В ней впервые были разработаны общетеоретические вопросы описания коми слова как основной единицы языка, даны характеристики коми слову с точки зрения происхождения, социального функционирования, функционально-стилистической принадлежности, активности и пассивности использования, нормативности. Составители: Г.Г. Бараксанов, З.П. Ануфриева, Т.Н. Габова, Т.И.Прокушева, В.А. Черных, Л.М. Безносикова,.  В.А. Ляшев, И.Н. Костромина, А.Н.Ракин, А.Н.Карманова.\r\n\r\n','',4,'','',19,'2024-04-23 09:22:49'),(84,'21 октября 1999 г. были созданы отдел этнографии (зав. Н.Д. Конаков) и отдел литературы и фольклора (зав. П.Ф. Лимеров).','1999','',NULL,'21 октября 1999 г. были созданы отдел этнографии (зав. Н.Д. Конаков) и отдел литературы и фольклора (зав. П.Ф. Лимеров). Из фольклористов в отделе работают: П.Ф. Лимеров, В.М. Кудряшова, Н.С. Коровина, И.А. Плосков, Ю.А. Крашенинникова, А.Г. Горчаков, А.Н. Рассыхаев ','',2,'','',21,'2024-04-23 11:08:11'),(85,'Издана монография  «Лузско-летский диалект коми языка». Автор: Т.И. Жилина. ','1985','',NULL,'Рассмотрены  фонемный состав и морфология диалекта, включены словарь, отражающий лексический состав лузско-летского диалекта, и тексты, представляющие собой бытовые рассказы и короткие сказки. ','',4,'','',19,'2024-04-23 11:36:57'),(86,'Вышел в свет коми орфографический словарь («Коми орфографическöй словарь»), составители: М.А. Сахарова, Р.И. Коснырева, Н.Н. Сельков.','1985','',NULL,'Словарь представляет значительно дополненное и переработанное издание предыдущих коми орфографических словарей 1959 и 1976 гг., в который включены правила коми орфоэпии и названия населенных пунктов Коми АССР.  ','',4,'','',19,'2024-04-23 11:41:42'),(87,'15–16 марта проходил  III международный симпозиум «Диалекты и история пермских языков во взаимодействии с другими языками». ','1990','',NULL,'История проведения симпозиума  берет начало в 1986 г. Идея организации форума обусловлена необходимостью координации исследований в области пермского языкознания. Тематикой конференций, которые проходят каждые два года в ведущих центрах изучения пермских языков (г. Ижевск, г. Сыктывкар, г. Пермь, г. Кудымкар), являются изучение внутренней структуры коми, коми-пермяцкого и удмуртского языков и их диалектов, история развития отдельных языковых явлений, проблемы функционирования и методики преподавания языков. Впервые организатором конференции выступил отдел языка ИЯЛИ. Симпозиум был посвящен 100-летию со дня рождения чл.-корр. АН СССР Д.В. Бубриха. Следующие симпозиумы «Диалекты и история пермских языков во взаимодействии с другими языками» отделом языка ИЯЛИ были организованы в 1998 г. (Пермистика VII),   2012 г. (Пермистика XIII) и в 2022 г. (Пермистика XIX).','',6,'','',19,'2024-04-23 11:49:27'),(88,'Издана монография «Удорский диалект коми языка». Авторы: Л.М. Безносикова, В.А. Сорвачева. \r\n\r\n ','1990','',NULL,'В монографии представлено описание одного из диалектов северо-западной группы коми-зырянского языка - удорского: рассмотрены  фонемный состав и морфология; включен словарь, отражающий его лексический состав. ','',4,'','',19,'2024-04-23 11:54:13'),(89,'В диссертационном совете Марийского государственного университета (г. Йошкар-Ола) состоялась защита научного доклада А.Н. Ракина, представленного в качестве докторской диссертации.','1997','',NULL,'В работе впервые в финно-угроведении прослеживается эволюция формирования и развития анатомической лексики на всех важнейших этапах истории пермских языков. ','',5,'','',19,'2024-04-23 12:03:27'),(90,'Издана монография  «Вымский диалект коми языка», автор Т.И. Жилина. ','1998','',NULL,'В работе систематизированы и описаны фонетические и грамматические особенности вымского диалекта.  Выходом в свет данной работы завершена более чем полувековая работа по фундаментальному описанию грамматики и лексического состава коми-зырянских диалектов. ','',4,'','',19,'2024-04-23 12:07:36'),(91,'В Москве в издательстве «ДиК» издана первая научная и одновременно популярная энциклопедия коми языка «Коми язык. Энциклопедия». ','1998','',NULL,'В создании энциклопедии участвовал большой коллектив лингвистов. Издание содержит разностороннюю информацию о коми языке, его истории и внутренней структуре литературного языка, а также о его диалектах и наречиях. Ответственный редактор издания – Г. В. Федюнева.\r\n\r\n','',4,'','',19,'2024-04-23 12:22:35'),(92,'Издан «Коми-русский словарь», представляющий собой однотомное нормативное двуязычное переводное издание. ','2000','',NULL,'В словаре широко представлена наиболее употребительная лексика современного коми литературного языка, а также диалектные, некоторые архаичные, изобразительные слова и др. Авторы: Безносикова Л.М., Айбабина Е.А., Коснырева Р.И. Словарь является важным этапом  развития коми лексикографии. Он содержит около 32000 лексических единиц и отражает словарное богатство коми языка, в том числе изменения, произошедшие в лексике со времени издания предыдущего коми-русского словаря (1964).','',4,'','',19,'2024-04-23 12:26:22'),(93,'Издана  грамматика коми языка «Öнiя коми кыв. Морфология».','2000','',NULL,'Коллективная монография стала  крупным вкладом в развитие коми языкознания. Издание является результатом многолетних фундаментальных исследований коми лингвистов в области грамматики. Работа представляет собой первую академическую научную грамматику, написанную на коми языке с использованием оригинальной коми лингвистической терминологии и обобщающую достижения в области изучения морфологии коми языка. Авторы: Лудыкова В.М., Некрасова Г.А., Попова Э.Н., Федюнёва Г.В., Цыпанов Е.А.','',4,'','',19,'2024-04-23 12:31:44'),(94,'Полевой семинар по стратиграфии антропогена и палеолиту Печорского Приуралья','1968.08','',NULL,'В 1968 г. Коми филиалом Академии наук СССР, Комиссией по изучению четвертичного периода АН СССР и Всесоюзным институтом «Гидропроект» был созван региональный Полевой семинар по стратиграфии антропогена и палеолиту Печорского Приуралья. В работе семинара на р. Печоре приняли более 40 представителей из более чем 20 организаций Москвы, Ленинграда, Свердловска, Уфы, Сыктывкара, Ухты, Печоры и Воркуты: археологи, геологи, геоморфологи, палеонтологи и историки. Организатором и руководителем поездки был геолог Борис Исакович Гуслицер, с археологическими объектами участников семинара знакомил археолог Вячеслав Ильич Канивец.','',6,'','',23,'2024-04-23 12:33:17'),(95,'I Международная научная конференция по исторической демографии и исторической географии «Территория и население стран и континентов: история и современность».','2011.05.11','2011.05.14',NULL,'I Международная научная конференция по исторической демографии и исторической географии «Территория и население стран и континентов: история и современность». Проведена в ИЯЛИ Коми НЦ УрО РАН 11-14 мая 2011 г. \r\nОсновные темы конференции: История и современное состояние историко-демографических и историко-географических исследований; Источники для проведения историко-демографических и историко-географических исследований и методика их анализа; Демографические и этнические процессы в древности и средневековье. Участвовало около 150 исследователей из 14 стран. Наибольшее количество докладов заявлено российскими учеными из 29 городов. Зарубежные исследователи из Великобритании, Ирландии, Словакии, ФРГ, Чехии, Швейцарии, Белоруссии, Украины, Казахстана, Туркмении, Таджикистана и Киргизии подали 22 заявки. Среди докладчиков – около 30 докторов и 60 кандидатов наук.\r\nОрганизаторы: Научный совет РАН по исторической демографии и исторической географии, Институт российской истории РАН, Институт языка, литературы и истории Коми НЦ УрО РАН, Институт истории СО РАН, Институт истории и археологии УрО РАН, Институт социально-экономических и энергетических проблем Севера Коми НЦ УрО РАН, Министерство национальной политики Республики Коми\r\n','',6,'','',25,'2024-04-23 12:41:40'),(96,'Научная монография. Игнатова Н.М., Вишнякова Д.В., Обедков А.П., Силин В.И. ЧИСЛЕННОСТЬ И ВОСПРОИЗВОДСТВО НАСЕЛЕНИЯ РЕСПУБЛИКИ КОМИ В ХIХ-ХХ в. ... Сыктывкар, 2022. 276 с.','2022.7.1','',NULL,'Игнатова Н.М., Вишнякова Д.В., Обедков А.П., Силин В.И. ЧИСЛЕННОСТЬ И ВОСПРОИЗВОДСТВО НАСЕЛЕНИЯ РЕСПУБЛИКИ КОМИ В ХIХ-ХХ ВВ.: ИСТОРИКО-ДЕМОГРАФИЧЕСКИЕ И ИСТОРИКО-ГЕОГРАФИЧЕСКИЕ ИССЛЕДОВАНИЯ РОССИЙСКОГО СЕВЕРА. Вып. 1. – Сыктывкар, 2022 - 276 с. (Институт языка, литературы и истории ФИЦ «Коми научный центр» УрО РАН) – Научная монография.\r\nКоллективная научная монография является первым выпуском в серии монографических трудов сектора историко-демографических и историко-географических исследований Российского Севера ИЯЛИ ФИЦ Коми НЦ УрО РАН и посвящена исследованию проблем динамики и воспроизводства населения Республики Коми на протяжении второй половины ХIХ в. – конца ХХ в.  Представлен анализ исторических источников и научной исследованности темы, рассмотрены динамика и половозрастная структура народонаселения, особое внимание уделено вопросам рождаемости и смертности населения. В монографии исследуется постоянное население, к которому в середине ХХ в. относились в том числе спецпереселенцы, они наряду с местным населением учитывались в переписях.','',4,'','',25,'2024-04-23 12:49:14'),(97,'В Марийском государственном университете (г. Йошкар-Ола) состоялась защита докторской диссертации Цыпанова Е.А. на тему «Грамматические категории глагола в коми языке». ','2003','',NULL,'В диссертации исследованы грамматические (собственно морфологические) глагольные категории наклонения, лица-числа, времени, залога и степеней действия коми языка с точки зрения происхождения формальных средств их выражения, системных оснований их организации, грамматической семантики и особенностей дистрибуции глаголов.','',5,'','',19,'2024-04-23 13:39:37'),(98,'Издан новый «Русско-коми словарь». Авторы: Безносикова Л.М., Забоева Н.К., Коснырева Р.И.','2003','',NULL,'На настоящий момент это  самый крупный словарь коми литературного языка.  Словарь содержит более 52000 заглавных слов, относящихся к наиболее употребительной лексике современного русского литературного языка. ','',4,'','',19,'2024-04-23 13:46:31'),(99,'Создаётся отдел языка, литературы и фольклора, заведующим которого назначен  д.филол.н. Е.А. Цыпанов. ','2007','',NULL,'Сектор языка под руководством Е.А. Цыпанова становится  структурным подразделением отдела языка, литературы и фольклора.','',2,'','',19,'2024-04-23 13:53:03'),(100,'В Мордовском государственном университете (г. Саранск) состоялась защита докторской диссертации Федюневой Г. В. «Первичные местоимения и их производные в пермских языках». ','2009','',NULL,'Диссертация посвящена сравнительно-историческому изучению системы пермских местоимений, сформировавшихся в коми и удмуртском языках после распада финно-пермского языка-основы. ','',5,'','',19,'2024-04-23 13:55:36'),(101,'Издан первый том нового двухтомного словаря диалектов коми языка «Коми сёрнисикас кывчукӧр. Словарь диалектов коми языка». Составител : Л.М. Безносикова, Е.А. Айбабина, Н.К. Забоева, Р.И.Коснырева.','2012','',NULL,'В словаре даны локальные лексические единицы всех десяти диалектов коми языка,  зафиксированные в используемых источниках , в одну словарную статью сведены  значения слова, зафиксированные в различных говорах. Содержит более 78000 слов.','',4,'','',19,'2024-04-23 14:04:18'),(102,'Издан второй том нового двухтомного словаря диалектов коми языка «Коми сёрнисикас кывчукӧр. Словарь диалектов коми языка». Составители : Л.М. Безносикова, Е.А. Айбабина, Н.К. Забоева, Р.И. Коснырева.','2014','',NULL,'В словаре даны все зафиксированные в используемых источниках локальные лексические единицы всех десяти диалектов коми языка, а также сведены в одну словарную статью значения слова, зафиксированные в различных говорах. Содержит более 78000 слов.','',4,'','',19,'2024-04-23 14:07:47'),(103,'Издана  книга  «Секреты коми языка в рассказах»  – первое научно-популярное издание о языке коми народа на русском языке. Авторы – Некрасова О.И., Пунегова Г.В., Цыпанов Е.А.','2020','',NULL,'Книга содержит ряд рассказов об особенностях коми языка в области произношения звуков, построения слов и предложений, а также о характерных чертах в грамматике, синтаксисе и словарном составе. Издание призвано пробудить интерес к освоению языка коренного населения Республики Коми','',4,'','',19,'2024-04-23 14:12:53'),(104,'В Удмуртском государственном университете (г. Ижевск) состоялась защита докторской диссертации Г.А. Некрасовой  на тему «Категория падежа имени существительного в пермских языках». ','2021','',NULL,'Впервые в пермском языкознании представлено целостное описание падежной системы группы близкородственных языков с максимальным привлечением эмпирического материала. В рамках исследования системно описана падежная система коми-зырянского и коми-пермяцкого языков.','',5,'','',19,'2024-04-23 14:17:03'),(105,'Создан отдел языка, литературы и фольклора (зав. Е.А. Цыпанов), включающий три сектора – языка (зав. Е.А. Цыпанов), литературоведения (зав. Т.Г. Кузнецова), сектор фольклора (зав. Ю.А. Крашенинникова)','2007','',NULL,'Создан отдел языка, литературы и фольклора (зав. Е.А. Цыпанов), включающий три сектора – языка (зав. Е.А. Цыпанов), литературоведения (зав. Т.Г. Кузнецова), сектор фольклора (зав. Ю.А. Крашенинникова) и фольклорный фонд. Из фольклористов работают: Ю.А. Крашенинникова, П.Ф, Лимеров, В.М. Кудряшова, Н.С. Коровина, А.Н. Рассыхаев, И.А. Плосков, Л.С. Лобанова, А.В. Панюков, Г.С. Савельева','',2,'','',20,'2024-04-23 17:26:22'),(106,'Опубликован тематический выпуск журнала “FOLKLORE” (Estonia). 2019. Vol. 76, в котором опубликованы научные статьи сотрудников сектора фольклора ИЯЛИ.','2019','',NULL,'В рамках работы по плановой теме «Локальные фольклорные традиции Европейского Северо-Востока России: механизмы развития и адаптации, системы жанров, этнокультурное фольклорное взаимодействие» и Договора о Сотрудничестве между сектором фольклора ИЯЛИ и Литературным музеем г. Тарту (Эстония) опубликован тематический выпуск журнала “FOLKLORE” (Folklore (Estonia). 2019. Vol. 76) (индексируется в WoS, Scopus). ','',4,'','',20,'2024-04-24 05:46:42'),(107,'Издана книга: Детский фольклор коми: игры / Автор-составитель А.Н. Рассыхаев. Сыктывкар, 2023. 524 с. ','2023','',NULL,'В сборнике в хронологическом отношении представлены фольклорные тексты сер. XIX в. – нач. XXI в., записанные на территориях проживания народа коми (Республика Коми, Ненецкий автономный округ, Ямало-Ненецкий автономный округ, Ханты-Мансийский автономный округ, Мурманская обл.). Источниковедческой базой служат архивные, опубликованные материалы, в том числе экспедиционные записи автора. Представлены по преимуществу народные игры по правилам и связанные с ними фольклорные тексты – детские игровые песни, игровые приговорки, игровые припевки, жеребьевые сговорки, слова-сигналы, дразнения, игровые диалоги, исключая считалки. Локальная вариативность и многообразие игровой терминологии подчеркивает богатство игровой культуры коми.','',4,'','',20,'2024-04-24 05:49:24'),(108,'Издана книга: Русские свадебные приговоры в архивных коллекциях XIX — первой трети XX в. / Составление, вступ. статья, подготовка текстов, комментарии Ю.А. Крашенинниковой. М.: Индрик, 2021. 712 с., илл. ','2021','',NULL,'В книге представлены тексты приговоров свадебных чинов и персонажей — оригинального поэтического жанра традиционного русского свадебного обряда. Тексты датированы XIX — первой третью XX в., записаны на территории Вологодской, Костромской, Новгородской, Вятской, Пермской, Архангельской, Нижегородской, Ярославской и др. губернии России. Издание включает материалы, хранящиеся в архивных собраниях 17 архивов Москвы, Санкт-Петербурга, Костромы, Нижнего Новгорода, Кирова, Вологды, Сыктывкара, Архангельска, Перми. Большая часть текстов вводится в научный оборот впервые. Выполнены описание и систематизация текстов свадебных приговоров, зафиксированных в разных локальных фольклорных традициях России. Научный аппарат издания включает обзорные статьи жанровых разновидностей, комментарии, указатели. Изданная книга – первый в отечественной фольклористике опыт презентации свадебных приговоров в таком объеме и такой географии.\r\nИздание осуществлено при финансовой поддержке Российского фонда фундаментальных исследований (проект (№ 21-112-00074д).\r\n','',4,'','',20,'2024-04-24 06:05:11'),(110,'В декабре 2001 г. отдел литературы и фольклора разделен на отдел литературоведения (зав. В.А. Лимерова) и отдел фольклора (зав. П.Ф. Лимеров). ','2001','',NULL,'В декабре 2001 г. отдел литературы и фольклора разделен на отдел литературоведения (зав. В.А. Лимерова) и отдел фольклора (зав. П.Ф. Лимеров). Из фольклористов работают: П.Ф. Лимеров, В.М. Кудряшова, Н.С. Коровина, А.Г. Горчаков, И.А. Плосков, Ю.А, Крашенинникова, А.Н. Рассыхаев, А.В. Панюков, Г.А. Савельева ','',2,'','',21,'2024-04-24 06:21:13'),(111,'В Институте мировой литературы РАН П. Ф. Лимеров защитил докторскую диссертацию «Нарративы христианизации в формировании коми литературной традиции в контексте русской словесности (XIV – нач. XX вв.)»','2022','',NULL,'В диссертации впервые предложена сложная проблема эволюции и наследования сюжета христианизации коми от древнерусских литературных памятников к коми фольклорным нарративам и, далее, к собственно художественным произведениям коми литературы нового времени.','',5,'','',20,'2024-04-24 06:26:44'),(112,'Всероссийские конференции по исторической демографии','2005.09.28','2007.08.30',NULL,'I Всероссийская конференция по исторической демографии «Этнодемографические процессы на Севере Евразии (XI–ХХ вв.)» прошла в Сыктывкаре 28–30 сентября 2005 г. Участие в конференции приняли историки, экономисты, археологи, этнографы, языковеды, фольклористы и др. На конференцию поступило более 100 заявок из различных регионов. В Сыктывкаре собрались ученые из Владивостока, Санкт-Петербурга, Краснодара, Архангельска, Москвы, Екатеринбурга, Омска и других городов России, из Казахстана. К открытию конференции были изданы монография И.Л. Жеребцова и Е.Н. Рожкина «Этнодемографические процессы в Коми крае (XI – начало ХХ века)», статистический сборник «Этнодемографические процессы на Севере Евразии» с материалами Всероссийской переписи 2002 г., три сборника научных трудов, отдельными брошюрами изданы семь пленарных докладов. Работа конференции проходила по двум секциям: «Историко-демографическое развитие в XI – начале ХХ в. и методология его изучения» и «Этнодемографические процессы в ХХ в. и современная демографическая ситуация». \r\n28–30 августа 2007 г. в Сыктывкаре прошла II Всероссийская научная конференция по исторической демографии «Этнодемографические процессы в странах и регионах Евразии: исторический опыт, современное состояние, перспективы развития». По итогам которой было принято решение о проведении регулярных симпозиумов. Международные симпозиумы по исторической демографии начали проводится с 2006 г.\r\n','',6,'','',25,'2024-04-24 07:00:14'),(113,'Издана \"Археологическая карта Коми АССР\"','1984','',NULL,'Первый опыт по составлению археологической карты Коми был предпринят в начале 1980-х гг., когда была издана «Археологическая карта Коми АССР».  В ней было учтено 537 объектов археологии, открытых и исследованных с середины XIX в. до 1975 г.\r\nАрхеологическая карта Коми АССР / В. С. Стоколос, К. С. Королев; Отв. ред. Л. Н. Жеребцов.  Москва : Наука, 1984. 126 с. ','',4,'','',23,'2024-04-24 07:05:53'),(114,'Международный симпозиум по исторической демографии','2006.06.16','',NULL,'15–16 июня 2006 г. в Сыктывкаре прошел 1-й Всероссийский симпозиум по исторической демографии (с международным участием). Симпозиум проводится регулярно в статусе международного форума.\r\nВ 2024 г. ХII Международный симпозиум по исторической демографии состоится 3-5 июля.\r\nОсновные темы, обсуждаемые на симпозиуме: типы источников по историко-демографическим процессам, методы их анализа, доступность и достоверность источников, возможности их публикации, современное состояние историко-демографических исследований, перспективы их развития и практическая значимость, демографические процессы и факторы влияния на них в России и в других странах в различные исторические периоды и на современном этапе, а также актуальные вопросы  историко-географических исследований и  этнодемографических исследований.\r\nДоклады участников публикуются в журнале \"Историческая демография\".\r\n','',6,'','',25,'2024-04-24 07:10:11'),(115,'Издана монография А.В. Панюкова \"Динамика развития коми фольклорных традиций в контексте теории самоорганизации\". Сыктывкар, 2009. 224 с.','2009','',NULL,'В монографии исследуются динамические процессы развития локальных фольклорных традиций. Исходя из основных принципов теории самоорганизации, анализируются механизмы трансформации и трансляции фольклорных текстов в условиях тесных межэтнических контактов, и, прежде всего, русско-коми культурных взаимодействий. Междисциплинарный подход позволяет под новым углом зрения рассмотреть такие узловые проблемы фольклористической теории, как вариативность, жанровая система, ее эволюция, поэтика фольклорного текста.','',4,'','',20,'2024-04-24 07:12:33'),(116,'Издана книга: Свадебные приговоры Вилегодского района Архангельской области в рукописной и устной традиции XX в. (исследование и тексты) / Сост., вступ. ст. и комм. Ю.А. Крашенинниковой. Сыкт., 2009','2009','',NULL,'В работе обсуждается проблемы фиксации и исполнения текстов свадебного обряда в необрядовой ситуации, описания механизмов «рождения» фольклорного произведения в разных речевых ситуациях, исполнительских стратегий при декламировании говорных обрядовых жанров по просьбе собирателя, т. е. «вне обряда», а также соотношения коллективного и индивидуального, традиционного и импровизационного в обрядовых фольклорных текстах, усвоенных и исполненных в различных ситуациях. Свадебные приговоры Вилегодского района Архангельской области впервые становятся предметом специального изучения, в работе предлагаются новые подходы к выявлению специфики жанра вилегодской локальной традиции. ','',4,'','',21,'2024-04-24 07:59:30'),(117,'«Куратовские чтения»','1973','1990',NULL,'В 1973 г. опубликован первый том «Куратовские чтения», посвященный изучению жизни и творчества коми поэта И. Куратова (1839-1875). В последующие годы было издано пять томов «Куратовских чтений» (Т. 2 - 1976; Т. 3 -1979; Т. 4 - 1986; Т. 5 - 1989; Т. 6. - 1990).  ','',4,'','',16,'2024-04-24 08:02:03'),(118,'Издан третий том «Истории коми литературы».','1981','',NULL,'Третий том «Истории коми литературы» охватывает тридцатипятилетний путь, пройденный коми советской литературой с 1945 г. до 1980 г. включительно. Том состоит из обзорных монографических глав о литературном процессе Коми АССР, а также творческих портретов отдельных, наиболее значительных коми советских писателей того времени (В. Юхнин, Г. Федоров, Я. Рочев, И. Изъюров, С. Попов, И. Вавилин, Ф. Щербаков, Н. Дьяконов, В. Леканов, А. Лыюров, В. Ширяев, И. Торопов, П. Шахов, Г. Юшков, А. Ванеев, Вл. Попов). ','',4,'','',16,'2024-04-24 08:17:04'),(119,' \"Историческая демография\" научный журнал','2008','.2024',NULL,'Научный журнал «Историческая демография» публиковался с периодичностью два номера в год  на базе ИЯЛИ Коми НЦ УрО РАН с 2008 по 2022 гг. \r\nhttps://illhkomisc.ru/library/nauchnye-zhurnaly/istoricheskaya-demografiya\r\nС 2023 г. \"Историческая демография\" выпускается \r\nкак научный журнал списка ВАК  \"Известия Коми научного центра\" - Серия \"Историческая демография\".\r\nhttps://izvestia.komisc.ru/index.php/ru/2023-god/izvestiya-8-66-2023 \r\nНаучный журнал \"Историческая демография\" посвящен актуальным проблемам изучения истории демографического развития, различных народов, стран и регионов, а также современной демографической ситуации. Тематические направления – демографическое развитие стран, регионов в исторической ретроспективе; современные этнодемографические процессы; историография, источниковедение, методология изучения демографии; историко-географические исследования. Журнал рассчитан на российских и зарубежных историков, этнографов, демографов и археологов, географов.\r\n\r\n\r\n\r\n\r\n','',2,'','',25,'2024-04-24 08:45:26'),(121,'Издана книга: Сказки народа коми. Коми мойдъяс / Сост., вступ. ст., коммен. и указ. Н.С. Коровиной; Отв. ред. П.Ф. Лимеров; Переводы П.Ф. Лимерова, А.В. Панюкова, О.И. Уляшева. Сыктывкар, 2009. 496 с.','2009','',NULL,'В сборнике публикуются тексты, представляющие сказочную традицию Удоры и Выми с обязательным сохранением подлинной народной речи, ее диалектных особенностей и переводом на русский язык. Вступительная статья раскрывает жанровое своеобразие, особенности бытования, историю собирания и изучения волшебных сказок.','',4,'','',21,'2024-04-24 10:22:55'),(122,'Издана книга: Фольклор коми и ненцев Ненецкого автономного округа (в записях Фольклорного фонда ИЯЛИ Коми НЦ УрО РАН 1968-1973 гг.) / Сост. А.В. Панюков. Сыктывкар, 2009. 500 с. (с аудиоприложением)','2009','',NULL,'В издании представлены фольклорные памятники коми и ненцев, записанные в Ненецком автономном округе и хранящиеся в фольклорном фонде ИЯЛИ. В сборник вошли 56 фольклорных произведений, из них восемь – на ненецком языке. Все оригинальные тексты сопровождаются параллельным переводом на русский язык, публикация текстов дополнена небольшим нотным приложением. Наиболее специфические поэтические образы, этнобытовые реалии и сложнопереводимые места поясняются в комментариях к текстам или в сопровождающем публикацию словаре. Сборник сопровождается звуковым приложением на компакт-диске, в котором представлены 25 произведений.','',4,'','',21,'2024-04-24 10:27:16'),(123,'Монография: Золотова Т.А., Крашенинникова Ю.А., Поздеев В.А. Семантические и поэтические уровни значений реалий и номинаций в народном сознании (на вятском этно-фольклорном материале). Киров, 2017.','2017','',NULL,'Опубликована коллективная монография: Золотова Т.А., Крашенинникова Ю.А., Поздеев В.А. Семантические и поэтические уровни значений реалий и номинаций в народном сознании (на вятском этно-фольклорном материале). Киров, 2017. 146 с. Настоящая работа является промежуточным итогом анализа регионального комплекса реалий и номинаций в обрядах и фольклоре Вятского края. В монографии рассматриваются процессы трансформации реалии и номинаций в текстах календарной, свадебной, похоронно-поминальной обрядности, а также сказках XX в. ','',4,'','',21,'2024-04-24 10:37:46'),(124,'Издан второй том «Истории коми литературы»\r\n','1980','',NULL,'Во втором томе «Истории коми литературы» прослеживается национальный литературный процесс с момента его зарождения до окончания Великой Отечественной войны. В первой части исследуются пути развития коми литературы дооктябрьского периода, во второй – коми советской литературы 1917-1945 гг. Персональные творческие портреты в книге посвящены основоположнику коми литературы И. Куратову; зачинателям коми советской литературы В. Савину, М. Лебедеву, В. Чисталеву, Н. Попову, В. Лыткину, которым в основном именно в 1920-е гг. удалось создать свои лучшие произведения; коми поэтам, погибшим в годы Великой Отечественной войны (А. Размыслов, В. Елькин, В. Латкин).  ','',4,'','',16,'2024-04-24 10:53:31'),(125,'Вышло обобщающее монографическое исследование \"Археология Республики Коми\"','1997','',NULL,'В 1997 году вышла обобщающее исследование \"Археология Республики Коми\". Работа  представляет собой первое в отечественной историографии обобщающее монографическое исследование, в котором подводятся итоги археологического изучения Европейского Северо-Востока с середины XIХ в. по настоящее время (1997 г.) В книге обобщены и научно систематизированы источники по археологическому наследию народа коми и связанных с ним историческими судьбами древних этносов, проживавших в древности на территории Европейского Северо-Востока - от бассейна Вычегды и верховий Печоры на юге, бассейна Мезени на западе до побережья Баренцева моря на севере.В основу положены материалы сотен археологических памятников, полученных в результате раскопочных работ на территории в течении более 100 лет. Авторы:  Л.И. Ашихмина, И.О. Васкул, А.В. Волокитин, Т.В. Истомина, М.В. Кленов, К.С. Королев, Л.Л. Косинская, А.М. Мурыгин, П.Ю. Павлов, Э.А. Савельева, В.С. Стоколос.\r\n','',4,'','',23,'2024-04-24 11:36:42'),(126,'Первый заведующий научной библиотеки','1944.09.01','',NULL,'Заведующей научной библиотекой Базы АН СССР в Коми АССР 1 сентября 1944 г. была назначена Елизавета Васильевна Михеева.','НА ФИЦ Коми НЦ УрО РАН Ф.1. Оп.18. Д.12. Л.40.',2,'','',26,'2024-04-24 13:20:09'),(127,'Фонд научной библиотеки','1944','',NULL,'Основу фондов академический библиотеки составили книжные фонды Северной и Кольской Баз АН СССР (16800 экз.), библиотека реорганизованного Коми научно-исследовательского института истории, языка и литературы (4000 экз.), а также полученное в дар собрание ботаника И.А. Перфильева (727 экз.). Фонд четырёх отделов академической библиотеки к 1944 г. составил: книги – 13471 экз., справочный отдел – 720 экз., отдел отечественной периодики – 7931 экз., отдел иностранной периодики – 3128 экз.; отдел иностранных монографий – 155 экз. Общий фонд составлял 25405 экз.\r\nПервая запись в инвентарной книге №1 научной библиотеки Базы Академии наук СССР в Коми АССР была сделана 27 сентября 1944 г.','НА ФИЦ Коми НЦ УрО РАН. Ф.1. Оп.17. Д.15. Л.11.',4,'','',26,'2024-04-24 13:30:03'),(128,'Создан сектор изучения культурной адаптации населения циркумполярной зоны Европейского Северо-Востока','2015.06.15','',NULL,'В составе отдела археологии создан сектор изучения культурной адаптации населения циркумполярной зоны Европейского Северо-Востока','',2,'','',23,'2024-04-24 13:33:07'),(129,'Издана монография Г.М. Бурова \"Древний Синдор\"','1967','',NULL,'В 1967г. в издательстве  \"Наука\" вышла монография археолога Григория Михайловича Бурова \"Древний Синдор (из истории племен Европейского Северо-Востока в VII тысячелетии до н.э. – I тысячелетии н.э.)\". В работе использованы первые результаты археологичесих исследований районе Синдорского озера. Монография представляет собой публикацию и обобщение большого вещественного материала, полученного при ежегодных раскопках и разведках Вычегодского (Синдорского) археологического отряда Коми филиала АН СССР в 1959-1964 гг. В районе Синдорского озера человек обитал с мезолитического времени до начала среднего железного века. В монографии рассматриваются вопросы хронологии археологических памятников, проблемы быта и хозяйства племен Европейского Северо-Востока, а также искусство, верования и погребальный обряд','',4,'','',23,'2024-04-24 14:02:53');
/*!40000 ALTER TABLE `event` ENABLE KEYS */;
UNLOCK TABLES;

--
-- Table structure for table `file`
--

DROP TABLE IF EXISTS `file`;
/*!40101 SET @saved_cs_client     = @@character_set_client */;
/*!50503 SET character_set_client = utf8mb4 */;
CREATE TABLE `file` (
  `id` int(11) NOT NULL AUTO_INCREMENT,
  `date` datetime DEFAULT NULL,
  `name` text NOT NULL,
  `disc` varchar(500) NOT NULL COMMENT 'описание (500 символов?)',
  `doc` text COMMENT 'Ссылки на архивный докумен',
  `pathServ` text NOT NULL,
  `pathWeb` text,
  `type` int(11) NOT NULL COMMENT 'тип(? возможно тип фото, документ и проч.)',
  `create_date` timestamp NOT NULL DEFAULT CURRENT_TIMESTAMP,
  `create_user` int(11) NOT NULL,
  PRIMARY KEY (`id`)
) ENGINE=InnoDB AUTO_INCREMENT=245 DEFAULT CHARSET=utf8mb4;
/*!40101 SET character_set_client = @saved_cs_client */;

--
-- Dumping data for table `file`
--

LOCK TABLES `file` WRITE;
/*!40000 ALTER TABLE `file` DISABLE KEYS */;
INSERT INTO `file` (`id`, `date`, `name`, `disc`, `doc`, `pathServ`, `pathWeb`, `type`, `create_date`, `create_user`) VALUES (8,'1922-02-23 00:00:00','sorvasheva.jpg','кандидат филологических наук, специалист в области диалектологии и лексикографии коми языка','','/var/www/html/vm/img/sorvasheva-211.jpg','/vm/img/sorvasheva-211.jpg',0,'2024-03-29 08:53:02',2),(9,'1922-02-23 00:00:00','zhilina.jpg','кандидат филологических наук, специалист в области диалектологии и лексикографии коми языка','','/var/www/html/vm/img/zhilina-342.jpg','/vm/img/zhilina-342.jpg',0,'2024-03-29 09:06:40',2),(10,'1928-03-04 00:00:00','qulyaev.jpg','кандидат филологических наук, старший научный сотрудник','','/var/www/html/vm/img/gulyaev-300.jpg','/vm/img/gulyaev-300.jpg',0,'2024-03-29 09:38:06',2),(11,'1911-08-15 00:00:00','selkov.jpg','Сельков Николай Никитич (1911–1992), специалист в области лексикографии, синтаксиса, диалектологии коми языка.','','/var/www/html/vm/img/selkov-432.jpg','/vm/img/selkov-432.jpg',0,'2024-03-29 09:49:41',2),(12,'1934-09-30 00:00:00','loskutova.jpg','Лоскутова Нина Ильинична (1934–2023), специалист в области диалектологии и лексикографии коми языка.','','/var/www/html/vm/img/loskutova-751.jpg','/vm/img/loskutova-751.jpg',0,'2024-03-29 09:58:15',2),(13,'1933-07-29 00:00:00','pavlova.jpg','Павлова Эльба Кирилловна (1933–2013), старший лаборант сектора языка.','','/var/www/html/vm/img/pavlova-875.jpg','/vm/img/pavlova-875.jpg',0,'2024-03-29 10:23:25',2),(14,'1944-03-27 00:00:00','Костромина И.Н.','','','/var/www/html/vm/img/kostromina-443.jpg','/vm/img/kostromina-443.jpg',0,'2024-04-01 08:54:15',2),(15,'1994-03-08 00:00:00','Бараксанов Г.Г.','','','/var/www/html/vm/img/baraksanov-162.jpg','/vm/img/baraksanov-162.jpg',0,'2024-04-02 06:59:26',2),(19,'1980-04-25 00:00:00','Лыткин Василий Ильич','','','/var/www/html/vm/img/lytkin-719.jpg','/vm/img/lytkin-719.jpg',0,'2024-04-03 13:46:57',2),(20,'1980-08-13 00:00:00','Туркин Адольф Иванович','','','/var/www/html/vm/img/Turkin-602.jpg','/vm/img/Turkin-602.jpg',0,'2024-04-03 13:54:43',2),(21,'0000-00-00 00:00:00','Манова Надежда Дмитриевна','','','/var/www/html/vm/img/manova-689.jpg','/vm/img/manova-689.jpg',0,'2024-04-03 14:33:08',2),(23,'1981-01-01 00:00:00','Итконен Эркки','','','/var/www/html/vm/img/Erkki_itkonen_1981-776.jpg','/vm/img/Erkki_itkonen_1981-776.jpg',0,'2024-04-04 08:05:06',2),(24,'2000-03-27 00:00:00','Буров Григорий Михойлович','','','/var/www/html/vm/img/БуровГ-912.jpg','/vm/img/БуровГ-912.jpg',0,'2024-04-04 08:18:13',2),(25,'1984-03-27 00:00:00','Колегова Нина Андреевна','','','/var/www/html/vm/img/Kolegova-272.jpg','/vm/img/Kolegova-272.jpg',0,'2024-04-05 07:11:37',2),(26,'2010-04-27 00:00:00','Безносикова Люция Михайловна','','','/var/www/html/vm/img/Beznosikova-447.jpg','/vm/img/Beznosikova-447.jpg',0,'2024-04-05 07:30:10',2),(27,'1991-04-02 00:00:00','Ляшев Владимир Александрович','','','/var/www/html/vm/img/Lyashev-564.jpg','/vm/img/Lyashev-564.jpg',0,'2024-04-05 07:39:30',2),(28,'2004-04-13 00:00:00','Ракин Анатолий Николаевич','','','/var/www/html/vm/img/Rakin-794.jpg','/vm/img/Rakin-794.jpg',0,'2024-04-05 07:51:06',2),(29,'2000-03-27 00:00:00','Безносикова Люция Михайловна','','','/var/www/html/vm/img/Безносикова1-298.jpg','/vm/img/Безносикова1-298.jpg',0,'2024-04-05 07:54:34',2),(30,'2001-03-05 00:00:00','Безносикова Люция Михайловна','','','/var/www/html/vm/img/Безносикова2-654.jpg','/vm/img/Безносикова2-654.jpg',0,'2024-04-05 07:55:41',2),(31,'1985-07-24 00:00:00','Шестой Международный конгресс финно-угороведов','Участники конгресса А.Н. Ракин и Джон Гордон Коутс','','/var/www/html/vm/img/24-651.jpg','/vm/img/24-651.jpg',0,'2024-04-08 06:34:34',2),(32,'1965-06-25 00:00:00','Регистрация участников конференции по финно-угроведению','Павлова Э.К., Лоскутова Н.И., Муравьева Г.А. на регистрация участников конференции по финно-угроведению, июнь 1965 г.',' ','/var/www/html/vm/img/9-660.jpg','/vm/img/9-660.jpg',0,'2024-04-08 08:09:12',2),(33,'1970-04-15 00:00:00','Проводы Колеговой Н.А. на заслуженный отдых, 1970 г.','В 1970 г. вышли на пенсию старейшие коми языковеды М.А. Сахарова и Н.А. Колегова,  работавшие в отделе языка и литературы Коми филиала АН СССР, на базе которого и были созданы отделы языка и литературы и фольклора Института ЯЛИ.','','/var/www/html/vm/img/5-142.jpg','/vm/img/5-142.jpg',0,'2024-04-08 08:19:04',2),(37,'2019-05-29 00:00:00','Кучин А.В.','Академик Кучин Александр Васильевич','','/var/www/html/vm/img/Kuchin-AV-105.jpg','/vm/img/Kuchin-AV-105.jpg',0,'2024-04-19 05:57:46',8),(39,'1990-01-01 00:00:00','Демин Владимир Николаевич','Владимир Николаевич Демин \r\nдоктор филологических наук','','/var/www/html/vm/img/Демин-423.jpg','/vm/img/Демин-423.jpg',0,'2024-04-19 06:54:53',16),(41,'1960-01-01 00:00:00','Федорова Анна Николаевна ','Анна Николаевна Федорова\r\nкандидат филологических наук','','/var/www/html/vm/img/Федорова-125.jpg','/vm/img/Федорова-125.jpg',0,'2024-04-19 07:01:58',16),(42,'1960-01-01 00:00:00','Вежев Александр Александрович','Александр Александрович Вежев','','/var/www/html/vm/img/Вежев-216.jpg','/vm/img/Вежев-216.jpg',0,'2024-04-19 07:05:00',16),(43,'1970-01-01 00:00:00','Ванеев Альберт Егорович','Альберт Егорович Ванеев\r\nкандидат филологических наук','','/var/www/html/vm/img/Ванеев-16.jpg','/vm/img/Ванеев-16.jpg',0,'2024-04-19 07:14:06',16),(44,'1970-01-01 00:00:00','Мартынов Валерий Иванович','Валерий Иванович Мартынов\r\nкандидат филологических наук','','/var/www/html/vm/img/Мартынов-513.jpg','/vm/img/Мартынов-513.jpg',0,'2024-04-19 07:20:30',16),(45,'1960-01-01 00:00:00','Латышева Вера Алексеевна ','Вера Алексеевна Латышева\r\nдоктор филологических наук','','/var/www/html/vm/img/Латышева-982.jpg','/vm/img/Латышева-982.jpg',0,'2024-04-19 07:30:25',16),(47,'1970-01-01 00:00:00','Пахорукова Вера Васильевна ','Вера Васильевна Пахорукова \r\nдоктор филологических наук','','/var/www/html/vm/img/Пахорукова-459.jpg','/vm/img/Пахорукова-459.jpg',0,'2024-04-19 08:20:13',16),(48,'1970-01-01 00:00:00','Ванеева Ирина Михайловна ','Ирина Михайловна Ванеева\r\nкандидат филологических наук ','','/var/www/html/vm/img/Ванеева-709.jpg','/vm/img/Ванеева-709.jpg',0,'2024-04-19 08:32:29',16),(50,'2018-04-02 00:00:00','Шабаев Ю.П.','Шабаев Юрий Петрович','','/var/www/html/vm/img/Shabaev-623.JPG','/vm/img/Shabaev-623.JPG',0,'2024-04-19 08:40:57',22),(52,'1980-01-01 00:00:00','Куклина Раиса Ильинична ','Раиса Ильинична Куклина ','','/var/www/html/vm/img/Куклина-295.jpg','/vm/img/Куклина-295.jpg',0,'2024-04-19 08:52:11',16),(55,'1987-06-18 00:00:00','Конаков Н.Д.','Конаков Николай Дмитриевич','','/var/www/html/vm/img/Konakov-512.jpg','/vm/img/Konakov-512.jpg',0,'2024-04-19 09:21:57',22),(56,'1971-06-10 00:00:00','Жеребцов Л.Н.','Жеребцов Любомир Николаевич','','/var/www/html/vm/img/Жеребцов-801.jpg','/vm/img/Жеребцов-801.jpg',0,'2024-04-19 09:23:43',22),(58,'2015-06-18 00:00:00','Ильина И.В.','Ильина Ирина Васильевна','','/var/www/html/vm/img/Ilina-212.jpg','/vm/img/Ilina-212.jpg',0,'2024-04-19 10:01:27',22),(59,'2018-04-01 00:00:00','Ракин Николай Анатольевич','Ракин Николай Анатольевич, специалист в области теории перевода на коми язык. ','','/var/www/html/vm/img/rakin_N-376.jpg','/vm/img/rakin_N-376.jpg',0,'2024-04-22 06:21:26',19),(60,'2010-01-01 00:00:00','Лисовская Галина Константиновна ','Галина Константиновна Лисовская','','/var/www/html/vm/img/Лисовская-368.jpg','/vm/img/Лисовская-368.jpg',0,'2024-04-22 06:28:22',16),(61,'2024-04-01 00:00:00','Айбабина Евгения Авенировна','Айбабина Евгения Авенировна, специалист в области коми лексикологии и лексикографии, социолингвистики. ','','/var/www/html/vm/img/ajbabina-938.jpg','/vm/img/ajbabina-938.jpg',0,'2024-04-22 06:31:04',19),(62,'1974-04-01 00:00:00','Ануфриева Зоя Петровна','Ануфриева Зоя Петровна, специалист в области коми ономастики, топонимии и микротопонимии. ','','/var/www/html/vm/img/anufrieva-830.jpg','/vm/img/anufrieva-830.jpg',0,'2024-04-22 06:35:44',19),(63,NULL,'Баженова Ольга Николаевна','Баженова Ольга Николаевна, специалист в области стилистики коми языка.','','/var/www/html/vm/img/bazhenova-92.jpg','/vm/img/bazhenova-92.jpg',0,'2024-04-22 06:40:03',19),(64,NULL,'Черных Вера Александровна','Черных Вера Александровна, специалист в области словообразования глагола коми языка. ','','/var/www/html/vm/img/chernyh-406.jpg','/vm/img/chernyh-406.jpg',0,'2024-04-22 06:43:00',19),(65,NULL,'Цыпанов Евгений Александрович','Цыпанов Евгений Александрович, специалист в области морфологии коми глагола, лексикологии, неологии, социолингвистики и стилистики коми языка.','','/var/www/html/vm/img/Cypanov-104.jpg','/vm/img/Cypanov-104.jpg',0,'2024-04-22 06:45:31',19),(66,'2018-01-01 00:00:00','Сурнина Лидия Егоровна ','Лидия Егоровна Сурнина\r\nкандидат филологических наук ','','/var/www/html/vm/img/Сурнина-796.jpg','/vm/img/Сурнина-796.jpg',0,'2024-04-22 06:46:39',16),(67,'2015-01-01 00:00:00','Малева Анастасия Валерьевна ','Анастасия Валерьевна Малева\r\nкандидат филологических наук','','/var/www/html/vm/img/Малева-465.jpg','/vm/img/Малева-465.jpg',0,'2024-04-22 06:54:39',16),(68,'2018-01-20 00:00:00','Федосеева Елена Николаевна','Федосеева Елена Николаевна, специалист в области диалектологии, лексикологии, ареальной лингвистики. ','','/var/www/html/vm/img/Fedosejeva-214.jpg','/vm/img/Fedosejeva-214.jpg',0,'2024-04-22 07:00:19',19),(69,NULL,'Габова Татьяна Николаевна','Габова Татьяна Николаевна, специалист в области лексикологии коми языка, методики обучения коми языка и литературы.','','/var/www/html/vm/img/gabova-654.jpg','/vm/img/gabova-654.jpg',0,'2024-04-22 07:04:16',19),(70,NULL,'Гуляева Наталья Ивановна','Гуляева Наталья Ивановна, специалист в области синтаксиса коми языка.','','/var/www/html/vm/img/gulyaeva-924.jpg','/vm/img/gulyaeva-924.jpg',0,'2024-04-22 07:06:25',19),(71,NULL,'Иевлева Татьяна Михайловна','Карлова (Иевлева) Татьяна Михайловна, специалист в области синтаксиса коми языка. ','','/var/www/html/vm/img/Ijevleva-43.jpg','/vm/img/Ijevleva-43.jpg',0,'2024-04-22 07:08:51',19),(72,NULL,'Карманова Альбина Николаевна','Карманова Альбина Николаевна, специалист в области изучения фразеологии, лексикологии и лексикографии коми языка, методики преподавания коми языка в вузе и средней школе.','','/var/www/html/vm/img/karmanova-991.jpg','/vm/img/karmanova-991.jpg',0,'2024-04-22 07:10:56',19),(73,NULL,'Коснырева Раиса Ивановна','Коснырева Раиса Ивановна, специалист в области диалектологии, лексикологии, лексикографии коми языка. ','','/var/www/html/vm/img/kosnyreva-619.jpg','/vm/img/kosnyreva-619.jpg',0,'2024-04-22 07:13:03',19),(74,NULL,'Меркушева Татьяна Николаевна','Меркушева Татьяна Николаевна, специалист в области коми-пермяцкой диалектологии, лексикологии, ареальной лингвистики. ','','/var/www/html/vm/img/Merkusheva-799.jpg','/vm/img/Merkusheva-799.jpg',0,'2024-04-22 07:15:27',19),(75,'0000-00-00 00:00:00','Королев Клим Степанович','Королев Клим Степанович','','/var/www/html/vm/img/5.38.korolev-k.s.-953.jpg','/vm/img/5.38.korolev-k.s.-953.jpg',0,'2024-04-22 07:17:05',23),(76,NULL,'Мусанов Алексей Геннадьевич','Мусанов Алексей Геннадьевич, специалист в области изучения коми ономастической лексики, топонимист, лексикограф, диалектолог. ','','/var/www/html/vm/img/musanov-118.jpg','/vm/img/musanov-118.jpg',0,'2024-04-22 07:17:13',19),(77,NULL,'Некрасова Галина Александровна','Некрасова Галина Александровна, специалист в области изучения морфологии коми языка, исторической фонетики и грамматики пермских языков.','','/var/www/html/vm/img/Nekrasova-943.jpg','/vm/img/Nekrasova-943.jpg',0,'2024-04-22 07:19:22',19),(78,'0000-00-00 00:00:00','Королев Клим Степанович','Сотрудник отдела археологии ИЯЛИ К.С. Королев за работой по реставрации керамического сосуда.','','/var/www/html/vm/img/5.36.korolev-k.s._1-923.jpg','/vm/img/5.36.korolev-k.s._1-923.jpg',0,'2024-04-22 07:20:20',23),(79,NULL,'Некрасова Ольга Ивановна','Некрасова Ольга Ивановна, специалист в области изучения синтаксиса коми языка. ','','/var/www/html/vm/img/Nekrasova_O-966.jpg','/vm/img/Nekrasova_O-966.jpg',0,'2024-04-22 07:20:51',19),(80,NULL,'Павлова Эльба Кирилловна','Павлова Эльба Кирилловна, специалист в области диалектологии','','/var/www/html/vm/img/pavlova-822.jpg','/vm/img/pavlova-822.jpg',0,'2024-04-22 07:23:49',19),(81,NULL,'Понарядов Вадим Васильевич','Понарядов Вадим Васильевич, специалист в области изучения исторического синтаксиса пермских языков, исторической фонетики (вокализма) пермских, других уральских языков, является также специалистом в области алтайского языкознания. ','','/var/www/html/vm/img/Ponarjadov-551.jpg','/vm/img/Ponarjadov-551.jpg',0,'2024-04-22 07:25:52',19),(82,NULL,'Попова Элеонора Николаевна','Попова Элеонора Николаевна, специалист в области морфологии и синтаксиса коми языка.','','/var/www/html/vm/img/popova-615.jpg','/vm/img/popova-615.jpg',0,'2024-04-22 07:27:55',19),(83,NULL,'Прокушева Тамара Ивановна','Прокушева Тамара Ивановна, специалист в области морфологии и словообразования, методики преподавания коми языка. ','','/var/www/html/vm/img/prokusheva-727.jpg','/vm/img/prokusheva-727.jpg',0,'2024-04-22 07:30:27',19),(84,NULL,'Пунегова Галина Васильевна','Пунегова Галина Васильевна, специалист в области экспериментальной фонетики, фонологии, графики, морфонологии коми языка, исследования коми-русского билингвизма.','','/var/www/html/vm/img/Punegova-562.jpg','/vm/img/Punegova-562.jpg',0,'2024-04-22 07:32:52',19),(85,NULL,'Сахарова Марфа Александровна','Сахарова Марфа Александровна, специалист в области лексикографии, морфологии, диалектологии, грамматики коми языка.','','/var/www/html/vm/img/Saharova-130.jpg','/vm/img/Saharova-130.jpg',0,'2024-04-22 07:37:17',19),(86,NULL,'Сажина Светлана Александровна','Сажина Светлана Александровна, специалист в области диалектологии, лингвистической географии, ареальной лингвистики. ','','/var/www/html/vm/img/Sazhina-624.jpg','/vm/img/Sazhina-624.jpg',0,'2024-04-22 07:43:25',19),(87,NULL,'Туркин Адольф Иванович','Туркин Адольф Иванович, специалист в области изучения лексики и топонимии, истории коми-зырянских диалектов.','','/var/www/html/vm/img/Turkin-820.jpg','/vm/img/Turkin-820.jpg',0,'2024-04-22 07:46:42',19),(88,NULL,'Федюнёва Галина Валерьяновна','Федюнева Галина Валерьяновна, специалист в области коми словообразования, морфологии, истории языка, исследования заимствований в коми языке и из коми языка в русском.','','/var/www/html/vm/img/fedyneva-167.jpg','/vm/img/fedyneva-167.jpg',0,'2024-04-22 07:51:24',19),(89,'2019-01-01 00:00:00','Лимерова Валентина Александровна ','Валентина Александровна Лимерова\r\nкандидат педагогических наук ','','/var/www/html/vm/img/Лимерова-11.jpg','/vm/img/Лимерова-11.jpg',0,'2024-04-22 07:52:29',16),(90,'2019-11-14 00:00:00','Сотрудники сектора историко-демографических и историко-географических исследований Российского Севера ИЯЛИ Коми НЦ УрО РАН','На фото: стоят справа налево – В.И. Силин, О.А. Куратов, А.П. Обедков, \r\nсидят – Н.М. Игнатова, И.Л. Жеребцов, Д.В. Вишнякова. \r\n\r\n','','/var/www/html/vm/img/Сотрудники сектора историко-демографических и историко-географических исследований Российского Севера ИЯЛИ Коми НЦ УрО РАН-507.jpg','/vm/img/Сотрудники сектора историко-демографических и историко-географических исследований Российского Севера ИЯЛИ Коми НЦ УрО РАН-507.jpg',0,'2024-04-22 08:00:11',25),(91,'2000-01-01 00:00:00','Бурилова Надежда Афанасьевна ','Надежда Афанасьевна Бурилова\r\nкандидат филологических наук','','/var/www/html/vm/img/Бурилова -363.jpg','/vm/img/Бурилова -363.jpg',0,'2024-04-22 08:52:09',16),(92,'0000-00-00 00:00:00','Mikushev.JPG','доктор филологических наук, профессор','','/var/www/html/vm/img/Mikushev-459.JPG','/vm/img/Mikushev-459.JPG',0,'2024-04-22 09:21:34',21),(93,NULL,'Обложка сборника статей \"Пермистика 7\"','','','/var/www/html/vm/img/Permistica7-422.jpg','/vm/img/Permistica7-422.jpg',0,'2024-04-22 11:45:06',19),(94,NULL,'Обложка сборника статей \"Пермистика 19\"','','','/var/www/html/vm/img/permistica19-102.jpg','/vm/img/permistica19-102.jpg',0,'2024-04-22 11:46:04',19),(95,NULL,'Обложка сборника статей \"Пермистика 3\"','','','/var/www/html/vm/img/Permistika3-25.jpg','/vm/img/Permistika3-25.jpg',0,'2024-04-22 11:46:47',19),(96,NULL,'Обложка сборника статей \"Пермистика 13\"','','','/var/www/html/vm/img/Permistika13-908.jpg','/vm/img/Permistika13-908.jpg',0,'2024-04-22 11:47:35',19),(98,'2020-01-01 00:00:00','Ельцова Елена Власовна ','Елена Власовна Ельцова\r\nкандидат филологических наук ','','/var/www/html/vm/img/Ельцова-754.jpg','/vm/img/Ельцова-754.jpg',0,'2024-04-22 12:00:45',16),(99,NULL,'1956_Плесовский.jpg','Обложка сборника \"Коми мойдъяс, сьыланкывъяс да послőвичаяс (Коми сказки, песни и пословицы)\" / Сост. Ф.В. Плесовский. Сыктывкар, 1956. 226 с.','','/var/www/html/vm/img/1956_Плесовский-581.jpg','/vm/img/1956_Плесовский-581.jpg',0,'2024-04-22 12:01:55',21),(100,NULL,'1973_Микушев_Эпические.jpg','Обложка книги: Микушев А. К. Эпические формы коми фольклора. Л., 1973. 225 с.','','/var/www/html/vm/img/1973_Микушев_Эпические-491.jpg','/vm/img/1973_Микушев_Эпические-491.jpg',0,'2024-04-22 12:12:45',21),(101,'1990-01-01 00:00:00','Беляев Геннадий Васильевич ','Геннадий Васильевич Беляев\r\nкандидат филологических наук','','/var/www/html/vm/img/Беляев-721.jpg','/vm/img/Беляев-721.jpg',0,'2024-04-22 12:15:02',16),(102,NULL,'Rochev_2_1985.jpg','Ю.Г. Рочев читает доклад на конференции в Петрозаводске в 1985 г. ','','/var/www/html/vm/img/Rochev_2_1985-64.jpg','/vm/img/Rochev_2_1985-64.jpg',0,'2024-04-22 12:31:02',21),(103,'2015-01-01 00:00:00','Зиявадинова Ольга Сайфидиновна ','Ольга Сайфидиновна Зиявадинова \r\nкандидат филологических наук ','','/var/www/html/vm/img/Зиявадинова-715.jpg','/vm/img/Зиявадинова-715.jpg',0,'2024-04-22 12:34:58',16),(104,'1990-01-01 00:00:00','Югов Степан Александрович ','Степан Александрович Югов ','','/var/www/html/vm/img/Югов-979.jpg','/vm/img/Югов-979.jpg',0,'2024-04-22 12:51:40',16),(105,NULL,'История коми литературы. 2 том','Обложка книги: История коми литературы. В 3 т. Т. 2. Сыктывкар: Коми кн.изд-во, 1980. 328 с.','','/var/www/html/vm/img/История коми литературы_2 том-576.jpg','/vm/img/История коми литературы_2 том-576.jpg',0,'2024-04-22 13:13:53',16),(107,NULL,'Куратовские чтения_Т.1','Обложка книги: Куратовские чтения. В 6 т. Т. 1. Сыктывкар: Коми кн.изд-во, 1973. 151 с.','','/var/www/html/vm/img/Куратовские чтения_Т.1-68.jpg','/vm/img/Куратовские чтения_Т.1-68.jpg',0,'2024-04-22 13:44:10',16),(108,NULL,'История коми литературы_3 том','Обложка книги: История коми литературы. В 3 т. Т. 3. Сыктывкар: Коми кн.изд-во, 1981.431 с.','','/var/www/html/vm/img/История коми литературы_3 том-841.jpg','/vm/img/История коми литературы_3 том-841.jpg',0,'2024-04-22 14:08:28',16),(109,NULL,'Забоева Надежда Кимовна','Специалист в области лексикографии коми языка','','/var/www/html/vm/img/zabojeva-841.jpg','/vm/img/zabojeva-841.jpg',0,'2024-04-23 05:45:45',19),(110,'2007-09-25 00:00:00','Заседание  конференции \"Пермские финны: археологические культуры и этносы\"','Работа Всероссийской конференции \"Пермские финны: археологические культуры и этносы\"','','/var/www/html/vm/img/Заседание-618.jpg','/vm/img/Заседание-618.jpg',0,'2024-04-23 05:50:57',23),(111,'2007-09-25 00:00:00','Участники конференции','Участники Всероссийской конференции \"Пермские финны: археологические культуры и этносы\"','','/var/www/html/vm/img/Участники-210.jpg','/vm/img/Участники-210.jpg',0,'2024-04-23 05:52:34',23),(112,NULL,'Ирина Викентьевна Верещагина','Ирина Викентьевна Верещагина','','/var/www/html/vm/img/k1jxzmoc7pE-777.jpg','/vm/img/k1jxzmoc7pE-777.jpg',0,'2024-04-23 06:20:43',23),(113,NULL,'VI Международный конгресс финно-угроведов','','','/var/www/html/vm/img/6-kongress-finnougrovedov-470.jpg','/vm/img/6-kongress-finnougrovedov-470.jpg',0,'2024-04-23 06:29:49',19),(114,NULL,'Монография \"Ижемский диалект коми языка\"','','','/var/www/html/vm/img/izhemskij-915.jpg','/vm/img/izhemskij-915.jpg',0,'2024-04-23 06:31:03',19),(115,NULL,'\"Коми язык. Энциклопедия\"','','','/var/www/html/vm/img/komi jazyk_enciklopedia-637.jpg','/vm/img/komi jazyk_enciklopedia-637.jpg',0,'2024-04-23 06:33:29',19),(116,NULL,'«Коми сёрнисикас кывчукӧр. Словарь диалектов коми языка»','','','/var/www/html/vm/img/komi_sjornisikas-931.jpg','/vm/img/komi_sjornisikas-931.jpg',0,'2024-04-23 06:36:29',19),(117,NULL,'\"Коми орфографическöй словарь\" (Орфографический словарь коми языка)','','','/var/www/html/vm/img/komi-orfo-312.jpg','/vm/img/komi-orfo-312.jpg',0,'2024-04-23 06:40:00',19),(118,NULL,'1973_Плесовский.jpg','Обложка сборника: Коми пословицы и поговорки / Сост. Ф. В. Плесовский. Сыктывкар: Коми кн. изд-во, 1973. 216 с. ','','/var/www/html/vm/img/1973_Плесовский-929.jpg','/vm/img/1973_Плесовский-929.jpg',0,'2024-04-23 06:40:33',21),(119,NULL,'«Коми-роч кывчукöр» (Коми-русский словарь)','','','/var/www/html/vm/img/komi-roch-69.jpg','/vm/img/komi-roch-69.jpg',0,'2024-04-23 06:44:15',19),(120,NULL,'Монография «Лузско-летский диалект коми языка»','','','/var/www/html/vm/img/luza-letka-303.jpg','/vm/img/luza-letka-303.jpg',0,'2024-04-23 06:46:11',19),(121,NULL,'Монография «Нижневычегодский диалект коми языка» ','','','/var/www/html/vm/img/nizhnjaja vychegda-676.jpg','/vm/img/nizhnjaja vychegda-676.jpg',0,'2024-04-23 06:49:34',19),(122,NULL,'\"Образцы коми-зырянской речи\"','','','/var/www/html/vm/img/okzr-974.jpg','/vm/img/okzr-974.jpg',0,'2024-04-23 06:51:32',19),(123,NULL,'«Öнiя коми кыв. Морфология» (Современный коми язык. Морфология)','','','/var/www/html/vm/img/onija_komi-642.jpg','/vm/img/onija_komi-642.jpg',0,'2024-04-23 06:53:53',19),(124,NULL,'Монография \"Печорский диалект коми языка\"','','','/var/www/html/vm/img/pechorskij-455.jpg','/vm/img/pechorskij-455.jpg',0,'2024-04-23 06:54:52',19),(125,NULL,'Монография \"Присыктывкарский диалект коми языка\"','','','/var/www/html/vm/img/prisyktyvkarskij-416.jpg','/vm/img/prisyktyvkarskij-416.jpg',0,'2024-04-23 06:55:34',19),(126,NULL,'«Русско-коми словарь»','','','/var/www/html/vm/img/Rus-kom2003-786.jpg','/vm/img/Rus-kom2003-786.jpg',0,'2024-04-23 06:57:00',19),(127,NULL,'\"Секреты коми языка в рассказах\"','','','/var/www/html/vm/img/sekrety-228.jpg','/vm/img/sekrety-228.jpg',0,'2024-04-23 06:57:54',19),(128,NULL,'\"Современный коми язык. Лексикология\"','','','/var/www/html/vm/img/SKJa_leksikologia-760.jpg','/vm/img/SKJa_leksikologia-760.jpg',0,'2024-04-23 06:58:49',19),(129,NULL,'Монография \"Среднесысольский диалект коми языка\"','','','/var/www/html/vm/img/srednesysolskij-755.jpg','/vm/img/srednesysolskij-755.jpg',0,'2024-04-23 06:59:39',19),(130,NULL,'Монография \"Удорский диалект коми языка\"','','','/var/www/html/vm/img/udorskij-822.jpg','/vm/img/udorskij-822.jpg',0,'2024-04-23 07:00:26',19),(131,NULL,'Монография \"Верхнесысольский диалект коми языка\"','','','/var/www/html/vm/img/verhnesysolskij-456.jpg','/vm/img/verhnesysolskij-456.jpg',0,'2024-04-23 07:01:08',19),(132,NULL,'Монография \"Вымский диалект коми языка\"','','','/var/www/html/vm/img/vymskij-704.jpg','/vm/img/vymskij-704.jpg',0,'2024-04-23 07:01:41',19),(133,'0000-00-00 00:00:00','Chistalev_2.jpg','Чисталев Прометей Ионович, кандидат искусствоведения','','/var/www/html/vm/img/Chistalev_2-943.jpg','/vm/img/Chistalev_2-943.jpg',0,'2024-04-23 07:27:23',21),(134,'0000-00-00 00:00:00','1975_Плесовский_Загадки.jpg','Обложка первого изданного в республике сборника народных загадок коми','','/var/www/html/vm/img/1975_Плесовский_Загадки-216.jpg','/vm/img/1975_Плесовский_Загадки-216.jpg',0,'2024-04-23 07:53:12',21),(135,NULL,'1979_Фольклор.jpg','Обложка первого тома коллективной монографии \"История коми литературы\" (Т. 1. Фольклор. Сыктывкар, 1979).','','/var/www/html/vm/img/1979_Фольклор-576.jpg','/vm/img/1979_Фольклор-576.jpg',0,'2024-04-23 08:07:32',21),(137,'0000-00-00 00:00:00','Михеева Елизавета Васильевна','Заведующий научной библиотекой с 1944 по 1960 гг.','НА ФИЦ Коми НЦ УрО РАН. Ф.1.Оп.23. Д 15. Л.32','/var/www/html/vm/img/михеева е.в._чб_02-601.jpg','/vm/img/михеева е.в._чб_02-601.jpg',0,'2024-04-23 08:15:56',26),(138,NULL,'1984_Чисталев.jpg','Обложка книги П.И. Чисталева \"Коми народные музыкальные инструменты\"','','/var/www/html/vm/img/1984_Чисталев-505.jpg','/vm/img/1984_Чисталев-505.jpg',0,'2024-04-23 08:21:14',21),(139,'0000-00-00 00:00:00','Шведова Галина Сергеевна','Работала в научной библиотеке с 1959 по 1969 гг.','НА ФИЦ Коми НЦ УрО РАН. Ф.1. Оп.19. Д.664. Л.17','/var/www/html/vm/img/шведова г.с._чб_1_2-460.jpg','/vm/img/шведова г.с._чб_1_2-460.jpg',0,'2024-04-23 08:24:09',26),(140,'0000-00-00 00:00:00','Селькова Антонина Ивановна','Работала в научной библиотеке с 1954 по 1983 гг.','НА ФИЦ Коми НЦ УрО РАН. Ф.1. Оп.19. Д.1065','/var/www/html/vm/img/селькова а.и._чб_02-204.jpg','/vm/img/селькова а.и._чб_02-204.jpg',0,'2024-04-23 08:26:24',26),(141,'0000-00-00 00:00:00','Мысова Нина Павловна','Работала в научной библиотеке с 1958 по 1984 гг.','НА ФИЦ Коми НЦ УрО РАН Ф.1. Оп.23.Д.57.Л.30','/var/www/html/vm/img/мысова н.п._чб_02-202.jpg','/vm/img/мысова н.п._чб_02-202.jpg',0,'2024-04-23 08:30:04',26),(142,'0000-00-00 00:00:00','Сотрудники Коми филиала АН СССР на  демонстрации. Первый ряд, первая слева: Мамаева Лидия Ивановна','Работала в научной библиотеке с 1954 по 1970 гг.','НА ФИЦ Коми НЦ УрО РАН. Ф.1. Оп.19. Д.649.','/var/www/html/vm/img/мамаева л.и._чб_02-300.jpg','/vm/img/мамаева л.и._чб_02-300.jpg',0,'2024-04-23 08:32:55',26),(143,NULL,'Kudryashova.jpg','Кудряшова Вера Михайловна, кандидат филологических наук','','/var/www/html/vm/img/Kudryashova-731.jpg','/vm/img/Kudryashova-731.jpg',0,'2024-04-23 08:37:34',21),(144,'0000-00-00 00:00:00','Научная библиотека Базы АН СССР в Коми АССР, 1947 г.','','НА ФИЦ Коми НЦ УрО РАН. Ф.1. Оп.18. Д.12. Л.11-14','/var/www/html/vm/img/научная библиотека, 1947_2-293.jpg','/vm/img/научная библиотека, 1947_2-293.jpg',0,'2024-04-23 08:53:40',26),(146,NULL,'Korovina.jpg','Коровина Надежда Степановна, кандидат филологических наук','','/var/www/html/vm/img/Korovina-537.jpg','/vm/img/Korovina-537.jpg',0,'2024-04-23 10:53:37',21),(147,'0000-00-00 00:00:00','Кочева Тамара Яковлевна','Работала в научной библиотеке с 1968 по 2012 гг.','','/var/www/html/vm/img/кочева т.я._2-307.jpg','/vm/img/кочева т.я._2-307.jpg',0,'2024-04-23 10:57:04',26),(148,NULL,'Ploskov.jpg','Плосков Иван Александрович','','/var/www/html/vm/img/Ploskov-210.jpg','/vm/img/Ploskov-210.jpg',0,'2024-04-23 11:03:40',21),(149,'0000-00-00 00:00:00','Чачинова Тамара Алексеевна','Работала в научной библиотеке с 1985 по 2016 гг.','','/var/www/html/vm/img/чачинова т.а._2-758.jpg','/vm/img/чачинова т.а._2-758.jpg',0,'2024-04-23 11:08:01',26),(150,'0000-00-00 00:00:00','Чачинова Тамара Алексеевна','Работала в научной библиотеке с 1985 по 2016 гг.','','/var/www/html/vm/img/чачинова т.а._3_2-194.JPG','/vm/img/чачинова т.а._3_2-194.JPG',0,'2024-04-23 11:08:49',26),(151,'0000-00-00 00:00:00','Старцева Людмила Аркадьевна','Работала в научной библиотеке с 1972 по 2022 гг.','','/var/www/html/vm/img/старцева л.а._1-976.jpg','/vm/img/старцева л.а._1-976.jpg',0,'2024-04-23 11:10:26',26),(152,'0000-00-00 00:00:00','Тырина Елена Аркадьевна','Работала в научной библиотеке с 1985 по 2024 гг.','','/var/www/html/vm/img/тырина е.а._2-244.jpg','/vm/img/тырина е.а._2-244.jpg',0,'2024-04-23 11:11:39',26),(153,NULL,'Schergina.jpg','Шергина Александра Алексеевна, музыковед','','/var/www/html/vm/img/Schergina-229.jpg','/vm/img/Schergina-229.jpg',0,'2024-04-23 11:15:59',21),(154,NULL,'1987_Микушев_Эпос.jpg',' Обложка книги \"Коми народный эпос\" ','','/var/www/html/vm/img/1987_Микушев_Эпос-995.jpg','/vm/img/1987_Микушев_Эпос-995.jpg',0,'2024-04-23 11:24:48',21),(155,'1948-03-08 00:00:00','Женщины Базы АН СССР в Коми АССР, 8 марта 1948 г., 3-ий ряд, 2-ая справа – Михеева Елизавета Васильевна','','','/var/www/html/vm/img/женщины базы АН СССР коми АССР, 1948_4-898.jpg','/vm/img/женщины базы АН СССР коми АССР, 1948_4-898.jpg',0,'2024-04-23 11:27:11',26),(156,NULL,'Gorchakov.jpg','Горчаков Александр Гениевич, композитор, педагог','','/var/www/html/vm/img/Gorchakov-721.jpg','/vm/img/Gorchakov-721.jpg',0,'2024-04-23 11:37:53',21),(157,NULL,'Библиографический указатель изданий Коми филиала Академии наук СССР (1941-1958 гг.)','Первый библиографический указатель научных трудов сотрудников Коми филиала Академии наук СССР','','/var/www/html/vm/img/библиограф. указатель, 1941-1958_03-850.jpg','/vm/img/библиограф. указатель, 1941-1958_03-850.jpg',0,'2024-04-23 11:52:56',26),(158,'0000-00-00 00:00:00',' Шехонина Софья Николаевна','Работала в научной библиотеке с 1946 по 1957 гг. ','НА ФИЦ Коми НЦ УрО РАН. Ф.1. Оп.23. Д.9. Л.12 ','/var/www/html/vm/img/шехонина с.н._чб_03-316.jpg','/vm/img/шехонина с.н._чб_03-316.jpg',0,'2024-04-23 12:14:00',26),(159,'0000-00-00 00:00:00','Ирина Викентьевна Верещагина','Ирина Викентьевна Верещагина в Ленинграде в 1975 г.','','/var/www/html/vm/img/Верещагина2-180.jpg','/vm/img/Верещагина2-180.jpg',0,'2024-04-23 12:16:57',23),(160,NULL,'1993_Кудряшова.jpg','Обложка сборника \"Коми народные приметы\"','','/var/www/html/vm/img/1993_Кудряшова-587.jpg','/vm/img/1993_Кудряшова-587.jpg',0,'2024-04-23 12:19:26',21),(161,'0000-00-00 00:00:00','Максимова Маргарита Степановна','Работала в научной библиотеке с 1960 по 1986 гг.','','/var/www/html/vm/img/максимова м.с._чб_02-200.jpg','/vm/img/максимова м.с._чб_02-200.jpg',0,'2024-04-23 12:20:47',26),(162,'0000-00-00 00:00:00','Пиневская  Маргарита Николаевна','Работала в научной библиотеке с 1964 по 1981 гг.','','/var/www/html/vm/img/пинаевская м.н._чб_02-893.jpg','/vm/img/пинаевская м.н._чб_02-893.jpg',0,'2024-04-23 12:24:02',26),(163,'0000-00-00 00:00:00','Шведова Галина Сергеевна, 1960-е гг. (фото из личного архива д.б.н. М.В. Гецен)','Работала в научной библиотеке с 1959 по 1969 гг.','НА ФИЦ Коми НЦ УрО РАН. Ф.1. Оп.19. Д.664.','/var/www/html/vm/img/шведова г.с._чб_2_2-249.jpg','/vm/img/шведова г.с._чб_2_2-249.jpg',0,'2024-04-23 12:25:57',26),(164,NULL,'Полевой семинар по стратиграфии антропогена и палеолиту Печорского Приуралья','На фото участники полевого семинара по стратиграфии антропогена и палеолиту Печорского Приуралья на раскопках В.И. Канивца (крайний справа в первом ряду) на палеолитической стоянке Бызовая (28-27 тыс. лет назад). ','','/var/www/html/vm/img/5tmmeqnchgQ-387.jpg','/vm/img/5tmmeqnchgQ-387.jpg',0,'2024-04-23 12:36:29',23),(165,'0000-00-00 00:00:00','Галкина Надежда Михайловна','Заведующий научной библиотекой с 1969 по 2008 гг. ','НА ФИЦ Коми НЦ УрО РАН. Ф.1. Оп.22. Д.472.','/var/www/html/vm/img/галкина н.м._чб_02-570.jpg','/vm/img/галкина н.м._чб_02-570.jpg',0,'2024-04-23 12:40:17',26),(166,'0000-00-00 00:00:00','Общее итоговое собрание Коми филиала АН СССР, 1980-е годы. Первый ряд, вторая справа – Н.М. Галкина','Заведующий научной библиотекой с 1969 по 2008 гг. ','','/var/www/html/vm/img/общее итоговое собрание коми филиала АН СССР, 1980-е_чб-207.jpg','/vm/img/общее итоговое собрание коми филиала АН СССР, 1980-е_чб-207.jpg',0,'2024-04-23 12:41:28',26),(167,'0000-00-00 00:00:00','Вишерская Георгина Григорьевна','Работала в научной библиотеке с 1968 по 1978 гг.  ','НА ФИЦ Коми НЦ УрО РАН. Ф.1. Оп.20. Д. 47','/var/www/html/vm/img/вишерская г.г._чб_02-45.jpg','/vm/img/вишерская г.г._чб_02-45.jpg',0,'2024-04-23 12:45:37',26),(168,'0000-00-00 00:00:00','Елисеев Александр Александрович','Работал в научной библиотеке с 1978 по 2001 гг.','','/var/www/html/vm/img/елисеев а.а._чб_02-373.jpg','/vm/img/елисеев а.а._чб_02-373.jpg',0,'2024-04-23 12:53:08',26),(169,'0000-00-00 00:00:00','Krasheninnikova.jpg','Крашенинникова Юлия Андреевна, кандидат филологических наук, зав. сектором фольклора','','/var/www/html/vm/img/Krasheninnikova-128.jpg','/vm/img/Krasheninnikova-128.jpg',0,'2024-04-23 12:58:03',21),(170,NULL,'Nizovtseva.jpg','Низовцева Светлана Григорьевна','','/var/www/html/vm/img/Nizovtseva-61.JPG','/vm/img/Nizovtseva-61.JPG',0,'2024-04-23 13:00:58',21),(171,NULL,'Лудыкова Валентина Матвеевна','','','/var/www/html/vm/img/ludykova-97.jpg','/vm/img/ludykova-97.jpg',0,'2024-04-23 13:20:18',19),(172,'0000-00-00 00:00:00','Эльвира Серафимовна Логинова','Эльвира Серафимовна Логинова на фотографии (справа) в экспедиции В.И. Канивца. ','','/var/www/html/vm/img/2tfwDhuO_fA-257.jpg','/vm/img/2tfwDhuO_fA-257.jpg',0,'2024-04-23 13:28:56',23),(173,NULL,'Мурыгин Александр Михайлович','Мурыгин Александр Михайлович','','/var/www/html/vm/img/arch07-124.jpg','/vm/img/arch07-124.jpg',0,'2024-04-23 14:01:36',23),(174,NULL,'Rassychaev.jpg','Рассыхаев Алексей Николаевич, кандидат филологических наук ','','/var/www/html/vm/img/Rassychaev-276.jpg','/vm/img/Rassychaev-276.jpg',0,'2024-04-23 14:05:38',21),(175,NULL,'Panyukov.jpg','Панюков Анатолий Васильевич, кандидат филологических наук','','/var/www/html/vm/img/Panyukov-681.jpg','/vm/img/Panyukov-681.jpg',0,'2024-04-23 14:22:31',21),(176,NULL,'Savelyeva.jpg','Савельева Галина Сергеевна, кандидат филологических наук','','/var/www/html/vm/img/Savelyeva-717.jpg','/vm/img/Savelyeva-717.jpg',0,'2024-04-23 14:33:11',21),(177,NULL,'2023_Коровина','Обложка сборника \"Сказки народа коми. Репертуар Ивана Ивановича Игушева\"','','/var/www/html/vm/img/2023_Коровина-368.jpg','/vm/img/2023_Коровина-368.jpg',0,'2024-04-23 17:19:21',20),(178,NULL,'2023_Рассыхаев_Игры','Обложка книги \"Детский фольклор коми: игры\" / Автор-составитель А.Н. Рассыхаев. Сыктывкар, 2023. 524 с. ','','/var/www/html/vm/img/2023_Рассыхаев_Игры-687.jpg','/vm/img/2023_Рассыхаев_Игры-687.jpg',0,'2024-04-23 17:31:02',20),(180,NULL,'2022_Лимеров','Обложка монографии П.Ф. Лимерова \"Нарративы христианизации в формировании коми литературной традиции (XIV – начало XХ вв.)\" (2022 г.)','','/var/www/html/vm/img/2022_Лимеров-107.jpg','/vm/img/2022_Лимеров-107.jpg',0,'2024-04-23 17:46:38',20),(181,NULL,'2021_Крашенинникова','Обложка книги: Русские свадебные приговоры в архивных коллекциях XIX — первой трети XX в. / Составление, вступ. статья, подготовка текстов, комментарии Ю.А. Крашенинниковой. М.: Индрик, 2021. 712 с., илл. ','','/var/www/html/vm/img/2021_Крашенинниикова-604.jpg','/vm/img/2021_Крашенинниикова-604.jpg',0,'2024-04-24 05:58:13',20),(182,NULL,'Владимир Степанович Зеленский ','Владимир Степанович Зеленский ','','/var/www/html/vm/img/Зеленский-492.jpg','/vm/img/Зеленский-492.jpg',0,'2024-04-24 06:09:40',23),(183,NULL,'Фольклористика_Коми_2002-2016 02.jpg','Обложки сборников научных статей сотрудников сектора фольклора в серии Труды ИЯЛИ Коми НЦ УрО РАН («Фольклористика Коми»)','','/var/www/html/vm/img/Фольклористика_Коми_2002-2016 02-613.jpg','/vm/img/Фольклористика_Коми_2002-2016 02-613.jpg',0,'2024-04-24 06:32:39',21),(184,NULL,'Рочев_1984_2006.jpg','Обложка книги Ю.Г. Рочева \"Коми легенды и предания\" (1984 г.) и ее переиздание (2006 г.) ','','/var/www/html/vm/img/Рочев_1984_2006-371.jpg','/vm/img/Рочев_1984_2006-371.jpg',0,'2024-04-24 06:38:12',21),(185,NULL,'Павел Юрьевич Павлов','Павел Юрьевич Павлов','','/var/www/html/vm/img/Павлов-406.jpg','/vm/img/Павлов-406.jpg',0,'2024-04-24 06:51:58',23),(186,'2024-04-01 00:00:00','Горинова Наталья Васильевна ','Горинова Наталья Васильевна\r\nкандидат филологических наук\r\nученый секретарь ','','/var/www/html/vm/img/Горинова-987.jpg','/vm/img/Горинова-987.jpg',0,'2024-04-24 06:57:48',16),(187,NULL,'2005_Лимеров_Му_пуксьом.jpg','Обложка книги \"Му пуксьöм – Сотворение мира\" (Сост., предисл., примеч. П. Ф. Лимерова. Сыктывкар: Коми кн. изд-во, 2005. 624 с.)','','/var/www/html/vm/img/2005_Лимеров_Му_пуксьом-919.jpg','/vm/img/2005_Лимеров_Му_пуксьом-919.jpg',0,'2024-04-24 07:06:01',21),(188,'0000-00-00 00:00:00','Археологическая карта Коми АССР',' «Археологическая карта Коми АССР» (Стоколос, Королёв, 1984). ','','/var/www/html/vm/img/Археологическая карта Коми АССР-659.jpg','/vm/img/Археологическая карта Коми АССР-659.jpg',0,'2024-04-24 07:07:35',23),(189,'0000-00-00 00:00:00','Терешонкова Галина Леонидовна','Работала в научной библиотеке с 1979 по 2023 гг.','','/var/www/html/vm/img/терешонкова г.л.-584.JPG','/vm/img/терешонкова г.л.-584.JPG',0,'2024-04-24 07:17:53',26),(190,NULL,'Lobanova.jpg','Лобанова Людмила Сергеевна ','','/var/www/html/vm/img/Lobanova-624.jpg','/vm/img/Lobanova-624.jpg',0,'2024-04-24 07:24:38',21),(191,NULL,'2008_Лимеров.jpg','Обложка монографии П.Ф. Лимерова  \"Образ св. Стефан Пермского в письменной традиции и в фольклоре народа коми\"','','/var/www/html/vm/img/2008_Лимеров-300.jpg','/vm/img/2008_Лимеров-300.jpg',0,'2024-04-24 07:35:10',21),(192,'0000-00-00 00:00:00','Канова Валентина Серафимовна','Работала в научной библиотеке с 1977 по 2014 гг.','','/var/www/html/vm/img/канова в.с._02-586.jpg','/vm/img/канова в.с._02-586.jpg',0,'2024-04-24 07:36:18',26),(193,NULL,'2009_Панюков.jpg','Обложка монографии А.В. Панюкова \"Динамика развития коми фольклорных традиций в контексте теории самоорганизации\"','','/var/www/html/vm/img/2009_Панюков-906.jpg','/vm/img/2009_Панюков-906.jpg',0,'2024-04-24 07:40:35',21),(194,NULL,'2009_Крашенинникова.jpg','Обложка книги Ю.А. Крашенинниковой \"Свадебные приговоры Вилегодского района Архангельской области в рукописной и устной традиции XX в. (исследование и тексты)\" ','','/var/www/html/vm/img/2009_Крашенинникова-708.jpg','/vm/img/2009_Крашенинникова-708.jpg',0,'2024-04-24 07:58:04',21),(195,NULL,'Куратовские чтения_Т.3','Обложка книги: Куратовские чтения. В 6 т. Т. 3. Сыктывкар: Коми кн.изд-во, 1979. 158 с.','','/var/www/html/vm/img/Куратовские чтения_Т.3-567.jpg','/vm/img/Куратовские чтения_Т.3-567.jpg',0,'2024-04-24 08:29:44',16),(196,NULL,'Куратовские чтения_Т.4','Обложка книги: Куратовские чтения. В 6 т. Т. 4. Сыктывкар: Коми кн.изд-во, 1986. 152 с.','','/var/www/html/vm/img/Куратовские чтения_Т.4-672.jpg','/vm/img/Куратовские чтения_Т.4-672.jpg',0,'2024-04-24 08:31:25',16),(197,NULL,'Куратовские чтения_Т.5','Обложка книги: Куратовские чтения. В 6 т. Т. 5. Сыктывкар: Коми кн.изд-во, 1989. 160 с. ','','/var/www/html/vm/img/Куратовские чтения_Т.5-257.jpg','/vm/img/Куратовские чтения_Т.5-257.jpg',0,'2024-04-24 08:32:54',16),(198,NULL,'Куратовские чтения_Т.6','Обложка книги: Куратовские чтения. В 6 т. Т. 6. Сыктывкар: Коми кн.изд-во, 1990. 191с. ','','/var/www/html/vm/img/Куратовские чтения_Т.6-997.jpg','/vm/img/Куратовские чтения_Т.6-997.jpg',0,'2024-04-24 08:34:20',16),(199,'0000-00-00 00:00:00','Липина Марина Арнольдовна','Работала в научной библиотеке с 1898 по 2020 гг.','','/var/www/html/vm/img/липина м.а._3-253.jpg','/vm/img/липина м.а._3-253.jpg',0,'2024-04-24 08:36:19',26),(200,'0000-00-00 00:00:00','Выставка новых поступлений в научной библиотеке Коми филиала АН СССР, 1975 г.','','','/var/www/html/vm/img/научная библиотека, 1975_1_чб_02-175.jpg','/vm/img/научная библиотека, 1975_1_чб_02-175.jpg',0,'2024-04-24 09:13:56',26),(201,'0000-00-00 00:00:00','Бергман Эмилия Александровна','Работает заведующим научной библиотеки с 2008 г. по настоящее время','','/var/www/html/vm/img/бергман э.а._11-817.jpeg','/vm/img/бергман э.а._11-817.jpeg',0,'2024-04-24 09:18:25',26),(202,'0000-00-00 00:00:00','Сайт научной библиотеки','Дата создания – 2010 г. ','http://nb.komisc.ru/','/var/www/html/vm/img/сайт-273.jpeg','/vm/img/сайт-273.jpeg',0,'2024-04-24 09:24:28',26),(203,NULL,'2009_Коровина_Сказки.jpg','Обложка книги \"Сказки народа коми. Коми мойдъяс\" / Сост., вступит. ст., комментарии и указатели Н.С. Коровиной; Отв. ред. П.Ф. Лимеров; Переводы П.Ф. Лимерова, А.В. Панюкова, О.И. Уляшева. Сыктывкар: АУ РК «Редакция журнала «Арт», 2009. 496 с.','','/var/www/html/vm/img/2009_Коровина_Сказки-686.jpg','/vm/img/2009_Коровина_Сказки-686.jpg',0,'2024-04-24 10:21:25',21),(204,NULL,'2009_Панюков_сборник.jpg','Обложка книги \"Фольклор коми и ненцев Ненецкого автономного округа (в записях Фольклорного фонда ИЯЛИ Коми НЦ УрО РАН 1968-1973 гг.)\" / Сост. А.В. Панюков. Сыктывкар, 2009. 500 с. (с аудиоприложением на компакт-диске)','','/var/www/html/vm/img/2009_Панюков_сборник-717.jpg','/vm/img/2009_Панюков_сборник-717.jpg',0,'2024-04-24 10:26:22',21),(205,NULL,'Александр Васильевич Волокитин','Александр Васильевич Волокитин','','/var/www/html/vm/img/Волокитин-973.jpg','/vm/img/Волокитин-973.jpg',0,'2024-04-24 10:26:40',23),(206,'0000-00-00 00:00:00','А.В. Волокитин','А.В. Волокитин. Разбор промывок с местонахождения Парч 2 на Вычегде (1987)','','/var/www/html/vm/img/ВолокитинАВ-2 (3)-14.jpg','/vm/img/ВолокитинАВ-2 (3)-14.jpg',0,'2024-04-24 10:29:48',23),(207,'2011-10-21 00:00:00','Конференция Филол. исследования-2011_участники_общее фото.jpg','Участники конференции «Филологические исследования на рубеже XX – XXI вв.: традиции, новации, итоги, перспективы» (Сыктывкар, 19-21 октября 2011 г.) ','','/var/www/html/vm/img/Конференция Филол. исследования-2011_участники_общее фото-918.jpg','/vm/img/Конференция Филол. исследования-2011_участники_общее фото-918.jpg',0,'2024-04-24 10:35:18',21),(208,'0000-00-00 00:00:00','Одно из книгохранилищ научной библиотеки','','','/var/www/html/vm/img/книгохранилище-121.JPG','/vm/img/книгохранилище-121.JPG',0,'2024-04-24 10:43:43',26),(209,'0000-00-00 00:00:00','Читальный зал научной библиотеки','Фото сделано по окончании ремонта в 2009 г.','','/var/www/html/vm/img/читальный зал_1_2-438.JPG','/vm/img/читальный зал_1_2-438.JPG',0,'2024-04-24 10:46:01',26),(210,'0000-00-00 00:00:00','Абонемент научной библиотеки','','','/var/www/html/vm/img/абонемент-324.JPG','/vm/img/абонемент-324.JPG',0,'2024-04-24 10:47:04',26),(211,'0000-00-00 00:00:00','Федяева Анна Ивановна','Работала в научной библиотеке с 1971 по 2021 гг.','','/var/www/html/vm/img/федяева а.и._2-987.jpg','/vm/img/федяева а.и._2-987.jpg',0,'2024-04-24 10:50:56',26),(212,NULL,'2013_Коровина.jpg','Обложка монографии Н.С. Коровиной','','/var/www/html/vm/img/2013_Коровина-591.jpg','/vm/img/2013_Коровина-591.jpg',0,'2024-04-24 10:55:32',21),(213,'0000-00-00 00:00:00','Первушина Галина Ильинична','Работала в научной библиотеке с 1973 по 2020 гг.','','/var/www/html/vm/img/первушина г.и._2-254.jpg','/vm/img/первушина г.и._2-254.jpg',0,'2024-04-24 11:02:47',26),(214,'2014-10-17 00:00:00','Конференция Филол. исследования-2014_октябрь.jpg','Участники II Всероссийской научной конференции «Филологические исследования – 2014. Источники, их анализ и интерпретация в филологических науках» ','','/var/www/html/vm/img/Конференция Филол. исследования-2014_октябрь-193.JPG','/vm/img/Конференция Филол. исследования-2014_октябрь-193.JPG',0,'2024-04-24 11:05:59',21),(215,'0000-00-00 00:00:00','Ложкина Светлана Геннадьевна','Работала в научной библиотеке с 1981 по 2023 гг.','','/var/www/html/vm/img/ложкина с.г._03-390.jpeg','/vm/img/ложкина с.г._03-390.jpeg',0,'2024-04-24 11:07:33',26),(216,NULL,'2014_Рассыхаев.jpg','Обложка монографии А.Н. Рассыхаева','','/var/www/html/vm/img/2014_Рассыхаев-256.jpg','/vm/img/2014_Рассыхаев-256.jpg',0,'2024-04-24 11:09:33',21),(217,'1968-07-16 00:00:00','Гагарин Ю.В.','Гагарин Юрий Васильевич','','/var/www/html/vm/img/Гагарин 1968а-638.jpg','/vm/img/Гагарин 1968а-638.jpg',0,'2024-04-24 11:11:06',22),(218,'0000-00-00 00:00:00','Шикирявая Галина Евгеньевна','Работает в научной библиотеке с 1986 г. по настоящее время.','','/var/www/html/vm/img/шикирявая г.е._2-454.JPG','/vm/img/шикирявая г.е._2-454.JPG',0,'2024-04-24 11:12:18',26),(219,'2013-04-10 00:00:00','Несанелис Д.А.','Несанелис Дмитрий Александрович','','/var/www/html/vm/img/Nesanelis-929.jpg','/vm/img/Nesanelis-929.jpg',0,'2024-04-24 11:14:51',22),(220,'0000-00-00 00:00:00','Библиографические указатели изданий Коми НЦ УрО РАН, подготовленные научной библиотекой','Всего с 1959 г. были подготовлены 12 указателей','','/var/www/html/vm/img/библиограф. указатели, 12 шт.-539.JPG','/vm/img/библиограф. указатели, 12 шт.-539.JPG',0,'2024-04-24 11:19:37',26),(221,'1968-08-15 00:00:00','Грибова Л.С.','Грибова Любовь Степановна','','/var/www/html/vm/img/Грибова 1968-173.jpg','/vm/img/Грибова 1968-173.jpg',0,'2024-04-24 11:21:51',22),(222,'0000-00-00 00:00:00','Выставка новых поступлений в научной библиотеке Коми филиала АН СССР, 1975 г.','В 1975 году было организовано 82 выставки новых поступлений.','','/var/www/html/vm/img/научная библиотека, 1975_2_чб_02-576.jpg','/vm/img/научная библиотека, 1975_2_чб_02-576.jpg',0,'2024-04-24 11:24:02',26),(223,NULL,'Научная библиотека','','','/var/www/html/vm/img/научная библотека_2_02-237.jpg','/vm/img/научная библотека_2_02-237.jpg',0,'2024-04-24 11:25:16',26),(224,NULL,'Pozdeev.jpg','Поздеев Вячеслав Алексеевич, доктор филологических наук','','/var/www/html/vm/img/Pozdeev-6.jpg','/vm/img/Pozdeev-6.jpg',0,'2024-04-24 11:26:17',21),(225,'0000-00-00 00:00:00','Читальный зал научной библиотеки','','','/var/www/html/vm/img/читальный зал_2_2-288.JPG','/vm/img/читальный зал_2_2-288.JPG',0,'2024-04-24 11:26:55',26),(226,'2020-02-04 00:00:00','Дронова Т.И.','Дронова Татьяна Ивановна','','/var/www/html/vm/img/Dronova-8.jpg','/vm/img/Dronova-8.jpg',0,'2024-04-24 11:35:04',22),(227,'2016-09-29 00:00:00','Конференция Человек и событие_сентябрь 2016_участники_общее фото.jpg','Участники Всероссийской научной конференции с международным участием «Человек и событие в исторической памяти»','','/var/www/html/vm/img/Конференция Человек и событие_сентябрь 2016_участники_общее фото-890.JPG','/vm/img/Конференция Человек и событие_сентябрь 2016_участники_общее фото-890.JPG',0,'2024-04-24 11:36:10',21),(228,NULL,'\"Археология Республики Коми\". ','Обобщающее издание \"Археология Республики Коми\" (1997)','','/var/www/html/vm/img/Археология РК-297.jpg','/vm/img/Археология РК-297.jpg',0,'2024-04-24 11:41:05',23),(229,NULL,'Конференция Филол. исследования-2017_октябрь_секция по фольклору.jpg','Участники фольклорной секции III Всероссийской научной конференции «Филологические исследования – 2017. Фольклор, литературы и языки народов Европейской части России: формы, модели, механизмы взаимодействия\"','','/var/www/html/vm/img/Конференция Филол. исследования-2017-410.jpg','/vm/img/Конференция Филол. исследования-2017-410.jpg',0,'2024-04-24 11:44:32',21),(230,NULL,'Писатели Коми_Т.1','Обложка книги: Писатели Коми: биобиблиографический словарь. В 2 т. Т. 1: А-Л. Сыктывкар: Анбур, 2017. 628 с. ','','/var/www/html/vm/img/Писатели Коми_Т.1-648.jpg','/vm/img/Писатели Коми_Т.1-648.jpg',0,'2024-04-24 11:50:24',16),(231,'2014-04-22 00:00:00','Шарапов В.Э.','Шарапов Валерий Энгельсович','','/var/www/html/vm/img/Sharapov-999.jpg','/vm/img/Sharapov-999.jpg',0,'2024-04-24 12:00:12',22),(232,NULL,'Писатели Коми_Т.2','Обложка книги: Писатели Коми: биобиблиографический словарь. В 2 т. Т. 2: М-Я. Сыктывкар, 2022. 848 с. ','','/var/www/html/vm/img/Писатели Коми_Т.2-938.jpg','/vm/img/Писатели Коми_Т.2-938.jpg',0,'2024-04-24 12:03:46',16),(233,'2017-01-19 00:00:00','Рогачев М.Б.','Рогачев Михаил Борисович','','/var/www/html/vm/img/Rogachev-884.jpg','/vm/img/Rogachev-884.jpg',0,'2024-04-24 12:05:58',22),(234,'2023-07-04 00:00:00','Надежда Александровна Волокитина','Н.А. Волокитина на раскопках стоянки Ярега на р. Вычегда (2023)','','/var/www/html/vm/img/Волокитина-723.jpg','/vm/img/Волокитина-723.jpg',0,'2024-04-24 12:17:52',23),(235,'2020-01-21 00:00:00','Уляшев О.И.','Уляшев Олег Иванович','','/var/www/html/vm/img/Ulyashev-227.jpg','/vm/img/Ulyashev-227.jpg',0,'2024-04-24 12:27:29',22),(236,NULL,'Элеонора Анатольевна Савельева','Элеонора Анатольевна Савельева','','/var/www/html/vm/img/Савельева-68.jpg','/vm/img/Савельева-68.jpg',0,'2024-04-24 12:40:51',23),(237,NULL,'Элеонора Анатольевна Савельева','Элеонора Анатольевна Савельева','','/var/www/html/vm/img/5.9.e.a.saveleva-891.jpg','/vm/img/5.9.e.a.saveleva-891.jpg',0,'2024-04-24 12:41:24',23),(238,NULL,'КНП_1993-1995.jpg','Обложки трехтомника \"Коми народные песни\" (переиздание 1993-1995 гг.)','','/var/www/html/vm/img/КНП_1993-1995-149.jpg','/vm/img/КНП_1993-1995-149.jpg',0,'2024-04-24 12:52:24',21),(239,NULL,'Kozlova_2.jpg','Козлова (Ветошкина) Елена Васильевна, ст. лаборант сектора литературы и фольклора (с 1978 по 1982 гг.) ','','/var/www/html/vm/img/Kozlova_2-593.jpg','/vm/img/Kozlova_2-593.jpg',0,'2024-04-24 13:07:57',21),(240,'2018-05-29 00:00:00','Конференция в Польше_Торунь_май 2018_участники_общее фото.jpg','Участники Международной научной конференция «Фольклор и фольклорно-литературные связи в современных исследованиях» (28-29 мая 2018 г., Торунь, Польша). ','','/var/www/html/vm/img/Конференция в Польше_Торунь_май 2018_участники_общее фото-399.jpg','/vm/img/Конференция в Польше_Торунь_май 2018_участники_общее фото-399.jpg',0,'2024-04-24 13:20:52',21),(241,NULL,'2019_Folklore.jpg','Обложка журнала “FOLKLORE” (Estonia), в котором опубликованы научные статьи сотрудников сектора фольклора ИЯЛИ.','','/var/www/html/vm/img/2019_Folklore-267.jpg','/vm/img/2019_Folklore-267.jpg',0,'2024-04-24 13:25:20',21),(242,'2024-04-24 00:00:00','Заседание сектора ','Заседание сектора изучения культурной адаптации населения циркумполярной зоны Европейского Северо-Востока (2024). Слева на право в первом ряду Павлов П.Ю., Савельева Э.А., Волокитин А.В., Волокитина Н.А. Во втором ряду Родов С.А.','','/var/www/html/vm/img/Сектор-464.JPG','/vm/img/Сектор-464.JPG',0,'2024-04-24 13:36:19',23),(243,'2024-04-24 00:00:00','Заседание сектора','Сотрудники отдела археологии на заседании сектора изучения культурной адаптации населения циркумполярной зоны Европейского Северо-Востока (2024). Слева на право в первом ряду - Павлов П.Ю., Савельева Э.А., Волокитин А.В., Волокитина Н.А., Попов Е.В., во втором ряду - Кленов М.В., Лысков О.А.','','/var/www/html/vm/img/Заседание сектора 2-298.JPG','/vm/img/Заседание сектора 2-298.JPG',0,'2024-04-24 13:40:20',23),(244,NULL,'Древний Синдор','Монография Г.М. Бурова \"Древний Синдор\"','','/var/www/html/vm/img/Древний Синдор-891.jpg','/vm/img/Древний Синдор-891.jpg',0,'2024-04-24 14:04:16',23);
/*!40000 ALTER TABLE `file` ENABLE KEYS */;
UNLOCK TABLES;

--
-- Table structure for table `file_event`
--

DROP TABLE IF EXISTS `file_event`;
/*!40101 SET @saved_cs_client     = @@character_set_client */;
/*!50503 SET character_set_client = utf8mb4 */;
CREATE TABLE `file_event` (
  `id` int(11) NOT NULL AUTO_INCREMENT,
  `idEvent` int(11) NOT NULL,
  `idFile` int(11) NOT NULL,
  PRIMARY KEY (`id`),
  KEY `idEvent` (`idEvent`),
  KEY `idFile` (`idFile`),
  CONSTRAINT `file_event_ibfk_2` FOREIGN KEY (`idEvent`) REFERENCES `event` (`id`) ON DELETE CASCADE ON UPDATE CASCADE,
  CONSTRAINT `file_event_ibfk_1` FOREIGN KEY (`idFile`) REFERENCES `file` (`id`) ON DELETE CASCADE ON UPDATE CASCADE
) ENGINE=InnoDB AUTO_INCREMENT=134 DEFAULT CHARSET=utf8mb4;
/*!40101 SET character_set_client = @saved_cs_client */;

--
-- Dumping data for table `file_event`
--

LOCK TABLES `file_event` WRITE;
/*!40000 ALTER TABLE `file_event` DISABLE KEYS */;
INSERT INTO `file_event` (`id`, `idEvent`, `idFile`) VALUES (17,62,43),(18,62,44),(19,62,92),(20,63,99),(21,64,100),(31,70,110),(32,70,111),(33,71,118),(34,73,134),(38,75,122),(40,76,125),(41,77,131),(42,78,114),(43,79,124),(45,80,121),(46,81,129),(52,86,117),(53,87,95),(56,90,132),(59,92,119),(62,94,164),(63,98,126),(64,101,116),(65,102,116),(66,103,127),(99,121,203),(100,122,204),(106,124,105),(107,118,108),(109,117,107),(110,117,195),(111,117,196),(112,117,197),(113,117,198),(119,125,228),(120,113,188),(128,106,241),(129,126,137),(130,126,155),(131,128,242),(132,128,243),(133,129,244);
/*!40000 ALTER TABLE `file_event` ENABLE KEYS */;
UNLOCK TABLES;

--
-- Table structure for table `file_person`
--

DROP TABLE IF EXISTS `file_person`;
/*!40101 SET @saved_cs_client     = @@character_set_client */;
/*!50503 SET character_set_client = utf8mb4 */;
CREATE TABLE `file_person` (
  `id` int(11) NOT NULL AUTO_INCREMENT,
  `idFile` int(11) NOT NULL,
  `idPerson` int(11) NOT NULL,
  PRIMARY KEY (`id`),
  KEY `idFile` (`idFile`),
  KEY `idPerson` (`idPerson`),
  CONSTRAINT `file_person_ibfk_2` FOREIGN KEY (`idPerson`) REFERENCES `person` (`id`) ON DELETE CASCADE ON UPDATE CASCADE,
  CONSTRAINT `file_person_ibfk_1` FOREIGN KEY (`idFile`) REFERENCES `file` (`id`) ON DELETE CASCADE ON UPDATE CASCADE
) ENGINE=InnoDB AUTO_INCREMENT=265 DEFAULT CHARSET=utf8mb4;
/*!40101 SET character_set_client = @saved_cs_client */;

--
-- Dumping data for table `file_person`
--

LOCK TABLES `file_person` WRITE;
/*!40000 ALTER TABLE `file_person` DISABLE KEYS */;
INSERT INTO `file_person` (`id`, `idFile`, `idPerson`) VALUES (5,8,5),(7,12,15),(8,14,17),(9,15,20),(22,9,12),(23,11,14),(24,13,16),(25,19,24),(26,20,25),(27,21,27),(28,23,28),(29,24,29),(30,25,32),(31,26,33),(32,27,34),(33,28,35),(34,29,33),(35,30,33),(36,10,13),(37,31,35),(38,32,15),(39,32,16),(41,37,39),(43,39,45),(45,41,43),(46,42,40),(47,43,42),(48,44,44),(49,45,46),(52,48,50),(54,50,49),(55,52,53),(58,55,57),(59,56,56),(61,58,59),(62,59,83),(63,60,86),(64,61,69),(66,62,64),(67,63,82),(68,64,62),(69,65,68),(70,66,87),(71,67,88),(72,68,73),(73,69,66),(74,70,79),(75,71,65),(76,72,84),(77,73,19),(78,74,75),(79,76,70),(80,77,67),(82,79,80),(84,80,16),(85,81,72),(86,82,71),(87,83,61),(88,84,81),(89,85,30),(90,86,77),(91,87,25),(92,88,63),(93,89,92),(94,91,85),(95,47,95),(97,98,96),(98,99,93),(99,100,94),(100,101,97),(101,102,98),(102,103,99),(103,104,100),(104,109,74),(105,112,101),(106,118,93),(108,133,103),(110,135,103),(111,135,98),(112,135,94),(113,135,93),(116,138,103),(117,143,104),(118,146,105),(119,148,106),(120,153,107),(121,154,94),(122,156,108),(130,159,101),(131,160,104),(141,170,122),(142,169,119),(143,171,123),(150,172,124),(153,155,109),(158,165,118),(159,166,118),(167,173,129),(168,174,130),(169,175,132),(170,176,135),(171,177,105),(172,178,130),(174,180,113),(175,181,119),(176,182,138),(177,183,135),(178,183,132),(179,183,130),(180,183,122),(181,183,119),(182,183,113),(183,183,108),(184,183,106),(185,183,105),(186,183,104),(187,184,98),(188,185,139),(189,186,89),(190,187,113),(193,190,142),(194,191,113),(196,193,132),(197,194,119),(200,203,132),(201,203,113),(202,203,105),(203,204,132),(204,205,147),(206,206,147),(208,212,105),(211,216,130),(212,217,133),(214,219,150),(215,221,58),(216,224,154),(217,226,155),(218,228,147),(219,228,139),(220,228,129),(221,228,90),(222,231,156),(223,233,146),(224,234,157),(225,235,158),(226,236,159),(227,237,159),(228,238,103),(229,238,98),(230,238,94),(231,239,161),(232,242,159),(233,242,157),(234,242,147),(235,242,139),(236,243,159),(237,243,157),(238,243,147),(239,243,139),(240,147,125),(241,142,114),(242,141,112),(243,140,111),(244,139,110),(245,137,109),(246,149,126),(247,150,126),(248,151,127),(249,152,128),(250,158,115),(251,161,116),(252,162,117),(253,163,110),(254,167,120),(255,244,29),(256,168,121),(257,189,140),(258,192,141),(259,199,143),(260,201,144),(261,211,148),(262,213,149),(263,215,151),(264,218,153);
/*!40000 ALTER TABLE `file_person` ENABLE KEYS */;
UNLOCK TABLES;

--
-- Table structure for table `person`
--

DROP TABLE IF EXISTS `person`;
/*!40101 SET @saved_cs_client     = @@character_set_client */;
/*!50503 SET character_set_client = utf8mb4 */;
CREATE TABLE `person` (
  `id` int(11) NOT NULL AUTO_INCREMENT,
  `F` varchar(45) DEFAULT NULL,
  `I` varchar(45) DEFAULT NULL,
  `O` varchar(45) DEFAULT NULL,
  `dol` text COMMENT 'должность',
  `comment` text COMMENT 'Биографические данные (кратко)',
  `publications` text COMMENT 'Основные публикации',
  `awards` text COMMENT 'Награды, звания',
  `dayN` date DEFAULT NULL COMMENT 'дата рождения',
  `dayD` date DEFAULT NULL COMMENT 'дата смерти',
  `create_date` timestamp NULL DEFAULT CURRENT_TIMESTAMP,
  `create_user` int(11) DEFAULT NULL,
  PRIMARY KEY (`id`)
) ENGINE=InnoDB AUTO_INCREMENT=162 DEFAULT CHARSET=utf8mb4;
/*!40101 SET character_set_client = @saved_cs_client */;

--
-- Dumping data for table `person`
--

LOCK TABLES `person` WRITE;
/*!40000 ALTER TABLE `person` DISABLE KEYS */;
INSERT INTO `person` (`id`, `F`, `I`, `O`, `dol`, `comment`, `publications`, `awards`, `dayN`, `dayD`, `create_date`, `create_user`) VALUES (5,'Сорвачева ','Валентина ','Александровна ','кандидат филологических наук, ','Специалист в области диалектологии и лексикографии коми языка, внесла большой вклад в развитие коми диалектологии. Долгое время руководила плановой темой «Изучение и монографическое описание диалектов коми языка». В многочисленных экспедициях в разные районы Коми АССР ею был собран богатейший языковой материал, хранящийся в настоящее время в научном архиве Коми НЦ УрО РАН, изучена языковая специфика верхневычегодского, нижневычегодского, удорского диалектов. Собранные ученым языковые материалы легли в основу фундаментальных работ по коми языкознанию: «Сравнительный словарь коми-зырянских диалектов» (1961), «Верхневычегодский диалект коми языка» (1966), «Нижневычегодский диалект коми языка» (1978), «Удорский диалект коми языка» (1990), «Образцы коми-зырянской речи» (1971). В.А. Сорвачева участвовала также в создании учебников для вузов «Современный коми язык. Ч. I. Фонетика. Лексика. Морфология» (1955), «Современный коми язык. Ч. II. Синтаксис» (1967), составила карту',NULL,NULL,'1923-02-23','1977-06-12','2024-03-29 08:40:13',2),(12,'Жилина','Татьяна','Ивановна','кандидат филологических наук, старший научный сотрудник','Окончила в 1944 г. историко-филологический факультет Коми государственного педагогического института. В 1946 г. поступила в аспирантуру Базы АН СССР в Сыктывкаре. С 1950 г. работала в ИЯЛИ в должности младшего научного сотрудника, с 1962 – старшего научного сотрудника, с 1971 г. по 1982 г. – ученый секретарь ИЯЛИ Коми филиала АН.','илина Т.И. Верхнесысольский диалект коми языка. М.: Наука, 1975. 268 с. \r\nЖилина Т.И. Лузско-летский диалект коми языка. М.: Наука, 1985. 274 с. \r\nЖилина Т.И. Вымский диалект коми языка. Сыктывкар, 1998. 438 с.\r\n','ль “Ветеран труда” (1982), Заслуженный деятель науки Коми АССР (1973), звание “Ударник девятой пятилетки” (1975)','1923-12-14','0000-00-00','2024-03-29 09:30:30',2),(13,'Гуляев ','Евгений ','Семенович ','кандидат филологических наук, старший научный сотрудник','Специалист в области истории языка, исторической и описательной лексикологии, диалектологии, грамматики коми языка, куратоведения. Е.С. Гуляев исследовал семантику и историческое развитие группы падежей (элатива, эгрессива, аблатива, компаратива) коми языка, подробно рассмотрел проблемы формирования словарного состава коми языка, выявив этимологии и происхождение слов, основные этапы становления коми-зырянского литературного языка. Он является соавтором краткого коми этимологического словаря. Е.С. Гуляев принимал участие в сборе, обработке диалектного материала, описании особенностей верхневычегодского и верхнесысольского диалектов. Занимался изучением поэтического наследия И.А. Куратова, подготовил к изданию полное собрание художественных произведений поэта (И. Куратов. Менам муза. Сыктывкар, 1979). Участвовал в работе III и IV Международных конгрессов финно-угроведов (Таллин, 1970, Будапешт, 1975). Е.С. Гуляев читал в Коми государственном педагогическом институте курсы истории коми языка и диалектологии, был научным руководителем при написании нескольких диссертаций. Исследователь являлся членом Советского комитета финно-угроведов, членом редколлегии журнала “Советское финно-угроведение”, участвовал в подготовке и проведении XI Всесоюзной конференции по финно-угроведению (Сыктывкар, 1965), III Международного конгресса финно-угроведов (Таллин, 1970). ',NULL,NULL,'1928-03-28','1977-04-05','2024-03-29 09:38:50',2),(14,'Сельков ','Николай ','Никитич ','научный сотрудник','Специалист в области лексикографии, синтаксиса, диалектологии коми языка. Ученый собрал большой диалектный материал во время многочисленных экспедиций, что позволило затем написать подробные описания ижемского и печорского диалектов, быть одними из составителей сравнительного словаря коми-зырянских диалектов. Он был соавтором орфографического (1976, 1985) и большого русско-коми словаря (1966). С 1961 г. ученый работал в качестве составителя и редактора крупного коллективного труда по синтаксису коми языка, который до сих пор является единственным обобщающим учебником для вузов по синтаксису коми языка. Н.Н. Сельков внес значительный вклад в организацию преподавательской работы в школах и вузах. Он автор учебников коми языка для 6–7 и 7–8 классов, учебника для 6–8 классов; им составлены правила коми орфоэпии, программы по коми языку для начальной школы и для 5–7 классов, методические разработки по коми грамматике. Награжден медалями «За оборону Ленинграда» (1942), «За победу над Германией в Великой Отечественной войне» (1945), Почетными грамотами Коми филиала АН СССР (1970), Президиума Верховного Совета Коми АССР (1971). ',NULL,NULL,'1911-08-15','1992-11-11','2024-03-29 09:49:50',2),(15,'Лоскутова ','Нина ','Ильинична ','научный сотрудник','Специалист в области диалектологии и лексикографии коми языка. Внесла весомый вклад в развитие коми филологической науки. Нина Ильинична была участником многочисленных экспедиций по сбору диалектного материала, совершила более полутора десятков выездов в Печорский, Усть-Куломский, Корткеросский, Сыктывдинский, Сысольский, Прилузский районы Коми АССР, Ненецкий автономный округ. Лингвистический материал, собранный, обработанный и систематизированный при участии Н.И. Лоскутовой, лег в основу монографий по верхневычегодскому, присыктывкарскому, верхнесысольскому, печорскому, среднесысольскому и лузско-летскому диалектам коми языка.За многолетний труд, большие заслуги в развитии коми языкознания награждена медалями «За трудовое отличие» и «Ветеран труда», Почетными грамотами Президиума Академии наук СССР в связи с 250-летием АН СССР, Президиума Коми филиала АН СССР.',NULL,NULL,'1934-09-30','2023-07-10','2024-03-29 09:56:26',2),(16,'Павлова  ','Эльба','Кирилловна ','Старший лаборант','Старший лаборант сектора языка, принимала участие в экспедициях по сбору фольклорного и диалектного материала, в обработке и систематизации материала для монографий по верхневычегодскому, печорскому, нижневычегодскому, удорскому диалектам.',NULL,NULL,'1933-07-29','2013-01-01','2024-03-29 10:20:49',2),(17,'Костромина ','Ия','Николаевна','лаборант','Костромина Ия Николаевна - специалист в области лексикологии, истории коми языкознания. Она ввела в научный оборот архивные материалы о жизни и творчестве исследователей коми языка XIX в., написав биографические очерки о Г.С. Лыткине, П.И. Савваитове, А.Е. Попове, Н.П. Попове, А.В. Красове, П. Михайлове, А.В. Журавском, И.И. Разманове, А.Ф. Флёрове, А.М. Шёгрене. В области лексикологии ею исследован словарный состав коми языка с точки зрения активного и пассивного запаса (неологизмы и архаизмы). И.Н. Костромина участвовала в сборе материала для “Краткого этимологического словаря коми языка” (авторы В.И.Лыткин, Е.С.Гуляев), монографии «Нижневычегодский диалект коми языка» (автор В.А.Сорвачева), собрания сочинений И.А. Куратова «Менам муза» (1979). Она является одним из авторов коллективной монографии “Современный коми язык. Лексикология” (1985). ',NULL,NULL,'1931-12-04','2012-04-03','2024-04-01 08:51:39',2),(19,'Коснырева ','Раиса ','Ивановна ','лаборант','Область научных интересов Косныревой Р.И.  включает изучение диалектной и литературной коми лексики, составление словарей различных типов, рассмотрение имен собственных и языка произведений некоторых коми писателей в научно-популярных статьях. Р.И. Коснырева неоднократно выезжала в полевые экспедиции в разные районы республики, собрала богатый диалектный материал, который в виде многотомных отчетов хранится в научном архиве Коми НЦ УрО РАН. Совместно с известным ученым-фольклористом Ф.В. Плесовским она работала над изданием книг «Коми фразеологизмы», «Коми пословицы и поговорки», «Коми народные загадки», привлекая богатый материал собственных полевых записей.',NULL,NULL,'1935-06-18',NULL,'2024-04-01 08:57:18',2),(20,'Бараксанов ','Геннадий ','Григорьевич ','кандидат филологических наук, старший научный сотрудник','Бараксанов Геннадий Григорьевич, специалист в области коми диалектологии, исследования норм литературного языка, автор многих учебников коми языка для средней школы. Ученый внес существенный вклад в изучение и описание коми диалектов. Он неоднократно выезжал в диалектологические экспедиции в различные районы республики Коми, на Кольский полуостров, в Омскую область. В соавторстве с коллегами ученый подготовил описательные монографии по присыктывкарскому и среднесысольскому диалектам. Г.Г. Бараксанов был одним из организаторов нескольких крупных научных форумов в Сыктывкаре: ХI и ХVI Всесоюзных конференций финно-угроведов, VI Международного конгресса финно-угроведов и др. Большое внимание исследователь уделял преподаванию коми языка в школе и вузе. Он – автор учебников для средних школ, учебных программ. В 1972 г. в ходе создания Сыктывкарского государственного университета Г.Г. Бараксанов большие усилия приложил для организации кафедры коми языка и литературы, разрабатывал и читал основные курсы по коми языку (фонетика, лексикология, введение в финно-угроведение и др.), руководил курсовыми и дипломными работами студентов.',NULL,NULL,'1934-09-12','1997-03-16','2024-04-02 06:57:28',2),(24,'Лыткин   ','Василий','Ильич','доктор филологических наук','Областями обширных научных интересов В.И. Лыткина были вопросы строительства коми литературного языка, диалекты пермских языков, памятники древнекоми письменности, история пермских языков. Он принимал участие в решении вопросов строительства коми литературного языка: в определении опорного диалекта, упорядочении норм литературного языка, алфавита. Проследил историю формирования и современное состояние пермских языков, исследовал основные этапы становления коми-зырянского литературного языка. Принимал участие в сборе, систематизации диалектного материала, выявил основные особенности коми диалектов, подробно описал фонетико-грамматические особенности коми-язьвинского наречия. В.И. Лыткин изучил древние памятники коми письменности, описал принципы составления первого национального алфавита, фонетико-морфологические особенности языка XIV–XVII вв. В области истории языка реконструировал прапермскую (пракоми) систему гласных и согласных, описал развитие фонетической системы коми языка, хронологию и протекание основных фонетических процессов, развитие частей речи и грамматических категорий, происхождение грамматических форм, развитие словарного состава коми языка, выявил этимологии и происхождение многих слов. В.И. Лыткин составил учебники для школ и высших учебных заведений. Он стоял у истоков коми литературы и литературоведения, писал и переводил стихи на коми язык, исследовал творчество И.А. Куратова. В.И. Лыткин являлся членом Союза писателей СССР, зарубежным членом Финской АН, почетным членом Финно-угорского общества (Хельсинки), Урало-Алтайского общества (Гёттинген) и Общества родного языка (Таллин). Он был отличником народного просвещения РСФСР, Заслуженным деятелем науки и культуры РСФСР, Заслуженным деятелем науки и техники Коми АССР (1965), лауреатом Государственной премии Коми АССР им. И.А. Куратова (1971). Награжден орденом «Дружбы народов».',NULL,NULL,'1895-12-15','1981-08-27','2024-04-03 13:47:33',2),(25,'Туркин   ','Адольф','Иванович','доктор филологических наук','Туркин Адольф Иванович (Кöсты Вась Миш Öдöль), доктор филологических наук, крупный специалист в области изучения лексики и топонимии, истории коми-зырянских диалектов, переводчик на коми язык, поэт, популяризатор коми языка и литературы.\r\nОдним из основных направлений научного творчества А.И. Туркина была коми топонимия, шире – ономастика. Ее сбору и систематизации он посвятил более тридцати лет. Начиная с 1966 г. Адольф Иванович собирал топонимический материал в экспедициях на территориях бассейнов рек Вычегды (1966–1969), Выми и Сысолы (1973), Вашки и Мезени (1978), Лузы и Летки (1979), Ижмы (1980), Печоры (1981). В его работах были разработаны основы научного исследования коми топонимии, критически рассмотрены предыдущие работы по теме, установлены закономерности адаптации коми названий в русской топонимической системе, определены лексико-семантические типы коми топонимов, выявлена исчезнувшая и архаичная лексика коми языка, сохранившаяся только в топонимии, выделены этнолингвистические пласты. Помимо топонимики исследователь занимался и другими проблемами коми языкознания. Одно из направлений его исследований – выявление и описание памятников письменности коми языка. Ученый известен и как исследователь лингвистических контактов коми языка. А.И. Туркин автор более 200 научных работ.\r\nУченый занимался и литературоведением. Одним из первых обратился к творчеству коми писателя и ученого К.Ф. Жакова, подготовил и издал сборник его рассказов, очерков, сказок и преданий «Под шум северного ветра» (Сыктывкар 1990) с обширным предисловием и комментариями. Он открыл для научной и литературной общественности малоизвестного писателя и ученого И.Н. Мошегова (Игнатий Мöсшег) (1880–1965), который с 1920 г. жил в Финляндии и свои труды писал по-фински. А.И.Туркин известен как переводчик финской и эстонской литературы на коми язык. Он перевел часть карело-финского эпоса «Калевала», произведения финских писателей Мартти Ларни и Эльви Синерво, эстонских авторов Оскара Лутса, Антона Хансена Таммсааре и Аугуста Якобсона. \r\nТуркин А.И. являлся действительным членом Общества родного языка (Таллин, 1977), зарубежным членом Финно-угорского общества Финляндии (Хельсинки, 1983), зарубежным членом общества «Калевала» (Хельсинки, 1985), членом-корреспондентом Финского литературного общества (Хельсинки, 1990), действительным членом Урало-алтайского общества (Гёттинген, 1990), в 1987 г. был награжден юбилейной медалью общества «Калевала» (Хельсинки), посмертно был удостоен государственной премии Республики Коми в области науки.\r\n',NULL,NULL,'1936-01-01','1996-06-18','2024-04-03 13:53:31',2),(26,'Сидоров','  Алексей',' Семенович ','доктор филологических наук','Сидоров  Алексей Семенович, доктор филологических наук, крупный специалист в области синтаксиса, грамматики, лексикологии, диалектологии, истории коми языка, а также этнографии, литературоведения, археологии.\r\nОбласть научных интересов А.С. Сидорова обширна и разнообразна. Его лингвистические труды легли в основу современного коми языкознания. Ученый много внимания уделял изучению коми диалектов, формированию норм коми литературного языка, вопросам происхождения и истории коми языка и, более всего, исследованию синтаксического строя коми языка. Итогом многолетнего исследования синтаксиса коми языка стал его фундаментальный труд «Синтаксис коми языка», хранящийся в научном архиве Коми НЦ Уро РАН. А.С. Сидоровым был обнаружен и описан один из памятников древнепермского языка – гамский вариант рукописной обедни (перевод конца XIV в.). Ученый много сделал в области планирования научных исследований коми языка. В частности, он разработал программу фронтального исследования коми-зырянских диалектов, которая затем была успешно реализована его учениками и последователями в 60 – 80 гг.\r\nА.С. Сидоров внес значительный вклад в развитие не только коми языкознания, но также литературоведения, археологии и этнографии: он был первым исследователем творчества коми поэта И.А. Куратова, собрал и обработал поэтическое творчество первого коми поэта, заложил основы археологических исследований в Коми крае, изучал быт и культуру коми народа, собирал коллекции для областного краеведческого музея. \r\n',NULL,NULL,'1892-11-10','1953-03-21','2024-04-03 13:57:23',2),(27,'Манова ','Надежда ','Дмитриевна ','кандидат филологических наук, доцент','Н.Д. Манова-  специалист в области изучения синтаксиса сложного предложения (в частности, сложноподчиненного) коми языка, их типов в диахронном аспекте, чему и была посвящена ее кандидатская диссертация. Она одна из первых исследовала синтаксис сложного предложения коми языка в историческом освещении, изучила происхождение некоторых подчинительных союзов. Н.Д. Манова – автор работ, посвященных функциональным аналогам придаточных предложений – деепричастиям коми языка. В русле ее интересов был и синтаксис текста коми языка. Второе основное направление исследователя — создание практической методики преподавания коми языка для лиц, не владеющих им в качестве родного, а также создание учебников коми языка для взрослой аудитории. Ею были подготовлены и изданы учебные пособия по коми и русскому языкам, опирающиеся на современные методические разрабтки в преподавании иностранных языков. Н.Д. Манова занимается также художественным переводом с венгерского языка. Ею изданы четыре сборника венгерских сказок в переводе на коми и русский языки.\r\nЗа плодотворный многолетний труд в изучении коми языка, преподавании коми и русского языков Н.Д. Манова награждена Почетной грамотой Министерства образования Российской Федерации (1996), Почетной грамотой Главы Республики Коми (2001). \r\n',NULL,NULL,'1947-04-07',NULL,'2024-04-03 14:31:35',2),(28,'Итконен','Эркки','Эсайас','финский языковед','Итконен Эркки начал свой научный путь как исследователь саамского языка, но написал несколько работ о финском, марийском, мордовском, удмуртском и коми языках. И. является автором четырехтомного словаря диалекта инарских саамов; он участвовал в составлении многотомного этимологического словаря финского языка. И. — автор более 200 научных трудов в области сравнительной финно-угристики, фонетики финно-угорских языков, особенно вокализма, этимологии и лексикологии. В нескольких работах И. рассматривает также проблемы, связанные с коми языком. В работе «Zur Geschichte des Vokalismus der ersten Silbe im Tscheremissischen und in den permischen Sprachen» — Finnisch-Ugrische Forschungen, Bd. XXXI, Heft 3. Helsinki 1954, 149-345 (К истории вокализма первого слога в марийском и пермских языках) освещается предполагаемая система гласных звуков первого слога допермского и общепермского языка-основы. В статье «Esiintyykӧ s-Latiivi permilдissд kielissд?» — Virittдjд, 1966, 273-280 (Имеется ли s-овый латив в пермских языках?) И. высказывает мнение о том, что латив ограничен хронологическими и территориальными рамками волжско-финского периода и отсутствует в пермских языках.\r\nВ статье «Spuren der Quantitдtskorrelation der Vokale im Syrjдnischen». — Journal de la Sociеtе Finno-Ougrienne, 71. Helsinki, 1971, 1-30 (Следы количественного соотношения гласных в коми языке) рассматриваются фонема ф, вторичные долгие гласные и другие особенности фонетического строя коми языка.\r\nВ декабре 1957 г. И. был в научной командировке в г.Сыктывкаре, посетил Коми филиал АН СССР, Коми педагогический институт. По возвращении в Финляндию И. опубликовал статью «Komi tasavallan kielitieteeseen tutustumassa» — Virittдjд, 1958, 66-71 (Знакомство с языкознанием Республики Коми).\r\n',NULL,NULL,'1913-04-26','1992-05-28','2024-04-04 08:06:39',2),(29,'Буров ','Григорий ','Михайлович','Доктор исторических наук','Буров Григорий Михайлович, специалист в области изучения материальной и духовной культуры, происхождения древнего населения бассейна Вычегды в эпоху камня, бронзы, раннего железного века и средневековья. С 1957 г. проводил полевые исследования в бассейне Вычегды в качестве начальника Вычегодского археологического отряда. Им  были  открыты десятки новых археологических памятников различных эпох, в том \r\nчисле – комплекс долговременных поселений на Синдорском озере, включающими торфяниковые стоянки с коллекцией древних предметов из дерева, коры и травы. Материалы археологических исследований позволили ученому впервые дать периодизацию археоло-гических памятников Вычегодского бассейна, рассмотреть некоторые особенности хозяйства и быта его древнего населения, поставить ряд важных вопросов этнокультурной истории Вычегодского края от мезолита до  I тыс. н. э. В 1986 г. в Институте истории, филологии и философии Сибирского отделения АН СССР (г. Новосибирск) защитил докторскую диссертацию  на тему “Крайний Северо-Восток Европы в эпоху мезолита, неолита и раннего металла”. \r\n',NULL,NULL,'1933-09-22','2013-02-24','2024-04-04 08:18:22',2),(30,'Сахарова ','Марфа ','Александровна ','кандидат филологических наук','Специалист в области диалектологии, лексикографии, орфографии, морфологии и синтаксиса. За период научно-иссле¬довательской деятельности написала 40 работ, 36 из которых опубли¬ковано. Значительный вклад М.А.Сахарова внесла в изучение коми-зырянских диалектов. Богатый материал, собранный ею во время диалектологических экспедиций, использован в монографиях: “Верхне¬вычегодский диалект коми языка” (Сыктывкар, 1966; в соавт.), “Печорский диалект коми языка” (Сыктывкар, 1976; в соавт.), “Ижемский диалект коми языка” (Сыктывкар, 1976; в соавт.). Принимала активное участие в составлении словарей коми языка. Она автор “Русско-коми терминологического словаря” (Сыктывкар, 1953), соавтор “Коми орфографического словаря” (Сыктывкар, 1942, 1959, 1985), “Коми-русского словаря” (Сыктывкар, 1948), “Сравнительного словаря коми-зырянских диалектов” (Сыктывкар, 1961).\r\nНакопленный педагогический опыт М.А.Сахарова использовала при создании учебников и учебных пособий. Она является одним из авторов учебников для вузов “Современный коми язык, ч.I” (Сыктывкар, 1955), “Современный коми язык, ч.II” (Сыктывкар, 1967), учебника для VI-VII классов “Коми грамматика. Синтаксис” (Сыктывкар, 1949, 1951, 1954), учебников для педучилищ “Коми грамматика. Синтаксис” (Сыктывкар, 1950), “Коми грамматика. Морфология” (Сыктывкар, 1952), сборника упражнений по синтаксису (Сыктывкар, 1944, 1948, 1951).\r\nМ.А.Сахарова – участник I Международного конгресса финно-угроведов (Будапешт, 1960), вела большую общественную работу, была депутатом Сыктывкарского городского Совета двух созывов (1955, 1957 гг.).\r\nНаграждена Почетными грамотами Президиума АН СССР (1945), Президиума Верховного Совета Коми АССР (1961), медалью “За доблестный труд в Великой Отечественной войне. 1941-1945 гг.”, Заслуженный деятель науки и техники Коми АССР (1969). \r\n',NULL,NULL,'1913-09-06',NULL,'2024-04-04 08:42:01',2),(32,'Колегова',' Нина ','Андреевна ','кандидат филологических наук, старший научный сотрудник','Колегова Нина Андреевна, специалист в области коми диалектологии, грамматики, лексикографии коми языка, автор 24 работ, из которых 16 опубликованы, остальные хранятся в научном архиве Коми НЦ УрО РАН. Под ее руководством коллектив языковедов плодотворно работал над важнейшими проблемами грамматического строя коми языка, над составлением двуязычных и диалектологических словарей, учебных и научных грамматик коми языка. С начала работы в научно-исследовательском институте Н.А. Колегова активно включилась в сбор материала и изучение коми диалектов, совершила экспедиции в Сысольский, Ижемский, Ухтинский, Усть-Усинский, Удорский, Троицко-Печорский районы Коми АССР. Много внимания она уделяла и преподаванию коми языка в начальной и средней школах. В 1939 г. вышел в свет ее учебник по коми грамматике для 3 класса, который неоднократно переиздавался (1940, 1941, 1943, 1974).\r\nН.А. Колегова награждена медалью «За доблестный труд в Великой Отечественной войне 1941–1945 гг.», Почетными грамотами Президиума АН СССР (1945), Верховного Совета Коми АССР (1961); получила звание «Заслуженный работник науки и культуры Коми АССР» (1964).\r\n',NULL,NULL,'1913-11-03','2006-12-09','2024-04-05 07:09:57',2),(33,'Безносикова  ','Люция','Михайловна ','кандидат филологических наук','Безносикова Люция Михайловна, специалист в области лексикологии и лексикографии, диалектологии коми языка. В ее исследованиях впервые подвергнуты подробному освещению вопросы обогащения литературного коми языка лексическими диалектизмами, вопросы взаимодействия письменной речи и диалектов в художественной литературе послевоенного времени. Л.М. Безносиковой предпринято систематическое описание основных категорий коми лексики, разработаны новые типы словарей коми языка, отражающие лексику с различных точек зрения – со стороны семантической противоположности (словарь антонимов), фонетического и графического совпадения слов и их форм (словарь омонимов), ассоциации образных определений с другими словами (словарь эпитетов), со стороны происхождения лексем (этимологический словарь), новых слов и выражений (словарь неологизмов).\r\nНаучно-исследовательскую работу Люция Михайловна в течении многих лет совмещала с работой зам. председателя Республиканской термино-орфографической комиссии при Министерстве по делам национальностей Республики Коми. \r\nБольшой вклад в науку Л.М. Безносиковой был отмечен Почетными грамотами Президиума Верховного Совета (1968) и Совета Министров Коми АССР (1971), Коми обкома профсоюзов работников просвещения, высшей школы и научных учреждений (1985), Президиума Коми филиала АН СССР (1985), Министерства по делам национальностей Республики Коми (1997), Президиума РАН (2010). Она дважды лауреат государственной премии Республики Коми (1999, 2001), премии Правительства Республики Коми в области науки им. П. Сорокина (2004), премии Правительства Республики Коми в области научных исследований (2015). Л.М. Безносикова член Союза журналистов России, зарубежный член Финно-угорского общества Финляндия (2004), Заслуженный деятель науки Республики Коми (1994), награждена медалью “Ветеран труда” (1987).\r\n',NULL,NULL,'1940-04-29','0000-00-00','2024-04-05 07:25:51',2),(34,'Ляшев ','Владимир ','Александрович ','кандидат филологических наук, доцент','Сфера научной деятельности В.А. Ляшева была многогранной: диалектология, фонетика, лексикология, лексикография, лингвогеография, история языка. Особенно значительным является вклад В.А. Ляшева в исследование коми диалектов. В своей диссертации ученый осветил особенности фонетики и морфологии вымского диалекта, его связи с соседними диалектами. В.А. Ляшев одним из первых активно включился в исследование коми диалектов методом лингвистического картографирования, начало которому было положено в конце 70-х гг. и связано с участием пермских лингвистов в международном проекте «Лингвистический атлас Европы» (ЛАЕ). Исследователь подготовил и предоставил материалы для ЛАЕ по коми-зырянским диалектам. Вопросам ареального исследования диалектов коми языка В.А. Ляшев посвятил и другие работы, которые являются надежной основой для дальнейших изысканий в области ареального исследования коми диалектов, составления диалектологического атласа коми языка. Большую научную ценность имеет работа «Диалектное членение древнекоми языка», в которой ученый охарактеризовал диалектное членение древнекоми языка эпохи средневековья. В.А. Ляшев – автор более 80 научных работ, которые были опубликованы в зарубежных, центральных и республиканских изданиях. Он является соавтором нескольких крупных коллективных изданий, таких как «Словарь антонимов коми языка», «Школьный этимологический словарь коми языка», «Коми язык. Энциклопедия» и др. \r\nЗа плодотворный и многолетний труд в деле изучения коми языка, вклад в финно-угроведение В.А. Ляшев был награжден Почетной грамотой Президиума Верховного Совета Коми АССР (1985 г.), удостоен звания «Ветеран труда» и «Отличник народного просвещения».\r\n',NULL,NULL,'1942-02-07','1999-04-13','2024-04-05 07:38:22',2),(35,'Ракин ','Анатолий ','Николаевич ','доктор филологических наук, старший научный сотрудник','Ракин Анатолий Николаевич, специалист в области изучения актуальных проблем лексикологии и лексикографии, ономастики и стилистики, особенности языка художественной литературы, этимология, сравнительно-историческое исследование словарного фонда пермских языков. Исследования А.Н. Ракина составляют новое направление в финно-угроведении. Им впервые проведено монографическое описание лексики флоры коми языка и анатомической лексики пермских языков. Рассмотрены проблемы генезиса и современного состояния удмуртской, коми-пермяцкой и коми-зырянской ихтионимической лексики. Опубликованы работы по всем стилевым разновидностям коми языка. В ряде публикаций проводится анализ языка художественных произведений коми писателей. А.Н. Ракиным опубликовано более 440 научных работ, в том числе монографии, словари, препринты, учебники.\r\nА.Н. Ракин много внимания уделяет подготовке научных кадров. Из числа его аспирантов четверо успешно защитили диссертации на соискание ученой степени кандидата филологических наук. Он часто оппонирует кандидатские и докторские диссертации. Ученый также работал преподавателем в должности профессора на финно-угорском факультете СыктГУ, на филологическом факультете Коми государственного педагогического института.\r\nАктивно участвует в работе всероссийских и региональных конференций и симпозиумов по финно-угорским и пермским языкам, выступает с докладами на Международных конгрессах финно-угроведов в гг. Турку (1980), Сыктывкаре (1985), Дебрецене (1990), Ювяскюля (1995), Тарту (2000), Йошкар-Оле (2005), Пилишчаба (2010) и Оулу (2015). Был инициатором проведения в Сыктывкаре III Всероссийской научной конфренции финно-угроведов (2004).\r\nНаучная деятельность А.Н. Ракина получила заслуженное признание: он является членом исполкома Международного комитета конгрессов финно-угроведов, председателем Комитета финно-угроведов Российской Федерации, Членом Комиссии Правительства Республики Коми по наименованиям географических объектов, был членом ученого совета ИЯЛИ. Избран зарубежным членом Финно-угорского общества Финляндии, входит в состав редколлегии научных журналов «Финно-угроведение», Вестника Марийского государственного университета (Марий Эл), Вестника Мордовского государственного университета, был членом диссертационных советов при Марийском и Мордовском государственных университетах. В 2006–2007 гг. по приглашению Шведского института (г. Стокгольм) работал преподавателем коми языка в университете г. Уппсала.\r\nА.Н. Ракин награжден Почетными грамотами Совета Министров Коми АССР (1985), Республики Коми (1999), многих других организаций и ведомств. Лауреат премии Коми комсомола (1981), Государственной премии Республики Коми (1999), имеет звание «Заслуженный работник Республики Коми» (2005), награжден медалью ордена «За заслуги перед Отечеством II степени» (2010).\r\n',NULL,NULL,'1949-06-18',NULL,'2024-04-05 07:49:58',2),(39,'Кучин','Александр','Васильевич','академик РАН','Окончил технологический факультет Уфимского нефтяного института (1971). С 1990 г. - заведующий Отделом химии, с 1995-2016 г. - директор Института химии ФИЦ Коми НЦ УрО РАН, с 1916 по настоящее время научный руководитель Института химии ФИЦ Коми НЦ УрО РАН.\r\n Кучин А.В. ведущий специалист в области органического и металлоорганического синтеза, внесший существенный вклад в развитие химии и технологии алюминийорганических соединений и химии и технологии растительных веществ.','','Орден Дружбы (2010), Медаль Ордена «За заслуги перед Отечеством» 2 степени (1999), Премия РАН имени А. Н. Несмеянова, Премия Уральского отделения РАН имени академика И. Я. Постовского, Медаль имени И.Я. Постовского, Премия Правительства Республики Коми (2006, 2010, 2018),   Почетное звание Заслуженный изобретатель РФ, Почетное звание Заслуженный работник Республики Коми; Почетный знак «Изобретатель СССР», Почетная медаль Международной академии авторов научных открытий и изобретений «За заслуги в деле изобретательства». ','1949-05-31','0000-00-00','2024-04-18 12:38:02',8),(40,'Вежев ','Александр ','Александрович','ученый секретарь ','Окончил факультет языка и литературы Ленинградского государственного пединститута (1939). В марте 1939 г. стал директором Коми научно-исследовательского института языка, литературы, фольклора и истории при Наркомпросе Коми АССР, которым руководил до октября 1941 г. С 1 ноября 1945 г. работал старшим научным сотрудником сектора языка, письменности и истории Коми Базы АН СССР. С 1946 г. – младший научный сотрудник. С апреля 1951 г. – зав. сектором языка, литературы и истории Коми филиала АН СССР, с марта 1953 г. – младший научный сотрудник. В 1956-60 гг. обучался в аспирантуре Коми филиала АН СССР. С 1967 г. являлся ученым секретарем гуманитарных подразделений Коми филиала АН СССР, с 1970 по 1971 г. – ученым секретарем ИЯЛИ. В 1971 г. вышел на пенсию.','Вежев А.А. Зарождение и становление коми советской литературы. Сыктывкар: Коми кн. изд-во, 1966. 144 с.','Награжден орденом «Отечественной войны I-й степени». \r\nЧлен Союза писателей СССР (1950). ','1911-09-05','1977-05-09','2024-04-18 12:41:07',16),(42,'Ванеев ','Альберт ','Егорович ','кандидат филологических наук','Окончил отделение коми языка и литературы историко-филологического факультета Коми государственного пединститута (1955). До поступления в 1958 г. в аспирантуру Коми филиала АН СССР работал литературным сотрудником редакции журнала «Войвыв кодзув». В 1963 г. в Московском государственном пединституте защитил кандидатскую диссертацию по теме «Вопросы мастерства в коми советской поэзии». В 1961 г. - младший научный сотрудник отдела языка и литературы. В 1966-1970 гг. - зав. отделом языка и литературы, с 1970 г. - старший научный сотрудник сектора литературы и фольклора. С 1984 г. - старший научный, а с 1994 г. - ведущий научный сотрудник научного архива. Возглавлял научную группу по созданию энциклопедии «Республика Коми». ','Ванеев А.Е. Сöвмысь поэзия: коми поэтъяслö мастерство йылысьпасйöдъяс. Сыктывкар: Коми кн. изд-во, 1963. 112 с. \r\nВанеев А.Е. Время и коми поэзия. Сыктывкар: Коми кн. изд-во, 1974. 136 с. \r\nВанеев А.Е. В поисках истины: мировоззрение и эстетические взгляды И.А. Куратова. Сыктывкар: Коми кн. изд-во, 1989. 176 с. \r\nВанеев А.Е. Коми-зырянское просветительство: сущность и своеобразие. Сыктывкар: Эскöм, 2001. 221 с.  \r\n','Почетная грамота Президиума Верховного Совета Коми АССР (1958, 1968), \r\nЛауреат премии Коми комсомола (1968)\r\nЛауреат Государственной премии Коми АССР им. И.А. Куратова (1980)\r\nЗаслуженный работник культуры Коми АССР (1988)\r\nНародный поэт Республики Коми (1996)\r\nНагражден Ленинской юбилейной медалью «За доблестный труд» (1970).','1933-07-18','2001-12-12','2024-04-18 13:32:16',16),(43,'Федорова ','Анна ','Николаевна ','кандидат филологических наук','Окончила факультет языка и литературы Коми государственного пединститута (1936). Работала учителем в школе (1936-1937), преподавателем лесного техникума (1938-1939), Сыктывкарского педучилища (1939-1944), Коми государственного пединститута (1944-1945). В 1946-1950 гг. была аспирантом Коми филиала Академии наук. В 1950 г. в Институте мировой литературы им. А.М. Горького РАН защитила диссертацию по теме «Поэзия И.А. Куратова». С 1950 г. до ухода на пенсию (ноябрь 1968 г.) работала старшим научным сотрудником в отделе языка и литературы.','Федорова А.Н. И.А. Куратов: очерк жизни и творчества. Сыктывкар: Коми кн. изд-во, 1960. 152 с.\r\nФедорова А.Н. И.А. Куратов: очерк жизни и творчества. 2- изд., доп. Сыктывкар: Коми кн. изд-во, 1975. 192 с. ','Почетная грамота Верховного Совета Коми АССР (1962). \r\nЧлен Союза писателей СССР (1959). ','1912-02-04','1974-11-02','2024-04-18 13:45:10',16),(44,'Мартынов ','Валерий ','Иванович','кандидат филологических наук','Окончил историко-филологический факультет Коми государственного пединститута (1955). С 1958 по 1966 г. был учителем русского языка и литературы в средней школе № 2 города Инты. В 1966-1967 гг. работал преподавателем кафедры русской, коми и зарубежной литератур  Коми государственного пединститута. В 1967 г. был принят на работу в Коми филиал АН СССР на должность младшего научного сотрудника отдела языка и литературы. С 1971 г. исполнял обязанности зав. сектором литературы и фольклора, в 1974 г. был избран на эту должность и исполнял ее до 1988 г. С 1988 г. – старший научный сотрудник сектора литературы и фольклора. В 1973 г. в Институте русской литературы (Ленинград) защитил кандидатскую диссертацию на тему «Роль русских писателей в формировании литературы коми». В 1993 г. перешел на работу в Коми республиканский институт развития образования и переподготовки кадров на должность зав. кафедрой теории и методики преподавания.   ','Мартынов В.И. Русская классика и коми литература. Сыктывкар: Коми кн. изд-во, 1973. 103 с.\r\nМартынов В.И. Роль русских писателей в формировании литературы коми. М.: Наука, 1974. 172 с. \r\nМартынов В.И. Становление коми литературы: идейно-эстетический аспект. М.:. Наука, 1988. 233 с.\r\nМартынов В.И. Перымса Стефансянь миян нэмöдз: коми литературалысь тöрытъя да талунъя лист бокъяс восьтiгöн. Сыктывкар: Коми кн. изд-во, 1997. 141 с.','Почетная грамота Министерства просвещения РСФСР (1983, 1985)\r\nПочетная грамота Совета Министров Коми АССР (1988)\r\nПочетная грамота Президиума Верховного Совета Коми АССР (1983)\r\nНагражден медалями «За доблестный труд» (1970), «Ветеран труда» (1980), «Победитель социалистического соревнования» (1973)','1933-11-01','2015-04-18','2024-04-18 13:58:15',16),(45,'Демин','Владимир ','Николаевич','доктор филологических наук','Окончил историко-филологический факультет Коми государственного пединститута (1960). Работал учителем русского языка и литературы в с. Усть-Уса Печорского района (1961-1969), ассистентом кафедры русской и зарубежной литературы Коми государственного пединститута (1969-1971). С 1971 по 1986 г. работал в ИЯЛИ, в должности младшего научного сотрудника, заочно учился в аспирантуре Коми филиала АН СССР (1971-1975). В 1979 г. в Мордовском госуниверситете защитил кандидатскую диссертацию на тему «Лирическое и эпическое в коми поэме». С 1986 по 1990 г. работал зав. кафедрой русского языка и литературы в Институте усовершенствования учителей. С 1990 по 1999 г. – зав. отделом литературоведения ИЯЛИ.','Демин В.Н.Коми поэма. Сыктывкар: Коми кн. изд-во, 1978. 144 с.\r\nДемин В.Н. Под кронами сосен: очерки поэтики и истории коми поэзии. Сыктывкар: Коми кн. изд-во, 1989. 123 с.\r\nДемин В.Н. На небе звезда…: введение в теорию и историю коми поэзии. Сыктывкар: Коми кн. изд-во, 1995. 288 с.\r\nДемин В.Н. Рифмою крылатой свяжем строки… Сыктывкар: Коми кн. изд-во, 1999. 160 с.','Почетная грамота Совета Министров Коми АССР\r\nПочетная грамота Республики Коми\r\nЛауреат Государственной премии Республики Коми в области науки (1998)\r\nЧлен Союза писателей России (1997)','1938-07-28','1999-07-23','2024-04-19 06:47:53',16),(46,'Латышева','Вера','Алексеевна ','доктор филологических наук','Окончила филологический факультет Московского государственного университета им. М.В. Ломоносова (1956). С 1956 г. работала в отделе языка и литературы Коми филиала АН СССР в должности старшего лаборанта, с 1958 по 1962 г. обучалась в аспирантуре Коми филиала АН СССР. В 1962 г. поступила на работу в сектор литературы и фольклора ИЯЛИ, работала в должности младшего научного сотрудника. В 1967 г. защитила диссертацию на соискание ученой степени кандидата искусствоведения на тему «Зарождение и развитие драматургии и театра народа коми» в Ленинградском институте театра, музыки и кинематографии. В 1993 г. - диссертацию «Общность и различие драматургии финно-угорских народов Поволжья и Приуралья» на соискание ученой степени доктора филологических наук. Уволилась из ИЯЛИ в октябре 1971 г. в связи с избранием по конкурсу в КГПИ.  ','Латышева В.А. Зарождение драматургии и театра народа коми. Сыктывкар: Коми кн. изд-во, 1968. 103 с.\r\nЛатышева В.А. Современная коми драматургия. Сыктывкар: Коми кн. изд-во, Коми кн. изд-во, 1994. 103 с.\r\nЛатышева В.А. Классики и современники: статьи о литературе. Сыктывкар: Коми кн. изд-во, 2005. 239 с.\r\nЛатышева В.А. Выль коми лирика. Сыктывкар: Кола, 2012. 176 с.','','1933-10-22','0000-00-00','2024-04-19 07:28:36',16),(49,'Шабаев','Юрий','Петрович','доктор исторических наук, заведующий сектором этнографии.','Окончил исторический факультет Сыктывкарского государственного университета (1979). С 1979 г. работает в ИЯЛИ Коми НЦ УрО РАН: до 1980 г.  - старшим лаборантом, до 1990 г. – младший научный сотрудник,  с 1990 г. по 1996 г. занимал должность ученого секретаря, 1996 г. - 2000 г. – старший научный сотрудник, с 2000 г. – в.н.с., с  2001 г. по настоящее время – заведующий сектором этнографии. \r\nВ 1988 г. в Институте этнологии и антропологии АН СССР  защитил кандидатскую диссертацию “Материальная культура современного сельского хозяйства населения Коми”. В 1999 г. в Институте этнологии и антропологии РАН защитил докторскую диссертацию \"Этнокультурное и этнополитическое развитие народов коми в XX в.\"','Шабаев Ю.П. Этнокультурное и этнополитическое развитие народов коми в ХХ веке. Монография (Штрихи этнополитического развития коми. Т.3). М.: ЦИМО, 1998.375 с.\r\n Nation-Building and Common Values in Russia. Ed. by Päl Kolstǿ and Helge Blakkisrud. Lanham-Boulder-New York-Oxford: ROWMAN & LITTLEFIELD PUBLISHERS, INC., 2004. 382. c. (в составе коллектива авторов)\r\nШабаев Ю.П., Чарина А.М. Финно-угорский национализм и гражданская консолидация в России (этнополитический анализ). Монография. СПб.: СПбГУСЭ, 2010. 275 с.\r\nШабаев Ю.П., Логинова Н. Уральские народы России и Зарубежной Европы. Монография. Саранск: Изд-во Мордовск. гос. ун-та, 2016. 216 с.\r\nШабаев Ю.П., Омаров М.А. Регионализм и этничность в России. М.-Сыктывкар: Изд-во РГГУ, 2021. 482 с.\r\n','Почётное звание «Заслуженный работник Республики Коми» (2022)','1952-10-16','0000-00-00','2024-04-19 08:30:57',22),(50,'Ванеева ','Ирина','Михайловна ','кандидат филологических наук','Окончила историко-филологический факультет Коми государственного пединститута (1956). С 1956 по 1969 г. работала преподавателем русского языка и литературы в школах Ижмы, Ухты, Сыктывкара. С 1969 по 1972 г. обучалась в очной аспирантуре Коми филиала АН СССР. В 1972 г. зачислена в сектор литературы и фольклора ИЯЛИ на должность младшего научного сотрудника. В 1974 г. в Мордовском госуниверситете защитила кандидатскую диссертацию «Пути развития коми литературы в Великой Отечественной войне». С 1986 г. – старший научный сотрудник сектора литературы и фольклора, с 1988 по 1989 г.– исполняющий обязанности зав. сектором литературы и фольклора. В 1989 г. вышла на пенсию.','Ванеева И.М. Великая Отечественная война и коми литература. Сыктывкар: Коми кн. изд-во, 1975. 112 с. \r\nВанеева И.М. Становление и развитие коми советского романа: доклад на заседании Президиума Коми фил. АН СССР 28 марта 1985 г. Сыктывкар, 1985. 25 с. (Научные доклады: вып. 122).','Награждена медалью «Ветеран труда»','1933-10-18','2010-11-23','2024-04-19 08:31:07',16),(52,'Демин ','Валерий ','Анатольевич','Доктор химических наук, старший научный сотрудник, главный научный сотрудник лаборатории химии растительных полимеров. ','В 1971 г. закончил химико-технологический факультет Ленинградской лесотехнической академии (ЛТА) им. С.М. Кирова. .  В 1972 году поступил в аспирантуру  Коми филиала АН СССР (при отделе химии) в г. Сыктывкаре. После окончания аспирантуры с 1975 г. работал в лаборатории химии древесины отдела химии Коми ФАН СССР младшим научным сотрудником, научным, старшим ведущим научным сотрудником. С 1996 по 2009 гг. работал в должности заведующего лабораторией химии древесины Института химии.  Валерий Анатольевич проработал в Отделе химии, а затем Институте химии более 45 лет. ','1.Электрохимическая отбелка сульфатной целлюлозы. – Ленинград: Наука, 1982. – 136 с. (В соавт. С В.Д. Давыдовым, Б.Д. Богомоловым).\r\n2.Теоретические основы отбелки целлюлозы. – СПб. 2013.\r\n3.Реакционная способность лигнина и проблемы его окислительной деструкции перокси-реагентами // Успехи химии, 1999. № 11. С. 1029-1050. (в соавторстве). (Reactivity of lignin and problems of its oxidative destruction with peroxy reagens // Russian Chemical Reviews 1999. \r\n4.	Дёмин В.А. Химия и технология сульфатных щелоков: учебное пособие для студентов направления бакалавриата 18.03.01 «Химическая технология» всех форм обучения. Сыктывкарский лесн. ин-т фил. ГОУ ВПО «С.-Петерб. гос. лесотехн. акад. им. С. М. Кирова», Сыктывкар: СЛИ, 2017. – 124 с.  ISBN 978-5-9239-0893-0.\r\n5.	Дёмин В.А., Пестова Н.Ф. Технология переработки целлюлозы, бумаги и картона: Сыктывкарский лесн. ин-т фил. ГОУ ВПО «С.-Петерб. гос. лесотехн. акад. им. С. М. Кирова», Сыктывкар: СЛИ, 2017 – 92 с.  ISBN 978-5-9239-0895-4.\r\n6.	Дёмин В.А. Химия процессов целлюлозно-бумажного производства. Часть II. Сольволиз, озонолиз, реакции лигнина при варке (учебное пособие) Сыктывкарский лесн. ин-т фил. ГОУ ВПО «С.-Петерб. гос. лесотехн. акад. им. С. М. Кирова», Сыктывкар: СЛИ, 2018. - 76  с. ISBN 978-5-9239-0964-7.\r\n\r\n\r\n','Награжден знаком «Изобретатель СССР» (1988 г.), Почетной грамотой РАН (1999 г.), Почетной грамотой Главы Республики Коми (1998 г.), Почетной грамотой Совета Министров Республики Коми (1994 г.), имеет звание «Заслуженный работник Республики Коми» (2007 г.), Почетную грамоту Министерства образования РФ (2013 г.), в составе коллектива - лауреат Премии Правительства Республики Коми в области научных исследований за цикл работ «Фундаментальные и прикладные основы ресурсосберегающих биотехнологий для создания полифункциональных продуктов из растительного сырья Республики Коми» (2014 г.).\r\n\r\n','1948-03-09',NULL,'2024-04-19 08:43:38',8),(53,'Куклина ','Раиса ','Ильинична ','научный сотрудник ','Окончила заочное отделение филологического факультета Коми государственного пединститута (1978). В 1978 г. принята на должность старшего лаборанта сектора языка ИЯЛИ. С 1980 по 1983 г. обучалась в очной аспирантуре Коми филиала АН СССР по специальности «Литература народов СССР». Тема диссертации – «Комедия как ведущий жанр коми драматургии». В 1987 г. была принята на должность младшего научного сотрудника сектора литературы и фольклора, с 1992 г. работала в должности научного сотрудника отдела литературоведения. В 2007 г. вышла на пенсию.','Куклина Р.И. Жанрово-стилевое своеобразие современной коми комедии // XVII Всесоюзная финно-угорская конференция. Археология, антропология и генетика, этнография, фольклористика, литературоведение: Тезисы докладов. Устинов, 1987. Ч. 2. С. 332-334.\r\nКуклина Р.И. Отражение языковой ситуации в речи героев коми драматургии // Стефан Пермский и современность. Сыктывкар, 1996. С. 69-73  ','','1951-09-16','2018-06-04','2024-04-19 08:48:40',16),(56,'Жеребцов','Любомир ','Николаевич','кандидат исторических наук','Окончил исторический факультет Коми государственного пединститута. В 1948 -1952 гг. – аспирант Коми филиала АН СССР. В 1953 г. защитил в Институте этнографии АН СССР (Москва) кандидатскую диссертацию “Современное жилище народа коми”. С 1952 г. –  младший научный сотрудник сектора языка, письменности, литературы и истории Коми филиала АН СССР, с 1961 г. – старший научный сотрудник отдела истории, этнографии и археологии Коми филиала АН СССР, с 1972 г. – заведующий отделом  этнографии и археологии ИЯЛИ, с 1973 г. заведующий сектором этнографии ИЯЛИ, с 1988 – 1990 г. старший научный сотрудник  сектора этнографии ИЯЛИ. ','Жеребцов Л.Н. Крестьянское жилище в Коми АССР. Сыктывкар, 1971. 96 с.\r\nЖеребцов Л.Н. Хозяйство, культура и быт удорских коми в XVIII - начале XX в.  М., 1972. 127 с.\r\nЖеребцов Л.Н. Историко-культурные взаимоотношения коми с соседними народами, X - начало XX в. М., 1982. 224 с.\r\n','Заслуженный деятель науки Коми АССР (1980).\r\n','1925-10-15','1991-02-17','2024-04-19 09:15:21',22),(57,'Конаков','Николай','Дмитриевич','кандидат исторических наук','Окончил исторический факультет Ленинградского государственного университета имени А.А. Жданова  (1975).  В 1975 – 1978 гг. обучался в очной аспирантуре Коми филиала АН СССР. В 1979 г. защитил кандидатскую диссертацию “Охотничий и рыболовный промысел и их место в традиционном хозяйстве народа коми”.  С 1978 г. работает в ИЯЛИ Коми НЦ УрО РАН: до 1980 г.  - младший научный сотрудник, 1980 г. - 1985 г. - научный сотрудник, 1985 г. - 1988 г. -  старший научный сотрудник, с 1988 г. по 2001 г. - заведующий отделом этнографии, с 2001 по 2006 гг. – старший научный сотрудник сектора этнографии. Уволился в 2006 в связи с выходом на пенсию.','Конаков Н.Д. Коми охотники и рыболовы во второй половине XIX - начале XX в.: Культура промысл. населения таежной зоны европейского Северо-Востока. М.: Наука, 1983. 248 с.\r\nКонаков Н.Д. Древнекоми промысловый календарь (Стиль календаря). Сыктывкар, 1987 (Сер. Препринт. «Науч. докл.»/Коми НЦ УрО АН СССР. Вып. 164).\r\nКонаков Н.Д. От святок до сочельника: Коми традиц. календар. обряды. Сыктывкар, 1993. 126 с.\r\nКонаков Н.Д. Традиционное мировоззрение народов коми: окружающий мир. Пространство и время  Сыктывкар, 1996. 130 с.\r\n','Государственная премия Республики Коми (2000)','1946-12-02','2010-08-10','2024-04-19 09:19:17',22),(58,'Грибова','Любовь','Степановна','кандидат исторических наук','Окончила Кудымкарский учительский институт (1952), исторический факультет Московского государственного университета (1961), в 1967 г. – заочную аспирантуру Коми филиала АН СССР. С 1961 г. – младший научный сотрудник отдела этнографии и археологии Коми филиала АН СССР. В мае 1969 г. защитила кандидатскую диссертацию «Историческая традиция в народном искусстве коми-пермяков». С 1975 г. – старший научный сотрудник сектора этнографии ИЯЛИ. ','Грибова Л.С. Историческая традиция в народном искусстве коми-пермяков: автореф. дис. ... канд. ист. наук. Москва, 1969. 16 с.\r\nГрибова Л.С. Пермский звериный стиль: (Проблема семантики). М., 1975. 148 с\r\nГрибова Л.С. Декоративно-прикладное искусство народов Коми. М., 1980. 239 с\r\n','Серебряная медаль ВДНХ «За достигнутые успехи в развитии народного хозяйства СССР» (1977).','1933-08-15','1986-10-12','2024-04-19 09:41:29',22),(59,'Ильина','Ирина','Васильевна','кандидат исторических наук','Окончила исторический факультет Сыктывкарского государственного университета (1978). С 1978 г. работает в ИЯЛИ Коми НЦ УрО РАН: до 1984 - старший лаборант сектора этнографии, с 1984 г. – младший научный сотрудник, с 1991 г.  – научный сотрудник, с 1993 – старший научный сотрудник, с 2013 г. – ведущий научный сотрудник сектора этнографии','Ильина И.В. Ребёнок в традиционной культуре салымских хантов. Сыктывкар, 1996. 22 с.- (Научные доклады Коми науч. центра УрО РАН; Вып.384) \r\nИльина И.В. Народная медицина коми.  Сыктывкар: Коми кн. изд-во, 1997. 115 с.\r\nИльина И. В. Традиционная медицинская культура народов Европейского Северо-Востока (конец XIX - XX вв.). Сыктывкар, 2008. 225 с.\r\nИльина И. В., Уляшев О. И. Мужчина и женщина в традиционной культуре коми. Сыктывкар, 2009. 221 с.\r\n','','1956-08-11',NULL,'2024-04-19 09:59:25',22),(60,'Манова',' Надежда ','Дмитриевна ','кандидат филологических наук','В 1969 г. закончила филологический факультет КГПИ по специальности “Русский язык и литература” В декабре 1975 г. поступила на работу в ИЯЛИ на должность младшего научного сотрудника сектора языка. В 1976 г. в Институте языкознания РАН (г. Москва)  защитила кандидатскую диссертацию  «Сложноподчиненные предложения в коми языке в историческом освещении. В 1977 г. уволилась из ИЯЛИ в связи с переходом на работу в КГПИ.','Манова Н.Д. Сложноподчиненные предложения в коми языке в историческом освещении. Основные типы: автореф. дис. … канд. филол. наук. М., 1976. 23 с.\r\nМанова Н.Д. Учимся говорить по-коми: самоучитель коми языка. Сыктывкар, 1994. 272 с.\r\nManova N. Komi-zürjén nyelvkönyv.  Szeged, 1998.\r\n','Награждена Почетной грамотой Министерства образования Российской Федерации (1996), Почетной грамотой Главы Республики Коми (2001).','1947-04-07','0000-00-00','2024-04-19 10:41:20',19),(61,'Прокушева  ','Тамара','Ивановна ','кандидат филологических наук','В 1970 г. закончила историко-филологический факультет КГПИ. В августе 1973 г. поступила на работу в сектор языка ИЯЛИ на должность старшего лаборанта, с ноября 1973 по март 1978 г. обучалась в аспирантуре ИЯЛИ без отрыва от производства по специальности “финно-угорские языки”. В 1981 г. в Тартуском государственном университете (г. Тарту)  защитила кандидатскую диссертацию «Инфинитив в коми языке».  После окончания аспирантуры Т.И. Прокушева продолжила работать в ИЯЛИ в должности младшего научного сотрудника (1979 г.), затем – научного сотрудника (1987 г.). В сентябре 1988 г. уволилась из ИЯЛИ в связи с переходом на работу в КГПИ.','Прокушева Т.И. Инфинитив в коми языке: автореф. дис. … канд. филол. наук.  Тарту, 1981. 20 с.\r\nПрокушева Т.И. Фонетическая характеристика инфинитива в пермских языках. Серия препринтов «Научные доклады». Коми филиал АН СССР.  Сыктывкар, 1984.  Вып. 108.  35 с.\r\nПрокушева Т.И., Терентьева С.Н. Морфемно-словообразовательный словарь коми языка.  Сыктывкар, 2013.  340 с.\r\n','','1949-01-10',NULL,'2024-04-19 10:47:55',19),(62,'Черных ','Вера ','Александровна ','кандидат филологических наук','В 1973 г. закончила с отличием англо-немецкое отделение факультета иностранных языков КГПИ. С 1980 г. работала в ИЯЛИ в должности младшего научного сотрудника сектора языка. В 1981 г. в Тартуском государственном университете (г. Тарту)  защитила кандидатскую диссертацию «Глагольное словообразование в коми языке». В январе 1982 г. уволилась из ИЯЛИ в связи с переходом на работу в КГПИ.','Черных В.А. Глагольное словообразование в коми языке: автореф. дисс. … канд. филол. наук.  Тарту, 1981.  22 с.','','1951-10-06',NULL,'2024-04-19 10:51:59',19),(63,'Федюнева',' Галина ','Валерьяновна ','доктор филологических наук / главный научный сотрудник','Окончила историко-филологический факультет Сыктывкарского государственного университета (1977). С 1977 работает в ИЯЛИ Коми НЦ УрО РАН: до 1979 г. – старший лаборант, с 1979 г. – младший научный сотрудник, с 1986 г. −  научный сотрудник, с 1987 г. – и.о. заведующей отделом языка и литературы, с 1989 г. – заведующий отделом языка, с 2008 г. – ведущий научный сотрудник, с 2010 по настоящее время – главный научный сотрудник.  В 1982 г. в Тартуском государственном университете (г. Тарту, Эстония)  защитила кандидатскую диссертацию «Словообразовательные суффиксы существительных в коми языке».  В 2009 г. в Мордовском государственном университете (г. Саранск) состоялась защита докторской диссертации «Первичные местоимения и их производные в пермских языках». ','Федюнева Г.В. Словообразовательные суффиксы существительных в коми языке: автореф. дис…. канд. филол. наук.  Тарту, 1981.  23 с. \r\nФедюнева, Г.В. Первичные местоимения и их производные в пермских языках: автореф. дис. … д-ра филол. наук.  Саранск, 2009.  50 с. \r\nФедюнева Г.В. Словообразовательные суффиксы существительных в коми языке.  М., 1985.  134 с.\r\nФедюнева Г.В. Указательные местоимения и их производные в пермских языках.  Сыктывкар, 2007.  240 с.\r\nФедюнева Г.В. Первичные местоимения в пермских языках.  Екатеринбург, 2008.  427 с.\r\n\r\n','Награждена Почётными грамотами Совета Министров Коми АССР (1990), Президиума Верховного Совета Республики Коми (1994), Почетной грамотой Российской академии наук (1999). Имеет почетные звания: Заслуженный работник Республики Коми (2004), лауреат Государственной премии Республики Коми в области науки (1998), лауреат премии Правительства Респулики Коми в области образования (2004). ','1953-06-21','0000-00-00','2024-04-19 10:59:33',19),(64,'Ануфриева ','Зоя ','Петровна ','кандидат филологических наук','Окончила в 1969 г. историко-филологический факультет КГПИ. В 1973 г. поступила на работу в ИЯЛИ. занимала должности старшего лаборанта, младшего научного сотрудника (с 1978 г.), научного сотрудника (с 1989 г.), старшего научного сотрудника (с 1992 г.). В 1983 г. в Тартуском государственном университете (г. Тарту)  защитила кандидатскую диссертацию  «Топонимия Ижмо-Печорского бассейна».   Уволилась из ИЯЛИ в 1994 г. в связи с выходом на пенсию. \r\n','Ануфриева З.П. Топонимия Ижмо-Печорского бассейна: автореф. дис. … канд. филол. наук.  Тарту, 1982.  21 с.\r\nАнуфриева З.П. Топонимы угорского происхождения в бассейне Печоры. Серия препринтов «Научные доклады». Коми филиал АН СССР.  Сыктывкар, 1985.  Вып. 139. 12 с.\r\nАнуфриева З.П., Соловьев В.В. Агронимы коми как этнографический источник (по материалам Средней Печоры). Серия препринтов «Научные доклады». Коми филиал АН СССР.  Сыктывкар, 1989.  Вып. 204.  21 с. \r\n','Награждена медалью “Ветеран труда” (1989). ','1939-10-30','2023-12-30','2024-04-19 11:07:51',19),(65,'Карлова (Иевлева) ','Татьяна ','Михайловна ','кандидат филологических наук','В 1973 г. закончила факультет иностранных языков КГПИ. В январе 1985 г. поступила на работу в ИЯЛИ в должности младшего научного сотрудника. В 1985 г. в Институте языкознания АН СССР (г. Москва) защитила кандидатскую диссертацию   «Синтаксис глагола в коми языке (Связь глагола с подлежащим и дополнением)». 4 марта 1985 г. уволилась в связи с переходом на работу в КГПИ.','Иевлева Т.М. Синтаксис глагола в коми языке (связь глагола с подлежащим и дополнением): автореф. дис. ... канд. филол. наук. М., 1984. 17 с','','1950-09-16',NULL,'2024-04-19 11:11:06',19),(66,'Габова ','Татьяна ','Николаевна ','кандидат филологических наук','Окончила историко-филологический факультет КГПИ (1970). В 1980 г. поступила в сектор языка ИЯЛИ, работала лаборантом (1980-1983 гг.), младшим научным сотрудником (1984-1985 гг.), ученым секретарем института (1985-1990 гг.). В 1985 г. в Тартуском государственном университете (г. Тарту) защитила диссертацию  «Синонимы в коми языке». В 1990 г. уволилась из ИЯЛИ в связи с переходом на другую работу.','Габова Т.Н. Синонимы в коми языке: автореф. дис. … канд. филол. наук. Тарту, 1985.  24 с. \r\nГабова Т.Н. Лексические синонимы коми языка.  Сыктывкар, 1990.  155 с. \r\nГабова Т.Н. Словарь синонимов коми языка = Коми синонимъяслöн словарь. Сыктывкар, 1994.  62 с.\r\n','','1949-09-30',NULL,'2024-04-19 11:20:24',19),(67,'Некрасова ','Галина ','Александровна ','доктор филологических наук / главный научный сотрудник','Окончила филологический факультет Сыктывкарского государственного университета в 1981 г. С 1981 г. работает в ИЯЛИ Коми НЦ УрО РАН: с 1981 по 1983 г. – старший лаборант, с 1987 г. – младший научный сотрудник, с 1993 г. – старший научный сотрудник, с 2013 г. – ведущий научный сотрудник, с 2022 г. по настоящее время – главный научный сотрудник. В 1987 г. в Тартуском государственном университете (г. Тарту, Эстония)   защитила кандидатскую диссертацию «Л-овые падежи в коми языке». В 2021 г. в Удмуртском государственном университете (г. Ижевск) состоялась защита докторской диссертации  на тему «Категория падежа имени существительного в пермских языках». ','Некрасова Г.А. Л-овые падежи в коми языке: автореф. дис. … канд. филол. наук. Тарту, 1987. 21 с.\r\nНекрасова Г.А. Категория падежа имени существительного в пермских языках: автореферат дис. ... доктора филологических наук 10.02.02. Ижевск, 2021.  46 с.\r\nНекрасова Г.А. Коми кывлöн историческöй фонетика. Сыктывкар, 2000. 170 л.б. \r\nНекрасова Г.А. Система L-овых падежей в пермских языках: происхождение и семантика. Сыктывкар, 2002. 168 с. \r\nНекрасова Г. А. Категория падежа имени существительного в пермских языках.  Сыктывкар: ФИЦ Коми НЦ УрО РАН, 2023. 516с.\r\n','Заслуженный работник Республики Коми (2019), Почетная грамота РАН и Профсоюза работников РАН (2009), Почетная грамота Республики Коми (2005), Благодарность Главы Республики Коми (2014), Грамота УрО РАН (1999), Почетная грамота Министерства образования и высшей школы Республики Коми (2002). Лауреат Государственной премии Республики Коми в области науки (1999), Премии Правительства Республики Коми (2004). ','1958-12-12','0000-00-00','2024-04-19 11:25:42',19),(68,'Цыпанов ','Евгений ','Александрович ','доктор филологических наук / заведующий отделом языка, литературы и фольклора','Окончил филологический факультет Сыктывкарского государственного университета (1982). С 1986 г. работает в ИЯЛИ Коми НЦ УрО РАН: с 1986 г. – младший научный сотрудник, с 1989 г. −  научный сотрудник, с 1991 г. – старший научный сотрудник, с 2003 г.  – ведущий научный сотрудник; с 2007 г. – заведующий сектором языка, с 2011 г. – заместитель директора по научным вопросам и заведующий  отделом языка и литературы, с 2020 г. по настоящее время – заведующий  отделом языка и литературы.	В 1987 г. в Тартуском государственном университете (г. Тарту, Эстония)  защитил кандидатскую диссертацию на тему «Морфология причастий в коми языке». В 2003 г. в Марийском государственном университете (г. Йошкар-Ола) защитил докторскую диссертацию на тему «Грамматические категории глагола в коми языке». ','Цыпанов Е.А. Морфология причастий в коми языке: автореф. дис. … канд. филол. наук.  Тарту, 1987.  19 с. \r\nЦыпанов Е.А. Грамматические категории глагола в коми языке: автореф. дис. … д-ра филол. наук. – Йошкар-Ола, 2002.  40 с.\r\nЦыпанов Е.А. Причастие в коми языке: история, семантика, дистрибуция.  Екатеринбург, 1997. 209 с.\r\nЦыпанов Е.А. Перым-коми гижöд кыв. Сыктывкар, 1999. 176 с.\r\nЦыпанов Е.А. Сравнительный обзор финно-угорских языков. Сыктывкар, 2008. 215 с.\r\nЦыпанов Е.А. Структура и морфологические категории глагола в коми языке. Сыктывкар, 2020.  718 с.\r\n\r\n \r\n','Почетная грамота Уральского отделения РАН (1999), Почетная грамота РАН и профсоюза работников РАН (2012), Почетная грамота Главы Республики Коми (2004),  Лауреат конкурса в номинации «Доктора наук РАН», организованном «Фондом содействия отечественной науке» (2004), Лауреат государственной премии Республики Коми в области научных исследований (1999), Лауреат премии правительства Республики Коми в области образования (2004), Лауреат премии Правительства РК в области научных исследований (2021), Знак отличия Республики Коми «За безупречную службу Республике Коми» (2014), «Заслуженный работник Республики Коми» (2014).','1960-06-15','0000-00-00','2024-04-19 11:33:16',19),(69,'Айбабина ','Евгения ','Авенировна ','кандидат филологических наук / ведущий научный сотрудник','Окончила венгерское отделение филологического факультета ЛГУ (1974). С 1978 г. – лаборант сектора социологических исследований ИЯЛИ. В 1980 г. поступила в аспирантуру ИЯЛИ, с января 1982 г. продолжила обучение в аспирантуре Института языкознания РАН (Москва) по специальности “Общее языкознание, социолингвистика, психолингвистика”. В 1988 г. в Институте языкознания РАН (г. Москва) защитила кандидатскую диссертацию  «Интерференция на лексическом уровне в условиях национально-русского двуязычия (на материале русского и коми языков)». С 1984 г. работает в отделе языка ИЯЛИ в должности младшего научного сотрудника, научного сотрудника (с 1989 г.), старшего научного сотрудника (с 1992 г.); с 2013 г. - ведущий научный сотрудник сектора языка ИЯЛИ КомиНЦ УрО РАН.','Айбабина Е.А. Интерференция на лексическом уровне в условиях национально-русского двуязычия (на материале русского и коми языков): автореф. дис. … канд. филол. наук. М., 1988. 19 с.\r\nКоми-роч кывчукöр / Л.М. Безносикова, Е.А. Айбабина, Р.И. Коснырева.  Сыктывкар, 2000. 815 л.б. \r\nКоми синоним кывчукöр / Л.М. Безносикова, Е.А. Айбабина, Н.К. Забоева. Сыктывкар, 2002.  576 л.б.\r\nКоми сёрнисикас кывчукöр: в 2 томах / Е.А. Айбабина, Л.М. Безносикова, Н.К. Забоева, Р.И. Коснырева. Сыктывкар, 2012.  Т. 1. (А–О).  1096 л.б.;  Сыктывкар, 2014. Т. 2. (Ö–Я). 888 л.б.\r\n','Награждена Почетными грамотами администрации г. Сыктывкара (1994), Уральского отделения РАН (1999), Министерства национальной политики Республики Коми (2002, 2010), Президиума КомиНЦ УрО РАН (2005), Республики Коми (2012). В 2002 г. присуждено звание «Ветеран труда». Является лауреатом Государственной премии Республики Коми в области науки (2001), лауреатом премии Правительства Республики Коми в области научных исследований (2015).','1952-03-09',NULL,'2024-04-19 11:41:25',19),(70,'Мусанов ','Алексей ','Геннадьевич ','кандидат филологических наук / заместитель директора ИЯЛИ','Окончил коми отделение филологического факультета Сыктывкарского государственного университета  (1993) и поступил на работу в ИЯЛИ на должность стажера-исследователя, с 1998 г. – младший  научный сотрудник. В 1999 г. в Марийском государственном университете (г. Йошкар-Ола)  защитил кандидатскую диссертацию  «Топонимия Верхнего Прилузья». С 2000  г. – старший научный сотрудник, с 2011 г. – и.о. заведующего сектором языка, с 2013 г. по 2020 г. – заведующий сектором языка, с 2020 г. по настоящее время – заместитель директора ИЯЛИ.','Мусанов А.Г. Топонимия Верхнего Прилузья: автореф. дис. … канд. филол. наук. Йошкар-Ола, 1999. 24 с.\r\nМусанов А.Г. Географические названия Лузско-Летского бассейна Республики Коми. Сыктывкар, 2006. 144 с.\r\nМусанов А.Г. Словарь географических названий Прилузья. Сыктывкар, 2007. 103 с.\r\nМусанов А.Г. Топонимия Средней Язьвы. Серия препринтов «Научные доклады» / КомиНЦ УрО РАН. Сыктывкар, 2009. Вып. 504. 42 с.\r\n','Награжден Почетной грамотой УрО РАН (2010), Почетной грамотой ИЯЛИ КНЦ УрО РАН (2013), Почетная грамота Главы Республики Коми (2022).\r\n','1971-04-01',NULL,'2024-04-19 12:02:03',19),(71,'Попова ','Элеонора ','Николаевна ','кандидат филологических наук / научный сотрудник','Окончила филологический факультет Сыктывкарского государственного университета (1985). В ноябре 1989 г. поступила на работу в отдел языка ИЯЛИ на должность старшего лаборанта, с 1993 г. по 1996 г. – младший научный сотрудник,  с 1996 г. по настоящее время – научный сотрудник. В 2022 г. в Удмуртском государственном университете (г. Ижевск) защитила кандидатскую диссертацию  на тему «Формирование и развитие системы союзов и союзных средств в коми языке». ','\r\nÖнiя коми кыв. Морфология / В.М. Лудыкова, Г.А. Некрасова, Э.Н. Попова, Г.В. Федюнёва, Е.А. Цыпанов; Под общей редакцией Г.В. Федюнёвой. Сыктывкар: Коми кн. изд-во, 2000. 544 с.\r\nПопова Э.Н. Союзы и союзные средства в коми языке. Сыктывкар, 2015. 112 с.\r\nПопова Э.Н. Формирование и развитие системы союзов и союзных средств в коми языке: автореф. дис. … канд. филол. наук. Ижевск, 2022. 22 с.','Награждена Благодарственными письмами Президиума Коми научного центра УрО РАН (1994), Министерства образования Республики Коми (2010), Министерства национальной политики Республики Коми (2015); Почетными грамотами Министерства образования и высшей школы Республики Коми (1999), Коми научного центра УрО РАН (2001, 2005), Почетной грамотой Российской академии наук и Профсоюза работников РАН (2009), грамотой УрО РАН (2012). Э.Н. Попова является лауреатом Государственной премии Республики Коми в области образования (2004), имеет звание «Ветеран труда».','1952-02-20',NULL,'2024-04-19 12:09:31',19),(72,'Понарядов',' Вадим ','Васильевич ','кандидат филологических наук / старший научный сотрудник','Окончил физико-математический факультет (1993) и филологический факультет (1997)  Коми государственного пединститута.  В 1997 г. поступил на работу в ИЯЛИ на должность стажера-исследователя, с 2000 г. работает в должности младшего научного сотрудника, с 2002 г. по настоящее время – в должности старшего научного сотрудника. В 2001 г. в Удмуртском государственном университете (г. Ижевск)  защитил кандидатскую диссертацию «Порядок слов в пермских языках в сравнительно-типологическом освещении (простое предложение)». ','Понарядов В.В. Порядок слов в пермских языках в сравнительно-типологическом освещении (простое предложение): автореф. дис. … канд. филол. наук. Сыктывкар, 2001. 23 с.\r\nПонарядов В.В. Порядок слов в пермских языках в сравнительно-типологическом освещении (простое предложение). Сыктывкар, 2010. 120 с.\r\nПонарядов В.В. Сравнительно-историческое исследование уральского вокализма. Сыктывкар, 2021. 140 с.\r\n','Является лауреатом премии правительства Республики Коми молодым ученым в области фундаментальных научных исследований (2006 г.), награжден Почетной грамотой Коми научного центра УрО РАН (2023).','1973-08-22',NULL,'2024-04-19 12:21:16',19),(73,'Федосеева ','Елена',' Николаевна','кандидат филологических наук / старший научный сотрудник','Окончила финно-угорский факультет Сыктывкарского государственного университета (1998). В 1998 г. принята в сектор языка ИЯЛИ на должность стажера-исследователя. С 1998 г. по 2001 г. обучалась в очной аспирантуре Коми НЦ УрО РАН. В 2002 г. в Удмуртском государственном университете (г. Ижевск) защитила кандидатскаую диссертацию «Лексика северного наречия коми-пермяцкого языка». С 2001 г. работает в ИЯЛИ в должности  младшего научного сотрудника, с 2003 г. по настоящее время – старший научный сотрудник.','Федосеева Е.Н. Лексика северного наречия коми-пермяцкого языка: автореф. дис. …канд. филол. Наук. Ижевск, 2002. 25 с.\r\nФедосеева Е.Н. Лексика северного наречия коми-пермяцкого языка. Сыктывкар, 2015. 196 с\r\n\r\n','Награждена  почетными грамотами ИЯЛИ (2005), КНЦ УрО РАН (2010), УрО РАН (2014), Министерства национальной политики РК (2023).','1973-01-14','0000-00-00','2024-04-19 12:31:29',19),(74,'Забоева ','Надежда ','Кимовна','заведующий редакторско-издательским отделом ','Окончила немецко-английское отделение факультета иностранных языков Коми государственного пединститута (1983). В августе 1983 г. поступила на работу в ИЯЛИ на должность старшего лаборанта, а затем переводчика. С 1996 г. работает в отделе языка ИЯЛИ в должности младшего научного сотрудника, с 1998 г. – научного сотрудника. С 2007 г. по настоящее время – заведующий редакторско-издательским отделом ИЯЛИ. ','Забоева Н.К. Употребление сравнительного падежа в коми языках // Коми слово в грамматике и словаре.  Сыктывкар, 2000.  С. 15–23.\r\nРусско-коми словарь: [Более 52000 слов] / Л.М. Безносикова, Н.К. Забоева, Р.И. Коснырева.  Сыктывкар, 2003.  1103 с.\r\nБезносикова Л.М., Забоева Н.К., Коснырева Р.Н., Айбабина Е.А. Русско-коми словарь. Коми-роч кывчукöр.  Сыктывкар, 2009.  672 с.\r\nКоми сёрнисикас кывчукöр: в 2 томах / Е.А. Айбабина, Л.М. Безносикова, Н.К. Забоева, Р.И. Коснырева.  Сыктывкар, 2012.  Т. 1. (А–О).  1096 л.б.;  Сыктывкар, 2014. Т. 2. (Ö-Я).  888 л.б.\r\n','Награждена Почетной грамотой Администрации МО ГО «Сыктывкар», Почетной грамотой УрО РАН, Почетной грамотой РАН и Профсоюза работников РАН (2011). Имеет Благодарственные письма от Фонда «Покаяние» (2009), Министерства образования и высшей школы Республики Коми (2007), Министерства культуры Республики Коми (2015), награждена знаком «За безупречную службу Республике Коми» (2015). Является лауреатом Премии Правительства Республики Коми в области науки (2004), Премии Правительства Республики Коми в области научных исследований (2015).\r\n','1961-06-02','0000-00-00','2024-04-19 12:43:12',19),(75,'Меркушева',' Татьяна ','Николаевна ','кандидат филологических наук','Окончила финно-угорский факультет Сыктывкарского государственного университета (1998). В том же году поступила в очную аспирантуру Коми НЦ УрО РАН. В 2003 г. в Удмуртском государственном университете (г. Ижевск)   защитила кандидатскую диссертацию «Лексика флоры и фауны южного наречия коми-пермяцкого языка».  В ноябре 2001 г. была принята на работу в сектор языка ИЯЛИ, занимала должности младшего научного сотрудника (с  2001 г.), научного сотрудника (с июня 2004 г.). В сентябре 2004 г. перешла на работу в управление образования и науки Администрации Коми-Пермяцкого автономного округа (г. Кудымкар).','Меркушева Т.Н. Лексика флоры и фауны южного наречия коми-пермяцкого языка: автореф. дис. … канд. филол. наук. Ижевск, 2003.  21 с.','','1974-03-19','0000-00-00','2024-04-19 12:46:56',19),(77,'Сажина ','Светлана ','Александровна','кандидат филологических наук / заведующий сектором языка','Окончила финно-угорский факультет Сыктывкарского государственного университета (1998). В 1998 г. поступила на работу в сектор языка ИЯЛИ на должность стажера-исследователя. С 1998 г. по 2003 г. обучалась в очной аспирантуре Коми НЦ УрО РАН. В 2004 г. в Удмуртском государственном университете (г. Ижевск) защитила кандидатскую диссертацию «Сравнительная морфология коми-зырянских диалектов (именные части речи). Ареальный аспект исследования». С 2003 г. работает в ИЯЛИ в должности  младшего научного сотрудника, с 2005 г. – научный сотрудник, с 2006 г. – старший научный сотрудник, с 2020 г. по настоящее время – заведующий сектором языка.','Сажина С.А. Сравнительная морфология коми-зырянских диалектов (именные части речи). Ареальный аспект исследования: автореф. дис. …канд. филол. наук. Ижевск, 2004. 25 с.\r\nПопова Р.П., Сажина С.А. Фонетические и морфологические особенности коми диалектов (сравнительный аспект исследования): монография. Сыктывкар, 2014. 247 с.\r\n','Награждена Почетными грамотами ИЯЛИ (2005 г.), Коми НЦ УрО РАН (2010 г.), УрО РАН (2014 г.).','1976-01-01','0000-00-00','2024-04-19 12:52:07',19),(79,'Гуляева ','Наталья ','Ивановна ','кандидат филологических наук / старший научный сотрудник','Окончила филологический факультет Сыктывкарского государственного университета (1996).  В 1996 г. поступила на работу на должность стажера-исследователя в сектор языка ИЯЛИ Коми НЦ УрО РАН, в 2001 г. переведена на должность младшего научного сотрудника, с 2013 г. работает научным сотрудником, с 2023 г. по настоящее время  – старшим научным сотрудником. В 2013 г. в Мордовском государственном университете (г. Саранск) защитила кандидатскую диссертацию по теме «Вопросительные предложения в коми литературном языке: семантика, функции и структура».','Гуляева Н.И. Вопросительные предложения в коми литературном языке: семантика, функции и структура: автореф. дис. ... канд. филол. наук. – Саранск, 2013. – 24 с.\r\nГуляева Н.И. Вопросительные предложения в языке коми художественной литературы: семантика, функции и структура. Сыктывкар, 2019. 108 с.\r\n\r\n','Награждена почетными грамотами ИЯЛИ, Коми НЦ, УрО РАН, Благодарственным письмом Министерства национальной политики Республики Коми (2009), Почетной грамотой Министерства национальной политики Республики Коми (2023).\r\n','1973-06-20',NULL,'2024-04-19 13:08:32',19),(80,'Некрасова ','Ольга ','Ивановна ','кандидат филологических наук / старший научный сотрудник','Окончила филологический факультет Сыктывкарского государственного университета в 1995 г. С 1995 г. работает в ИЯЛИ в должности старшего лаборанта, с 1998 г. – младший научный сотрудник, с 2015 г.  –  научный сотрудник, с 2023 г. по настоящее время  – старший научный сотрудник. В 2015 г. в Удмуртском государственном университете (г. Ижевск) защитила кандидатскую диссертацию по теме «Деепричастные конструкции в коми языке».   ','Некрасова О.И. Деепричастные конструкции в коми языке: автореф. дис. … канд. филол. наук. – Сыктывкар, 2015. – 22 с.\r\nНекрасова О.И. Деепричастные конструкции в коми языке. Сыктывкар, 2022. 202 с.\r\n','Награждена Почетной грамотой Института ЯЛИ УрО РАН  (2010 г.);  Почетной грамотой УрО РАН (2012 г.); Почетной грамотой Коми НЦ УрО РАН (2014 г.); Благодарственным письмом Министерства национальной политики РК (2019 г.).','1973-08-31',NULL,'2024-04-19 13:15:06',19),(81,'Пунегова',' Галина ','Васильевна','кандидат филологических наук / старший научный сотрудник','Окончила филологический факультет Сыктывкарского государственного университета (1995). В 2011 г. поступила на работу в сектор языка ИЯЛИ Коми НЦ УрО РАН на должность старшего научного сотрудника.','Пунегова Г.В. Фонетическая интерференция в условиях коми-русского двуязычия (на материале экспериментально-фонетического исследования согласных): автореф. дис. … канд. филол. наук. Йошкар-Ола, 2002. 20 с.\r\nПунегова Г.В. Фонетические особенности функционирования русского языка в условиях коми-русского двуязычия в Республике Коми (на материале экспериментально-фонетического исследования согласных): монография. Сыктывкар, 2008. 186 с\r\nПунегова Г.В. Сёрнитам комиöн: Учебник коми языка для начинающих. Сыктывкар, 2015. 352 л.б.\r\n','Награждена Почетной грамотой Министерства образования и высшей школы РК. В 2005 году присуждена Государственная премия Главы РК в области науки среди молодых ученых.','1972-11-07',NULL,'2024-04-19 13:20:05',19),(82,'Баженова',' Ольга ','Николаевна ','кандидат филологических наук','Окончила Институт гуманитарных наук Сыктывкарского государственного университета (2014 г.). С 2016 г. по 2022 г. работала в ИЯЛИ в должности старшего лаборанта. В 2022 г. в Удмуртском государственном университете (г. Ижевск) защитила кандидатскую диссертацию  на тему «Стилистические ресурсы лексики в коми художественных текстах». ','Баженова О.Н. Стилистические ресурсы лексики в коми художественных текстах: автореф. … дис. канд. филол. наук. Ижевск, 2022. 24 с.','','1992-02-18',NULL,'2024-04-19 13:23:24',19),(83,'Ракин ','Николай ','Анатольевич ','доктор философии (PhD) / научный сотрудник','Окончил гуманитарный факультет Университета им. Лоранда Этвеша (Будапешт) по специальностям «венгерский язык и литература», «финский язык и литература» (2008).  В 2014 г. в Тартуском университете (Эстония) защитил диссертацию «Калевала» на коми языке в контексте некоторых аспектов теории и практики художественного перевода». С 1 октября 2014 г. по настоящее время работает в ИЯЛИ КНЦ УрО РАН в должности научного сотрудника сектора языка. ','Ракин Н.А. «Калевала» на коми языке в контексте некоторых аспектов теории и практики художественного перевода. – Tartu, 2014. – 339 с. – \r\n(Dissertationes philologiae uralicae Universitatis Tartuensis 14).','','1983-01-17','0000-00-00','2024-04-19 13:28:58',19),(84,'Карманова ','Альбина ','Николаевна ','не имеет ученой степени','Окончила  филологический факультет Коми государственного пединститута (1968). С 1968 г. работала в отделе языка ИЯЛИ в должности младшего научного сотрудника. В 1970 г. перешла на работу в Коми государственный пединститут. ','Карманова А.Н. Современный коми язык: учеб. пособие по спецкурсу.  Сыктывкар–Пермь, 1986.  63 с. \r\nКарманова А. Н., Игушев Е.А. Роча-коми сёрнитчан = Русско-коми разговорник.  Сыктывкар, 1989.  111 с. \r\nКарманова А.Н., Панюкова О.В. Торъякывъяс артмöдан кыввор. Сыктывкар, 1999. 155 л.б.\r\n Карманова А.Н. Торъякывъяс тэчасног да артманног: учеб. пособие. Сыктывкар, 2002. 40 л.б\r\n','Награждена почетными грамотами и благодарственными письмами Министерства образования РК, Министерства национальной политики РК. Дважды лауреат Государственной премии Республики Коми в области образования (1999, 2017).','1940-12-08','0000-00-00','2024-04-19 13:34:03',19),(85,'Бурилова','Надежда ','Афанасьевна ','кандидат филологических наук','Окончила историко-филологический факультет Кишиневского государственного университета (1958). Работала учителем литературы в школе-интернате г. Сыктывкара, редактором телевидения, преподавателем Коми государственного пединститута (1968-1975). В 1975 г. поступила в заочную аспирантуру Коми филиала АН СССР. В 1980 г. принята на работу в сектор литературы и фольклора. В 1983 г в Мордовском госуниверситете защитила кандидатскую диссертацию «Нравственно-эстетический идеал современной коми литературы». На должности старшего научного сотрудника отдела литературоведения работала до 2002 г.','Бурилова Н.А. Нравственно-эстетический идеал в историко-революционных романах коми. Сыктывкар: Коми кн. изд-во, 1979. 100 с.\r\nБурилова Н.А. В поисках идеала личности. Сыктывкар: Коми кн. изд-во, 1986. 144 с.\r\nБурилова Н.А. Концепт личности в коми прозе 80-х годов. Сыктывкар, 1990. 22 с. (Научные доклады / Коми НЦ УрО АН СССР. Вып. 251).','Награждена медалью «Ветеран труда»','1935-11-13',NULL,'2024-04-22 06:20:47',16),(86,'Лисовская ','Галина ','Константиновна ','научный сотрудник ','Окончила Коми государственный пединститут (1976). В 1976 г. принята на работу в сектор литературы и фольклора на должности старшего лаборанта. С 1980 г. - младший научный сотрудник, с 1993 г. по настоящее время - научный сотрудник сектора литературоведения. ','Лисовская Г.К. Коми рассказ первой трети XX века: поэтика жанра. Сыктывкар: 1995. 21 с. (Науч.докл. / РАН. УрО. Коми НЦ; Вып. 365).\r\nЛисовская Г.К. Рассказ начала XX века и своеобразие рассказов К.Ф. Жакова // Общее и особенное в жанрах коми фольклора и литературы. Сыктывкар, 1991. С. 46-56 (Тр. Ин-та яз., лит. и истории / Ан СССР. УрО. Коми НЦ; Вып. 48).','Почетная грамота профсоюза работников РАН (2004), Почетная грамота УрО РАН (2005), Почетная грамота Коми НЦ УрО РАН (2005), , Почетная грамота Министерства культуры Республики Коми (2010), Почетная грамота Министерства образования Республики Коми (2014); звание «Ветеран труда» (2004)','1954-11-24',NULL,'2024-04-22 06:26:07',16),(87,'Сурнина ','Лидия ','Егоровна ','кандидат филологических наук / научный сотрудник ','Окончила финно-угорский факультет СыктГУ (2005). В 2005 г. принята на работу в ИЯЛИ Коми НЦ УрО РАН на должность младшего научного сотрудника отдела литературоведения. С 2007 г. по 2012 г. - соискатель сектора литературоведения ИЯЛИ Коми НЦ УрО РАН. С 2013 г. по настоящее время – научный сотрудник сектора литературоведения. В 2019 г. в диссертационном совете ИМЛИ им. А.М. Горького РАН защитила диссертацию на соискание ученой степени кандидата наук на тему «Субъектные формы выражения авторского сознания в крестьянском цикле стихотворений И.А. Куратова». ','Сурнина Л.Е. Авторская позиция в крестьянском цикле стихотворений И.А. Куратова. Монография. Сыктывкар, 2021. 91 с.','Почетная грамота Уральского отделения РАН (2015)\r\nПочетная грамота Министерства образования Республики Коми (2014)\r\nПочетная грамота Министерства национальной политики Республики Коми (2023)','1980-04-26','0000-00-00','2024-04-22 06:45:04',16),(88,'Малева ','Анастасия ','Валерьевна','кандидат филологических наук / научный сотрудник ','Окончила филологический факультет СыктГУ (2008). В 2008 г. поступила в аспирантуру очной формы обучения при Институте языка, литературы и истории Коми НЦ УрО РАН. В 2011 г. окончила обучение и была принята на работу в сектор литературоведения ИЯЛИ Коми НЦ на должность младшего научного сотрудника, с 2014 г. по настоящее время –  научный сотрудник. В 2014 г. защитила диссертацию на тему «Лирическая героиня современной коми женской поэзии: особенности семантики и поэтики образа».','','Лауреат премии Правительства Республики Коми в области культуры (2022)','1984-12-26',NULL,'2024-04-22 06:52:44',16),(89,'Горинова ','Наталья','Васильевна ','кандидат филологических наук / ученый секретарь ','Окончила финно-угорский факультет СыктГУ (2001). В 2001 г. поступила в аспирантуру Коми НЦ УрО РАН. В 2004 г. принята на должность младшего научного сотрудника в сектор литературоведения Института ЯЛИ Коми НЦ УрО РАН. В 2008 г. переведена на должность научного сотрудника сектора. В 2012 г. в Мордовском государственном университете защитила диссертацию «Коми драматургия конца ХХ в.: традиции и новаторство» на соискание ученой степени кандидата филологических наук. С 2020 г.  по настоящее время - ученый секретарь ИЯЛИ ФИЦ Коми НЦ УрО РАН','Горинова Н.В. Творчество коми драматургов на рубеже ХХ – ХХI вв.\r\nЕкатеринбург: УрО РАН, 2023. 113 с.\r\n','Лауреат премии Правительства Республики Коми в области культуры (2022)','1979-04-09',NULL,'2024-04-22 06:59:38',16),(90,'Королев','Клим','Степанович','кандидат исторических наук','В 1962 г. поступил на работу в отдел этнографии и археологии Коми филиала АН СССР в должности лаборанта. В 1971 г. окончил заочно исторический факультет КГПИ. В ИЯЛИ занимал должности младшего научного сотрудника  (с1972 г.), научного сотрудника (с 1986 г.), старшего научного сотрудника (с 1991г.) В 1994 г. в Удмуртском госуниверситете защитил кандидатскую диссертацию «Долина средней Вычегды в эпоху раннего железа и средневековья».','Королев К. С. Население средней Вычегды в древности и средневековье /РАН. Уральск. Отд-ние. Коми науч. Центр. Ин-т яз. , лит. И истории. - Екатеринбург, 1997. - 194 с.\r\nКоролев К. С. Угдымский археологический комплекс на Средней Вычегде (эпоха железа) / К. С. Королев ; ответственный редактор Э. А. Савельева ; Российская академия наук, Уральское отделение, Коми научный центр, Институт языка, литературы и истории. - Сыктывкар, 2002. - 110 с.\r\nКоролев К. С. Предки Коми-Зырян на средней Вычегде (XI-XIV вв.) : монография / К. С. Королев ; отв. ред. Э. А. Савельева ; РАН, УрО, Коми НЦ, Ин-т языка, литературы и истории. - Сыктывкар : Коми НЦ УрО РАН, 2013. - 89 с.\r\nКоролев К. С. Археология от А до Я : словарь для школьников / К. С. Королев. - Сыктывкар, 2017. - 88 с.','Почетная грамотами Президиума Академии наук  СССР (1974 г.), Почетная грамота Российской Академии наук (1999 г.), Заслуженный работник Республики Коми (2000 г.)','1940-01-08','2017-12-07','2024-04-22 07:17:09',23),(92,'Лимерова','Валентина ','Александровна ','кандидат педагогических наук / старший научный сотрудник ','Окончила филологический факультет СыктГУ (1986), аспирантуру НИИ национальных проблем образования МО РФ (1994).  В 1995 г. защитила диссертацию «Постижение авторской позиции при изучении эпических произведений  родной литературы в V-XI классах коми школы» по специальности «Теория и методика обучения литературе» на соискание ученой степени кандидата педагогических наук.  Преподавала в школе, Коми республиканском Институте развития образования, Сыктывкарском государственном университете. С 2002 г. по настоящее время – старший научный сотрудник ИЯЛИ Коми НЦ, в 2002–2007 гг. работала в должности заведующей отделом литературоведения. ','Лимерова В.А. Авторская позиция в эпическом произведении. Сыктывкар: Сыктывкарский гос. ун-т, 1995.\r\nЗыряне и зырянский край в литературных документах XIX века. Сыктывкар: «Кола», 2010. (Сост., вступит. статья В.А.  Лимеровой)','Лауреат премии Правительства Республики Коми в области культуры (2011)\r\nПочетная грамота Министерства образования и высшей школы Российской Федерации (2013)\r\n Почетная грамота Республики Коми (2016)','1964-01-01',NULL,'2024-04-22 07:51:09',16),(93,'Плесовский','Федор','Васильевич','кандидат филологических наук','В 1941 г. закончил филологический факультет Коми государственного педагогического института. Участник Великой Отечественной войны. В 1951 г. в Институте русской литературы (Пушкинский дом) РАН защитил диссертацию на соискание ученой степени кандидата филологических наук на тему «Сказки народа коми». С 1952 г. работал в отделе языка и литературы Коми филиала АН СССР на должности м.н.с., с 1956 г. - с.н.с. Внес значительный вклад в изучение сказочной традиции, малых жанров, идиом, свадебной поэзии коми. Автор свыше 50 работ. В 1982 г. уволился из ИЯЛИ в связи с выходом на пенсию. Скончался 27 марта 1988 г., похоронен в г. Сыктывкаре. ','Коми мойдъяс, сьыланкывъяс да послőвичаяс (Коми сказки, песни и пословицы) / Сост. Ф.В. Плесовский. Сыктывкар, 1956. 226 с.\r\nПлесовский Ф.В. Свадьба народа коми: обряды и причитания. Сыктывкар, 1968. 320 с.\r\nКоми пословицы и поговорки / Сост. Ф. В. Плесовский. Сыктывкар: Коми кн. изд-во, 1973. 216 с.; Коми шусьöгъяс да кывйöзъяс (Коми пословицы и поговорки) / Сост. Ф. В. Плесовский. 2-ое изд. Сыктывкар: Коми кн. изд-во, 1983. 208 с.\r\nКоми народные загадки / Сост. Ф. В. Плесовский. Сыктывкар: Коми кн. изд-во, 1975. 111 с.\r\nКоми народные сказки / Сост. Ф. В. Плесовский. Сыктывкар: Коми кн. изд-во, 1975. 143 с.; Коми мойдъяс (Коми сказки) / Сост. Ф. В. Плесовский. 2-ое изд. Сыктывкар: Коми кн. изд-во, 1976. 135 с.\r\nИстория коми литературы. В 3 т. Т. 1: Фольклор. Сыктывкар: Коми кн. изд-во, 1979 (в соавт. с А.К. Микушевым, Ю.Г. Рочевым, П.И. Чисталёвым)\r\nКоми фразеологизмъяс (Коми фразеологизмы) / Сост. Ф. В. Плесовский. Сыктывкар: Коми кн. изд-во, 1980. 119 с.\r\n','Медаль \"За Отвагу\"\r\nМедаль \"За доблестный труд в Великой Отечественной войне 1941-1945 гг.\"\r\nПочетные грамоты Совета Министров Коми АССР,  Президиума АН СССР. ','2020-10-01','1988-03-27','2024-04-22 08:25:08',21),(94,'Микушев','Анатолий ','Константинович (','доктор филологических наук, профессор','В 1947 г. закончил филологический факультет КГПИ. В 1953 г. защитил кандидатскую диссертацию на тему «Песенное творчество народа коми», с 1953 г. работал в секторе литературы и фольклора отдела языка, литературы и истории Коми филиала АН СССР, занимал должности м.н.с. - с 1953 г., с.н.с. - с 1957 г., зав. сектором литературы и фольклора - с 1970 г., с.н.с. - с 1972 г. В 1970 г. в ИРЛИ (Пушкинский Дом) РАН защитил диссертацию на соискание ученой степени д. филол.н. на тему «Генезис и эволюция коми песенного фольклора». 2 января 1975 г. перешел на работу в СыктГУ на должность декана филологического факультета, зав. кафедрой финно-угорской филологии. Скончался 11 января 1993 г., похоронен в Сыктывкаре. Заслуга А.К. Микушева – открытие, изучение, публикация и презентация ижмо-колвинского эпоса; организация комплексных музыкально-фольклорных экспедиций с целью исследования локальных традиций Республики Коми; создание на базе ИЯЛИ фонда фольклора.','Коми йöзкостса сьыланкывъяс (Коми народные песни). В 3 т. / Сост. А.К. Микушев, П.И. Чисталев. Вып. 1. Вычегда и Сысола. Сыктывкар, 1966. 291 с.; Вып. 2. Ижма и Печора. Сыктывкар, 1968. 192 с.; Вып. 3. Сост. А.К. Микушев, П.И. Чисталев, Ю.Г. Рочев. Емва да Удора. Сыктывкар, 1971. 255 с. \r\nМикушев А.К. Коми эпические песни и баллады. Л.: Наука, 1969. 292 с.\r\nМикушев А.К. Эпические формы коми фольклора. Л., 1973. 225 с.\r\nИстория коми литературы. В 3 т. Т. 1: Фольклор. Сыктывкар: Коми кн. изд-во, 1979 (в соавт. с Ф.В. Плесовским, Ю.Г. Рочевым, П.И. Чисталёвым).\r\nКоми народный эпос / Вступ. ст., перевод текстов песен, комментарии А. К. Микушева. М.: Гл. ред. вост. лит-ры изд-ва «Наука», 1987. 686 с. \r\nКоми эпическая поэзия / Вступ. ст., сост. и примеч. А. К. Микушева. Л.: Сов. писатель, 1991. 368 с.','Награжден пятью медалями, Почетной грамотой Президиума Верховного Совета РСФСР (1986 г.). Лауреат Государственной премии Коми АССР им. И.А.Куратова (1972), Заслуженный деятель науки РСФСР (1982 г.).','1926-11-05','1993-01-11','2024-04-22 09:17:56',21),(95,'Пахорукова ','Вера ','Васильевна ','доктор филологических наук','Окончила филологический факультет Пермского пединститута (1960). В 1960-1968 гг. работала методистом Коми-Пермяцкого окружного Института усовершенствования учителей и преподавателем русского языка и литературы в Кудымкарском педучилище. С 1968 по 1971 г. обучалась в аспирантуре Коми филиала АН СССР. В 1971 г. поступила на работу в сектор литературы и фольклора ИЯЛИ на должность младшего научного сотрудника. В 1974 г. защитила кандидатскую диссертацию на тему «Зарождение и развитие коми-пермяцкой прозы». В 1997 г. – докторскую диссертацию на тему «Коми-пермяцкая проза в контексте пермских литератур». Уволилась из ИЯЛИ в феврале 1978 г. в связи с избранием по конкурсу в СыктГУ.','Пахорукова В.В. Пути и проблемы развития коми-пермяцкой прозы. Л.: Наука, 1977. 172 с.\r\nПахорукова В.В. Коми-пермяцкая проза в контексте пермских литератур: учебное пособие / Сыктывкарский государственный университет. Сыктывкар, 1999. 85 с. \r\nПахорукова В.В. История коми-пермяцкой литературы. Т. 1. Проза / Рос.акад.наук, Урал.отд-ние, Коми науч.центр, Ин-т яз., лит. и истории. Сыктывкар, 2004. 217 с.','Заслуженный работник Республики Коми (1999)','1937-10-20','2020-06-10','2024-04-22 11:19:00',16),(96,'Ельцова ','Елена ','Власовна ','кандидат филологических наук / научный сотрудник ','Окончила финно-угорский факультет Сыктывкарского государственного университета (1996-2001), Высшие литературные курсы при Литературном институте им. А.М. Горького в Москве (2001-2003), аспирантуру ИЯЛИ Коми НЦ УрО РАН (2005-2009). В 2005 г. принята на работу в ИЯЛИ на должность младшего научного сотрудника. В 2009 г. в Мордовском госуниверситете защитила диссертацию «Ритмическая организация произведений В.Т. Чисталева» на соискание ученой степени кандидата филологических наук. С 2008 г. по настоящее время – научный сотрудник. ','Ельцова Е.В. Ритм прозы В. Т. Чисталева. Сыктывкар: Коми науч. центр УрО РАН, 2013. 27 с.','Почетная грамота Уральского отделения РАН (2015)\r\nПочетная грамота Союза писателей России (2019)\r\nЛауреат Государственной премии Республики Коми в области культуры (2022)','1979-01-19',NULL,'2024-04-22 11:59:13',16),(97,'Беляев ','Геннадий ','Васильевич ','кандидат филологических наук ','Окончил историко-филологический факультет Коми государственного пединститута (1963). Обучался в аспирантуре Академии общественных наук при ЦК КПСС, на кафедре теории литературы и литературной критики (1975-1978), защитил диссертацию на соискание ученой степени кандидата филологических наук на тему «Проблемы современного развития прозы молодых литератур (литературы Поволжья и Приуралья)» (1978 г.). С 1995 г. по 2004 г. работал в должности старшего научного сотрудника отдела литературоведения. В 2004 г. уволился из ИЯЛИ в связи с выходом на пенсию. ','Беляев Г.В. Книгаын да олöмын: статья чукöр. Сыктывкар: Коми кн. изд-во, 1977. 151 с.\r\nБеляев Г.В. От вечно живого корня: о развитии коми прозы. Сыктывкар: Коми кн. изд-во, 1983. 190 с.\r\nБеляев Г.В. Кодi ciйӧ, кодi тайӧ… Сыктывкар: Эскӧм, 2004. 158 с.','Заслуженный работник культуры Республики Коми (1994)\r\nЛауреат Государственной премии Республики Коми (1998)\r\nНагражден орденом Дружбы народов (1988)','1940-01-01','2008-08-31','2024-04-22 12:13:16',16),(98,'Рочев','Юрий','Герасимович','кандидат филологических наук','В 1962 г. поступил на работу в сектор литературы и фольклора отдела языка и литературы Коми филиала АН СССР. В 1963 г. закончил филологический факультет КГПИ. Занимал должность лаборанта (1962 г.), младшего научного сотрудника (с 1964 г.), старшего научного сотрудника (с 1982 г.), зав. сектором фольклора и народного искусства (с 1990 г.), старшего научного сотрудника (с 1994 г.). В 1974 г. защитил в Мордовском госуниверситете диссертацию на соискание ученой степени к.филол.н. «Детский фольклор коми». Внес крупный вклад в изучение детского фольклора коми, впервые систематизировал и классифицировал его по жанрам. Проводил исследования детской литературы коми, несказочной прозы фольклора коми. Участник фольклорных экспедиций в районы Республики Коми и анклавы проживания коми за пределами республики, во время которых был собран ценнейший фольклорный материал. Скончался 29 октября 1995 г., похоронен в г.Сыктывкаре.','Коми предания и легенды / Сост., вступит. ст., примеч. и перевод Ю. Г. Рочева. Сыктывкар, 1984. 175 с.; Коми йöзкостса важ висьтъяс (Коми легенды и предания) / Сост., введение, комментарий и перевод Ю. Г. Рочева. Сыктывкар: Коми кн. изд-во, 2006. 240 с.\r\nКоми челядьлы важъя ворсöмъяс (Коми старинные детские игры) / Сост. Ю. Г. Рочев. Сыктывкар, 1988. 24 с.\r\nЧелядь сьыланкывъяс да мойдкывъяс (Детские песни и сказки) / Сост. Ю. Г. Рочев. 2-ое изд. Сыктывкар: Коми кн. изд-во, 1994. 103 с.\r\nИстория коми литературы. В 3 т. Т. 1: Фольклор. Сыктывкар: Коми кн. изд-во, 1979 (в соавт. с А.К. Микушевым, Ф.В. Плесовским, П.И. Чисталёвым)\r\nКоми йöзкостса сьыланкывъяс (Коми народные песни). В 3 т. / Сост. А. К. Микушев, П. И. Чисталев, Ю. Г. Рочев. Вып. 3. Емва да Удора. Сыктывкар, 1971. 255 с. \r\n','Медаль «Ветеран труда» (1986).\r\nПочетные грамоты Совета Министров Коми АССР (1990), Президиума Верховного Совета Республики Коми (1994).','1936-03-07','1995-10-29','2024-04-22 12:24:43',21),(99,'Зиявадинова ','Ольга ','Сайфидиновна ','кандидат филологических наук / научный сотрудник ','Окончила филологический факультет СыктГУ (1995). В 1995 г. принята на работу в ИЯЛИ Коми НЦ УрО РАН на должность стажера-исследователя. В 1997-2000 гг. обучалась в аспирантуре Коми НЦ УрО РАН. В 2000 г. переведена на должность младшего научного сотрудника.  В 2007 г. в Мордовском госуниверситете им. Н.П. Огарева защитила диссертацию «Тема природы и ее художественное воплощение в коми литературе» на соискание ученой степени кандидата филологических наук. С 2008 г. по настоящее время - научный  сотрудник.','Зиявадинова О.С. Художественное воплощение темы природы в коми литературе. Сыктывкар: Институт языка, литературы и истории Коми НЦ УрО РАН, 2021. 104 с.','Почетная грамота УрО РАН (2012)','1973-04-04',NULL,'2024-04-22 12:27:07',16),(100,'Югов ','Степан ','Александрович ','кандидат филологических наук','Окончил филологический факультет СыктГУ (1988). В 1988 г. принят на работу в ИЯЛИ на должность стажера-исследователя, с 1990 г. - младший научный сотрудник, с 1994 г. – научный сотрудник, с 1997 г. – старший научный сотрудник. В 1990-1994 гг. обучался в заочной аспирантуре ИЯЛИ Коми НЦ УрО РАН. В 1997 г. защитил диссертацию «Становление и развитие коми детской литературы» на соискание ученой степени кандидата филологических наук.','','','1958-10-19','2004-06-30','2024-04-22 12:49:56',16),(101,'Верещагина ','Ирина','Викентьевна','кандидат исторических наук','В 1971 г. после окончания кафедры археологии исторического факультета ЛГУ была принята на должность старшего лаборанта в отдел этнографии и археологии ИЯЛИ, в 1972 г. переведена на должность младшего научного сотрудника. В 1975 г. уволена из ИЯЛИ в связи с переездом в г. Ленинград. \r\nВ 1989 г. И.В. Верещагиной была защищена кандидатская диссертация «Мезолит и неолит Европейского Северо-Востока».\r\n','Верещагина И. В. Мезолит и неолит крайнего Европейского Северо-Востока. — СПб.: Петербургское Востоковедение, 2010. — 232 с.','','1947-11-25','2006-03-03','2024-04-23 06:02:32',23),(103,'Чисталев','Прометей','Ионович','кандидат искусствоведения','Учился на физ.-мат. факультете КГПИ. С октября 1960 г. работал м.н.с. отдела языка и литературы Коми филиала АН СССР, с мая 1971 г. – художественный руководитель Коми гос. филармонии, с января 1972 г. – методист по фольклору Коми республиканского Дома народного творчества. С 3 октября 1972 г. – м.н.с. ИЯЛИ Коми филиала АН СССР, с 1 декабря 1977 г. – с.н.с. В декабре 1974 г. защитил в Ленинградском гос. институте театра, музыки и кинематографии кандидатскую диссертацию «Коми народные музыкальные инструменты». Внес значительный вклад в исследование народного инструментария и музыкального фольклора коми, русско-коми фольклорно-музыкальных связей, взаимодействия народного и профессионального (композиторского) искусства, соотношения национальных и инонациональных черт в фольклоре коми. 14 июня 1982 г. вышел на пенсию. Скончался 11 августа 1988 г.','Коми йöзкостса сьыланкывъяс (Коми народные песни). В 3 т. / Сост. А.К. Микушев, П.И. Чисталев. Вып. 1. Вычегда и Сысола. Сыктывкар, 1966. 291 с.; Вып. 2. Ижма и Печора. Сыктывкар, 1968. 192 с.; Вып. 3. Сост. А.К. Микушев, П.И. Чисталев, Ю.Г. Рочев. Вымь и Удора. Сыктывкар, 1971. 255 с. \r\nИстория коми литературы. В 3 т. Т. 1: Фольклор. Сыктывкар: Коми кн. изд-во, 1979 (в соавт. с А.К. Микушевым, Ф.В. Плесовским, Ю.Г. Рочевым)\r\nЧисталев П. И. Коми народные музыкальные инструменты. Сыктывкар: Коми кн. изд-во, 1984. 104 с. \r\nЧисталев П. И., Скляр И. Г. Коми народные танцы (Прилузье, Сысола, Вычегда). Сыктывкар: Коми кн. изд-во, 1990. 183 с.','Награжден медалями «За боевые заслуги», «За победу над Германией», «Двадцать лет победы в Великой Отечественной войне», «50 лет Вооруженных сил СССР». \r\nЗаслуженный работник культуры РСФСР, Заслуженный деятель литературы и искусства Коми АССР (1965 г.), лауреат Государственной премии Коми АССР, член Союза композиторов СССР (1968 г.), заместитель председателя оргбюро Союза коми композиторов, член Всесоюзной фольклорной комиссии Союза композиторов СССР','1921-02-27','1988-08-11','2024-04-23 07:43:12',21),(104,'Кудряшова','Вера','Михайловна','кандидат филологических наук','В 1973 г. закончила филологический факультет КГПИ. В 1966 г. поступила на работу в отдел языка и литературы Коми филиала АН СССР, занимала должность лаборанта, с 1977 г. – младшего научного сотрудника, с 1989 г. – научного сотрудника, с 1993 г. – старшего научного сотрудника. В 1985 г. защитила в Институте русской литературы (Пушкинский дом) РАН диссертацию «Русско-коми фольклорные связи в устной прозе» на соискание ученой степени к.филол.н. Автор около 100 публикаций по коми эпосу, мифологии, коми-русским фольклорным связям, др. Участник экспедиционных работ в Большеземельской и Малоземельской тундре, Тюменской области, Республике Коми. В 2023 г. вышла на пенсию.','Коми народные приметы / Сост. В. М. Кудряшова. Сыктывкар: Коми кн. изд-во, 1993. 192 с.; Коми народные приметы / Сост., вступ. ст., переводы В. М. Кудряшовой. Издание второе, исправленное и дополненное. Сыктывкар, 2007. 192 с.\r\nМойд небöг. Книга сказок: Сказки, собранные Павлом Дорониным (К 100-летию со дня рождения П. Г. Доронина, ученого-историка, писателя, литературного критика, фольклориста) / Сост. О. И. Уляшев, В. М. Кудряшова, И. А. Плосков. Сыктывкар: Коми кн. изд-во, 2004. 464 с.\r\nЗагадки народа коми / Сост., вступ. ст. В.М. Кудряшовой. Сыктывкар: Эском, 2008. 192 с.\r\nФольклор ижемских коми в Ненецком автономном округе: сборник фольклорных текстов / Сост. А. Н. Рассыхаев, В. М. Кудряшова. Сыктывкар–Нарьян-Мар, 2014. 504 с.','Награждена Почетной грамотой Российской академии наук, медалью «Ветеран труда», Почетной грамотой УрО РАН за значительный вклад в развитие гуманитарной академической науки (2005 г.).','1946-08-17',NULL,'2024-04-23 08:32:45',21),(105,'Коровина','Надежда','Степановна','кандидат филологических наук','Окончила филологический факультет СыктГУ в 1980 г.  В январе 1985 г. поступила на работу в ИЯЛИ на должность ст.лаб. сектора литературы и фольклора. В 1986 г. поступила в очную аспирантуру Коми филиала АН СССР. Тема кандидатской диссертации – «Типология и стилевое родство коми и русских сказок» (2004 г.). По окончании курса аспирантуры была принята в сектор фольклора и народного искусства на должность м.н.с., с 1994 г. – н.с. отдела литературы и фольклора, с 2007 г. – с.н.с. сектора фольклора. Научные интересы: устная сказочная проза, сравнительно-историческое изучение коми сказочной традиции, систематизация национального сказочного фонда, стилистические особенности сказки коми, влияние русской народной книги и севернорусской устной эпической традиции на формирование сюжетного состава сказки коми. Автор более 60 научных и научно-популярных работ.','Сказки народа коми. Коми мойдъяс / Сост., вступит. ст., комментарии и указатели Н. С. Коровиной; Отв. ред. П. Ф. Лимеров; Переводы П. Ф. Лимерова, А. В. Панюкова, О. И. Уляшева. Сыктывкар: АУ РК «Редакция журнала «Арт», 2009. 496 с. \r\nКоровина Н. С. Типология взаимодействия коми и русских волшебных сказок (сюжетный состав, художественно-стилевая структура). Сыктывкар, 2013. 232 с. \r\nИзсайса комияслӧн фольклор (Фольклор зауральских коми) / Сост. М. И. Ёлтышева, Н. С. Коровина, А. В. Панюков; Отв. ред., вступ. ст., комментарии, оформление, компакт-диск А. В. Панюков. Сыктывкар, 2016. 294 с.\r\nСказки народа коми. Репертуар Ивана Ивановича Игушева / Сост. Н. С. Коровина. Отв. ред. О.И. Уляшев. Сыктывкар: ФИЦ Коми НЦ УрО РАН, 2023. 420 с. ','Награждена Почетными грамотами РАН и профсоюза работников РАН, Министерства образования и высшей школы РК.','1957-10-22',NULL,'2024-04-23 09:11:44',21),(106,'Плосков','Иван','Александрович','не имеет ученой степени','Окончил филологический факультет Сыктывкарского государственного университета в 1980 г. В 1980-1981 гг. прошел стажировку на кафедре истории русской литературы Ленинградского госуниверситета по специальности «фольклористика». В 1981 г. был принят на работу в отдел литературы и фольклора ИЯЛИ на должность старшего лаборанта, с 1986 г. – младший научный сотрудник. В 1987 г. прошел стажировку в отделе русского народного творчества Института русской литературы (Пушкинский дом) РАН. В 1993 г. переведен на должность научного сотрудника отдела фольклора и народного искусства ИЯЛИ. Научные интересы: устная сказочная и несказочная проза, генезис мифологических образов и персонажей несказочной прозы, архивная фольклористика, историография, русско-коми культурные связи. Автор более 150 работ. Скончался 29 сентября 2021 г.','Мойд небöг. Книга сказок: Сказки, собранные Павлом Дорониным (К 100-летию со дня рождения П. Г. Доронина, ученого-историка, писателя, литературного критика, фольклориста) / Сост. О. И. Уляшев, В. М. Кудряшова, И. А. Плосков. Сыктывкар: Коми кн. изд-во, 2004. 464 с.\r\nПлосков И. А. Коми сказка и ее герои. Сыктывкар: Изд-во КРИРОиПК, 2005. 122 с.\r\nПлосков И. А., Рассыхаев А. Н., Рочев Ю. Г. Коми фольклорная традиция и история изучения устной прозы. Сыктывкар: Изд-во КРИРОиПК, 2005. 107 с.','','1951-08-18','2021-09-29','2024-04-23 11:02:39',21),(107,'Шергина ','Александра','Алексеевна ','без степени','В период 1976-1986 гг. - младший научный сотрудник сектора литературы и фольклора. Научные интересы: национальное и жанровое своеобразие песенной традиции коми в сравнении с русским, угорским и самодийским музыкальным фольклором, творчество профессиональных композиторов республики, взаимодействие мелодии и поэтического слова, история национальной профессиональной музыкальной культуры.','Шергина А. А. О формообразовании коми народных песен: доклад на заседании Президиума Коми филиала АН СССР 21 сентября 1978 г. 1978. 33 с. (Серия препринтов «Научные доклады»; вып. 39).\r\nШергина А. А. Национальное своеобразие коми народной песенности в сравнении с русским музыкальным фольклором = National peculiarities of the komi folk songs in comparison with russian musical folklore: доклад на заседании Президиума Коми филиала АН СССР 25 октября 1984 г.: (к VI Международному конгрессу финно-угроведов, № 3). Сыктывкар: Коми филиал АН СССР, 1984. 37 с. (Серия препринтов «Научные доклады»; вып. 106).','','1948-03-17','2023-06-16','2024-04-23 11:13:59',21),(108,'Горчаков','Александр','Гениевич','не имеет ученой степени','Работал в ИЯЛИ в секторе фольклора и народного искусства с 1989 по 2006 гг., занимал должности ст. лаб., м.н.с. (с 1989 г.), научного сотрудника (1993-2006 гг.). Сфера научных интересов: музыкальная культура народа коми. Автор более 30 публикаций.','','Лауреат Государственной премии Республики Коми им. В.Савина (1996), Заслуженный работник Республики Коми (2006), лауреат Премии правительства Коми (2011), народный артист Республики Коми (2019)','1951-02-23','0000-00-00','2024-04-23 11:32:24',21),(109,'Михеева','Елизавета','Васильевна','заведующий научной библиотекой','Занимала должность заведующего с 1944 г. по 1960 г. Провела большую работу по организации работы библиотеки. Активно формировался библиотечный фонд, создавался справочный аппарат, работал библиотечный совет, который оказывал значительную помощь по различным направлениям работы, был выпущен первый библиографический указатель.','','','1909-10-04','0000-00-00','2024-04-23 11:58:03',26),(110,'Шведова','Галина','Сергеевна','заведующий научной библиотекой','Окончила Московский государственный библиотечный институт.\r\nВ 1959 г. – старший библиограф КФАН СССР.  С 1960 г. по 1969 г. – заведующий научной библиотекой  КФАН СССР. \r\nРабота Г.С. Шведовой была высоко оценена руководством Коми филиала АН СССР. Отмечалось, что было «много сделано по упорядочению учёта фондов, по приведению в порядок каталогов и налаживанию систематической библиографической работы, направленной на улучшение научного процесса» (Председатель Президиума Коми филиала АН СССР П.П. Вавилов).','','','1937-09-01','0000-00-00','2024-04-23 12:00:50',26),(111,'Селькова','Антонина','Ивановна','главный библиограф','Окончила Коми учительский институт по специальности «учитель русского языка и литературы». \r\nВ научной библиотеке работала с 1954 г. по 1983 г.\r\n1954 г. – библиотекарь НБ Коми филиала АН СССР, 1961 г. – старший библиограф, 1972 г. – главный библиограф.','','','1928-06-04','0000-00-00','2024-04-23 12:04:16',26),(112,'Мысова','Нина','Павловна','заведующий отделом обработки и систематизации литературы','Работала в научной библиотеке с 1958 г. по 1984 г. \r\n1958 г. – библиотекарь НБ КФАН СССР, 1963 г. – старший библиотекарь отдела обработки и систематизации, 1984 г. – заведующий отделом обработки и систематизации литературы.','','','1911-10-27','0000-00-00','2024-04-23 12:06:29',26),(113,'Лимеров','Павел','Федорович','доктор филологических наук','Окончил коми отделение филологического факультета Сыкт ГУ в 1987 г. В 1992 г. закончил очную аспирантуру при отделе фольклора ИЯЛИ, с 1992 г. – м.н.с.; с 1994 г. – н.с., с 1996 г. – с.н.с. В 1996 г. в ИРЛИ (Пушкинский Дом) РАН защитил диссертацию на соискание ученой степени кандидата филологических наук по теме «Генезис и динамика мифологических образов (по материалам несказочной прозы народов Европейского северо-востока)», в 2022 г. в ИМЛИ РАН - защитил докторскую диссертацию «Нарративы христианизации в формировании коми литературной традиции в контексте русской словесности (XIV – нач. XX вв.)». Член Ученого Совета ИЯЛИ (1997 – 2007 гг.), заведующий сектором фольклора (2001 – 2007 гг.).  Главный редактор культурологического журнала «Арт». Научные интересы: поэтика и жанровая специфика коми несказочной прозы, проблемы фольклорно-литературных взаимосвязей, проблема религиозности народа коми. Автор более 150 научных работ .','Лимеров П.Ф. Мифология загробного мира. Сыктывкар, 1998. 128 с.\r\nМу пуксьöм – Сотворение мира / Сост., предисл., примеч. П. Ф. Лимерова. Сыктывкар: Коми кн. изд-во, 2005. 624 с.\r\nЛимеров П. Ф. Образ св. Стефан Пермского в письменной традиции и в фольклоре народа коми. М.: Наука, 2008. 256 с. \r\nВойдӧр. Когда-то. Мифы, легенды, предания коми / Сост. П. Ф. Лимеров. Сыктывкар, 2012. 160 с.\r\nКоми войтырлӧн шусьӧгъяс да кывйӧзъяс. Пословицы и поговорки коми народа / Сост. П. Ф. Лимеров. Сыктывкар: ООО «Коми республиканская типография», 2014. 208 с.\r\nЛимеров П. Ф. Нарративы христианизации в формировании коми литературной традиции (XIV – начало XХ вв.): монография / Н. Кузнецов (ред.-сост.). Тарту: Научное изд-во ЭЛМ, 2022. 406 с. (Эстонский литературный музей; Sator 24).','Лауреат Государственной премии Республики Коми им. П.А. Сорокина в области науки (2007 г.), лауреат Государственной премии в области журналистики (2012 г.).','1958-02-11',NULL,'2024-04-23 12:07:33',21),(114,'Мамаева','Лидия','Ивановна','старший библиограф','Окончила физико-математический факультет Марийского педагогического института. Работала в научной библиотеке с 1954 г. по 1970 г.\r\n1954 г. – библиотекарь КФАН СССР, 1957 г. – старший библиограф.\r\nНеоднократно получала благодарности за хорошо поставленное информационно-библиографическое обслуживание.  ','','','1922-06-20','0000-00-00','2024-04-23 12:08:12',26),(115,'Шехонина','Софья','Николаевна','старший библиограф','Работала в научной библиотеке с 1946 г. по 1957 г. ','\r\n','','1899-08-23','0000-00-00','2024-04-23 12:10:55',26),(116,'Максимова','Маргарита','Степановна','заведующий  справочно-библиографическим отделом','Окончила Коми пединститут по специальности «преподаватель математики».\r\nСтаж работы в научной библиотеке – 26 лет: с 1960 г. по 1986 г. \r\nРуководила работой отдела по информационному обслуживанию научных сотрудников Коми филиала АН СССР.\r\nНепосредственно осуществляла информационное обслуживание научных сотрудников Института биологии: проводила выставки новых поступлений и тематические выставки, осуществляла групповое и индивидуальное информирование по темам научных исследований  и проч.\r\nОгромное трудолюбие, высокий профессионализм, добросовестность, внимательное отношение к запросам читателей, преданность библиотечной профессии – такой запомнили её коллеги.  ','','','1931-08-25','0000-00-00','2024-04-23 12:19:36',26),(117,'Пиневская','Маргарита','Николаевна','старший библиограф','Окончила Ленинградский государственный университет культуры.\r\nСтаж работы в научной библиотеке – 17 лет: с 1964 г. по 1981 г.\r\nОсуществляла информационное обслуживание научных сотрудников Отдела экономики и Отдела энергетики Коми филиала АН СССР: организовывала и проводила выставки новых поступлений литературы и тематические выставки,  осуществляла групповое и индивидуальное информирование по темам научных исследований.  \r\nВ 70-годы групповое информирование велось по 5-ти научным темам данных отделов. \r\nБыла составителем двух библиографических указателей изданий Коми филиала АН СССР за 1967-1975 гг. и за 1976-1980 гг.','','','1940-07-03','0000-00-00','2024-04-23 12:22:54',26),(118,'Галкина','Надежда','Михайловна','заведующий научной библиотекой','Окончила Московский библиотечный институт.\r\nЗаведующий научной библиотекой с 1969 по 2008 гг.\r\nНадежда Михайловна проработала в должности 38 лет. В этот период значительно вырос фонд библиотеки, увеличились её площади, был открыт новый читальный зал, началась компьютеризация библиотечных процессов, создание электронного каталога и первой электронной базы данных.','','Почётная грамота РАН (1999), Почётная грамота Президиума АН СССР, Почётная грамота Министерства культуры Коми АССР и СССР, Почётная грамота Совета министров Коми АССР (1966), Значок «За отличную работу» Министерства культуры РСФСР','1929-05-15','0000-00-00','2024-04-23 12:37:52',26),(119,'Крашенинникова','Юлия','Андреевна','кандидат филологических наук','Работает в ИЯЛИ Коми НЦ УрО РАН с 1993 г. после окончания филологического факультета Сыктывкарского гос. университета. В 2003 г. защитила кандидатскую диссертацию «Свадебные приговоры дружки (структурно-семантический, функциональный аспекты жанра)». С 2007 г. по настоящее время - зав. сектором фольклора, в.н.с. Научные интересы: полевая и архивная фольклористика, фольклорная культура русского населения Европейского Севера России, русские локальные традиции Республики Коми, поэтика жанров русского свадебного обряда. Постоянный участник и руководитель фольклорно-этнографических экспедиций, работала на территории Республики Коми, Архангельской, Кировской областей, Ненецкого автономного округа Архангельской области. Автор более 150 научных работ, в т.ч. 6 отдельных изданий.','Свадебные приговоры Вилегодского района Архангельской области в рукописной и устной традиции XX в. (исследование и тексты) / Сост., вступительная статья и комментарии Ю. А. Крашенинниковой. Сыктывкар, 2009. 160 с.\r\nЗолотова Т. А., Крашенинникова Ю. А., Поздеев В. А. Эволюция этнических маркеров вятских северных и южных этноконтактных зон. Киров, 2015. 154 с.\r\nЗолотова Т. А., Крашенинникова Ю. А., Поздеев В. А. Семантические и поэтические уровни значений реалий и номинаций в народном сознании (на вятском этнофольклорном материале). Киров, 2017.\r\nРусские свадебные приговоры в архивных коллекциях XIX — первой трети XX в. / Составление, вступ. статья, подготовка текстов, комментарии Ю.А. Крашенинниковой. М.: Индрик, 2021. 712 с., илл. ','Лауреат Премии Правительства Республики Коми в области фундаментальных научных исследований для молодых ученых (2005 г.), Фонда содействия отечественной науке в номинации «Кандидаты наук РАН» (2006 г.). \r\nНаграждена Почетными грамотами Комитета по делам молодежи РК (2003 г.), Коми научного центра УрО РАН (2005 г.), Министерства национальной политики Республики Коми (2009 г.), грамотой Уральского отделения РАН (2010 г.), др.','1971-04-17','0000-00-00','2024-04-23 12:38:06',21),(120,'Вишерская','Георгина','Григорьевна','библиотекарь','Работала в научной библиотеке с 1968 г. по 1978 г. Обслуживала научных сотрудников Коми филиала АН СССР по межбиблиотечному абонементу. В 70-е годы по МБА поступало в среднем около 1500 экз. литературы. По заявкам академических библиотек из фондов научной библиотеки отправлялось около 500 экз. литературы.','','','1930-08-17','0000-00-00','2024-04-23 12:43:24',26),(121,'Елисеев','Александр','Александрович','библиотекарь отдела фондов','Стаж работы в научной библиотеке – 23 года: с 1978 г. по 2001 г.\r\nОсуществлял расстановку литературы в книгохранилищах библиотеки.\r\nВ 70-е-90-е годы XX в. библиотечные фонды использовались очень интенсивно: из книгохранилищ ежегодно выдавалось около 150 тыс. экз. литературы.\r\nКроме основной работы выполнял много поручений, например, оказывал помощь библиографам в проведении выставок книг в институтах.','','','1949-12-11','0000-00-00','2024-04-23 12:51:59',26),(122,'Низовцева','Светлана','Григорьевна','кандидат филологических наук','С 1994 г. работала в секторе этнографии и фольклора ИЯЛИ после окончания филологического факультета Сыктывкарского государственного университета в должности стажера-исследователя. С 1994 по 2002 гг. училась в заочной аспирантуре Коми НЦ УрО РАН по специальности «фольклористика», в 1998 г. по семейным обстоятельствам ушла из ИЯЛИ. С 2010 г. и по настоящее время работает научным сотрудником сектора фольклора, с 2013 г. секретарь сектора. В 2022 г. в ИРЛИ РАН защитила кандидатскую диссертацию \"Загадки народа коми: поэтика жанра\". Научные интересы: малые жанры русского и коми фольклора, взаимодействие и взаимовлияние русской и коми фольклорных традиций, традиционная культура русских поселений Республики Коми, полевая и архивная фольклористика. Участник фольклорно-этнографических экспедиций, проходивших на территории Республики Коми, Кировской, Архангельской обл. Автор более 40 публикаций. ','Низовцева С. Г. Образ березы в фольклорной картине мира: к интерпретации одной коми загадки // Традиционная культура. 2022. Т. 23. № 3. С. 99-109. \r\nНизовцева С. Г. Семантика пространства в загадках коми: жилище // Ежегодник финно-угорских исследований. 2020. Т. 14, № 2. С. 246-258.\r\nНизовцева С. Г. Поэтика загадок коми: к вопросу о фольклорных формулах // Ежегодник финно-угорских исследований. 2017. Т. 11, № 2. С. 36-52.','\r\nПочетная грамота Уральского отделения Российской Академии наук (2023)','1972-06-02',NULL,'2024-04-23 12:55:12',21),(123,'Лудыкова','Валентина','Матвеевна','доктор филологических наук','В 1978 году окончила филологический факультет Сыктывкарского государственного университета. С 2012  по 2017 гг. работала в Институте языка, литературы и истории Коми НЦ УрО РАН  в должности главного научного сотрудника сектора языка. ','Лудыкова В.М. Сказуемое в коми языке: автореф. дис. … канд. филол. наук.  Тарту, 1989.  17 с.\r\nЛудыкова В.М. Синтаксис имени прилагательного в коми языке: автореф. дис. … д-ра филол. наук.  Ижевск, 2006.  50 с.\r\nЛудыкова В.М., Федюнева Г.В. Местоимение и прилагательное в грамматической системе коми и русского языков.  Сыктывкар, 2003.  170 с.\r\nЛудыкова В.М. Предикативное прилагательное в коми языке. Сыктывкар, 2005.  143 с.\r\nЛудыкова В.М. Имя прилагательное в синтаксисе агглютинативных языков: функционально-коммуникативный аспект: монография.  Сыктывкар, 2010.  292 с.\r\nЛудыкова В.М. Глагол в предложении коми языка: монография. Сыктывкар, 2012.  238 с.\r\nЛудыкова В.М. Литературный коми язык: история и современное состояние (социолингвистический аспект): монография.  Сыктывкар, \r\n2014. 166 с.','Заслуженный работник Высшей школы Российской Федерации  (2007г.), Почетная грамота Министерства образования  Российской Федерации (2003), Знак «За  безупречное служение Республике Коми», Почетная грамота Министерства образования и высшей школы Республики Коми (1992,2002), Почетная грамота Министерства по делам национальностей Республики Коми (1997, 2004г.); Благодарность Министерства образования, науки Республики Коми (2006, 2021, 2022), Лауреат Государственной премии Правительства Республики Коми в области образования (20) Лауреат Государственной премии Правительства Республики Коми в области науки (2011г.).\r\n','1956-04-19','0000-00-00','2024-04-23 13:18:11',19),(124,'Логинова ','Эльвира','Серафимовна ','младший научный сотрудник','В 1960 г. окончила историко-филологический факультет Коми государственного педагогического института. С 1966 г. работала в должности старшего лаборанта отдела этнографии и археологии Коми филиала Академии наук СССР, после 1967 г. — младшего научного сотрудника. С апреля 1999 г. вышла на пенсию.','Логинова Э.С. Поселения на Средней Вычегде в эпоху неолита : Докл. на заседании Президиума Коми фил. АН СССР 28 марта 1985 г. (К VI Междунар. конгр. финно-угроведов, 13) / Э. С. Логинова. - Сыктывкар: Коми фил. АН СССР, 1985. - 23 с.\r\nЛогинова Э.С. Опыт выделения ранненеолитического жилища на поселении Эньты I (Средняя Вычегда, Республика Коми) // Проблемы археологического изучения северо-востока Европы: материалы по археологии европейского северо-востока. Вып. 20 / отв. ред. И.О. Васкул. Сыктывкар: ИЯЛИ Коми НЦ УрО РАН. 2018.С. 26-38.\r\nЛогинова Э. С. Эньты VII // Поселения финального неолита и энеолита в бассейнах Северной Двины, Печоры и Мезени : материалы по археологии европейского Северо-Востока. - Сыктывкар, 2022. - Вып. 21. - С. 43-57.\r\n','','1936-08-30','2017-08-30','2024-04-23 13:26:24',23),(125,'Кочева','Тамара','Яковлевна','ведущий библиотекарь ','Стаж работы в научной библиотеке 44 года: с 1968 г. по 2012 г.\r\nВладела двумя иностранными языками: немецким и английским.\r\nВела каталоги иностранной литературы.','','Почётная грамота РАН (2000)','1945-02-25','0000-00-00','2024-04-23 13:52:52',26),(126,'Чачинова','Тамара','Алексеевна','ведущий библиотекарь','Стаж  работы в научной библиотеке 31 год: с 1985 г. по 2016 г.\r\nВладела двумя иностранными языками: английским и немецким.\r\nВела систематический каталог, каталоги иностранной литературы, электронный каталог иностранных журналов.\r\nПроделала большую работу по созданию электронной базы редких иностранных книг.','','Почётная грамота РАН (2007), Почётная грамота Коми НЦ УрО РАН (1996)','1946-07-26','0000-00-00','2024-04-23 13:54:50',26),(127,'Старцева','Людмила','Аркадьевна','главный библиотекарь отдела учёта, научной обработки и каталогизации литературы','Стаж работы в научной библиотеке – 50 лет: с 1972 г. по январь 2022 г.\r\nЛюдмиле Аркадьевне посчастливилось 12 лет поработать  в одном отделе вместе с ветеранами библиотеки А.И. Сельковой и Н.П. Мысовой, которые щедро передавали свой опыт. Каталоги, которые она продолжила вести, содержались и содержатся в образцовом порядке. ','','Почётная грамота РАН (2001), Почётная грамота УрО РАН (1999), Почётая грамота Коми НЦ УрО РАН (1985, 1987), Почётная грамота Министерства культуры РК (2010), знак отличия «За безупречную службу Республике Коми» (2019)','1950-12-07','0000-00-00','2024-04-23 13:56:55',26),(128,'Тырина','Елена','Аркадьевна','ведущий библиотекарь отдела учёта, научной обработки и каталогизации литературы','Стаж работы в научной библиотеке и в данном отделе – 39 лет: с 1985 г. по март 2024 г.\r\nСтояла у истоков  формирования электронного каталога библиотеки, который вела с 2000 г. \r\nСоздание записей в электронном каталоге – ответственная и напряжённая работа. Хорошее знание ГОСТов по библиотечной работе и правил библиографического описания документа позволяли Елене Аркадьевне самой создавать качественные записи и оказывать методическую помощь коллегам.','Почётная  грамота  РАН (2011), Почётная грамота Министерства культуры, туризма и архивного дела Республики Коми (2022), Почётная грамота Коми НЦ УрО РАН (1999), Благодарность Министерства культуры, туризма и архивного дела Республики Коми (2019)','','1961-01-13','0000-00-00','2024-04-23 13:59:00',26),(129,'Мурыгин','Александр ','Михайлович','кандидат исторических наук','\r\nВ 1971 г. закончил исторический факультет Пермского государственного университета. В 1973 г. поступил на работу в отдел археологии ИЯЛИ. Занимал должности старшего лаборанта, младшего научного сотрудника (с 1975 г.), научного сотрудника (с 1986 г.), старшего научного сотрудника (с 1992 г.). В настоящее время  - ведущий научный сотрудник сектора изучения культурной адаптации населения циркумполярной зоны европейского Северо-Востока по данным археологии.\r\nВ 1994 г. в Удмуртском государственном университете защитил диссертацию на соискание ученой степени кандидата исторических наук «Печорское Приуралье: эпоха средневековья».\r\n','Мурыгин А.М. Печорское Приуралье: эпоха средневековья. М.: Наука, 1992. 182 с.\r\nМурыгин А.М. Археологические памятники ванвиздинской культуры бассейна Мезени. Екатеринбург: УрО РАН, 2001. 212 с.\r\nМурыгин А.М. Поселение Югорская сопка. Древности Городецкого озера. Вып. I. / А.М. Му-рыгин. – Нарьян-Мар – Сыктывкар: ООО «Коми Республиканская типография», 2019. – 96 с.\r\nМурыгин А.М., Савельева Э.А. Памятники Северного Приуралья (бассейн Вычегды и Мезени) // Археология Волго-Уралья. В 7 т. Т. 5. Средние века (VIII – начало XIII вв.). Волжская Болгария. Финно-угорский мир.  Кочевники Восточной Европы / Институт археологии им. А.Х. Халикова АН РТ; под общ. ред. А.Г. Ситдикова; отв. ред. Т.Б.Никитина. – Казань: Изд-во АН РТ, 2022. С.214-236. ','Почетная грамота Российской академии наук (1999)\r\nМедаль Ордена «За заслуги перед Отечеством» II степени (2008)\r\nЛауреат государственной премии Республики Коми в области науки (1998)','1947-11-27',NULL,'2024-04-23 14:00:20',23),(130,'Рассыхаев','Алексей','Николаевич','кандидат филологических наук','Работает в ИЯЛИ с 1999 г. после окончания финно-угорского факультета Сыктывкарского государственного университета в должности стажера-исследователя, с 2002 г. – м.н.с. отдела фольклора, с 2006 г. – н.с. сектора фольклора. С 1999 по 2002 гг. учился в очной аспирантуре Коми НЦ УрО РАН по специальности «фольклористика». В 2010 г. защитил кандидатскую диссертацию «Детский игровой фольклор коми: жанровый и семантический аспект». В настоящее время - с.н.с. сектора фольклора. Сфера научных интересов: детский фольклор коми, народные игры, полевая фольклористика. Постоянный участник и руководитель фольклорно-этнографических экспедиций, проходивших на территории Республики Коми, Коми-Пермяцкого округа Пермского края, Ханты-Мансийского автономного округа Тюменской области, Архангельской области, Ямало-Ненецкого автономного округа. Автор более 100 работ.','Плосков И. А., Рассыхаев А. Н., Рочев Ю. Г. Коми фольклорная традиция и история изучения устной прозы. Сыктывкар: Изд-во КРИРОиПК, 2005. 107 с.\r\nРассыхаев А. Н. Детский игровой фольклор коми: жанровый аспект. Сыктывкар, 2014. 172 с.\r\nФольклор ижемских коми в Ненецком автономном округе: сборник фольклорных текстов / Сост. А. Н. Рассыхаев, В. М. Кудряшова. Сыктывкар–Нарьян-Мар, 2014. 504 с.\r\nДетский фольклор коми: игры / Автор-составитель А. Н. Рассыхаев. Сыктывкар, 2023. 524 с.','Награжден Почетными грамотами Министерства национальностей Республики Коми , Министерства образования Республики Коми и др.','1977-02-08',NULL,'2024-04-23 14:02:46',21),(132,'Панюков','Анатолий','Васильевич','кандидат филологических наук, доцент','Окончил филологический факультет Сыктывкарского гос. университета в 1991 г. После окончания аспирантуры в ИРЛИ (Пушкинский Дом) РАН в 1999 г. защитил кандидатскую диссертацию «Структурно-семантические особенности поздних мифологических текстов».  С 2001 г. работает в отделе фольклора ИЯЛИ, ведет работу по реставрации материалов фонотеки института и ответственный за работу фольклорного фонда ИЯЛИ. В настоящее время - в.н.с. сектора фольклора. Научные интересы: проблемы фольклорных инноваций, поэтика фольклора, коми заговорно-заклинательная поэзия, инструментальная и музыкально-поэтическая традиции коми. ','Памятники коми фольклора: Песенная и инструментальная традиции / Сост. А.В. Панюков, Г.С. Савельева. Сыктывкар, 2006 (CD-диск с приложением текстов).\r\nДинамика развития коми фольклорных традиций в контексте теории самоорганизации. Сыктывкар, 2009. 224 с.\r\nФольклор коми и ненцев Ненецкого автономного округа / Сост. А.В. Панюков. Сыктывкар, 2009 г. (с аудиоприложением).\r\nИзсайса комияслöн фольклор (Фольклор зауральских коми) / Сост. М.И. Ёлтышева, Н.С. Коровина, А.В. Панюков. Сыктывкар, 2016. (Отв. редактор, вступ. ст., составитель, комментарии, оформление, компакт-диск)','Награжден грамотой УрО РАН, почетной грамотой Министерства культуры Республики Коми.','1962-06-12',NULL,'2024-04-23 14:20:13',21),(133,'Гагарин','Юрий','Васильевич','доктор исторических наук','Окончил в 1955 г. исторический факультет Ленинградского государственного университета, аспирантуру Коми филиала АН СССР (1964 г.). В 1961 г. принят в отдел этнографии и археологии Коми филиала АН СССР на должность младшего научного сотрудника, с 1971 г. – старший научный сотрудник сектора этнографии ИЯЛИ, с 27 декабря 1979 г. – заведующий. отделом истории ИЯЛИ.\r\nВ  1966 г. защитил кандидатскую диссертацию «Религиозные пережитки в Коми АССР и их преодоление», в 1980 г. в Институте этнографии АН СССР в Москве – докторскую диссертацию «История религии и атеизма народа коми».\r\n','Гагарин Ю.В. Поговорим о суевериях. Сыктывкар, 1968. 88 с.\r\nГагарин Ю.В. Старообрядцы. Сыктывкар, 1973. 143 с.\r\nГагарин Ю.В. История религии и атеизма народа коми. М., 1978. 326 с.\r\n','','1932-09-15','1981-01-17','2024-04-23 14:23:32',22),(134,'Дукарт','Нина','Иякимовна','нет','Окончила историко-филологический факультет Коми государственного педагогического института в 1963 г. по специальности русский и коми язык и литература. С 1966 г. работала в Коми филиале АН СССР –  лаборантом, с 10 октября 1966 г. – младшим научным сотрудником отдела этнографии и археологии. В 1974-1978 гг. обучалась в заочной аспирантуре Коми филиала АН СССР.  Уволилась 1978 г. \r\n','Дукарт Н.И. Весенне-летние праздники и обряды в северной деревне конца XIX - начала XX вв. // Вопросы истории Коми АССР. Вып. 16. Сыктывкар, 1975. С. 141-52.\r\nДукарт Н.И. Святочная обрядность коми конца XIX – начала XX вв. // Традиционная культура и быт народа коми. (Труды ИЯЛИ КФАН СССР. Вып. 20).  Сыктывкар, 1978. С. 91-103\r\n','','1941-08-07',NULL,'2024-04-23 14:30:38',22),(135,'Савельева','Галина','Сергеевна','кандидат филологических наук','Окончила филологический факультет Сыктывкарского государственного университета в 1991 г. С 2000 г. является сотрудником ИЯЛИ, с 2006 г. по настоящее время – в должности с.н.с. сектора фольклора. В 2004 г. в Удмуртском институте истории, языка и литературы защитила диссертацию на соискание ученой степени кандидата филологических наук по теме «Коми песенно-игровой фольклор праздничных молодежных собраний». Научные интересы: локальные песенные традиции коми, традиционная молодежная культура, календарно-обрядовые формы фольклора коми, коми-русские фольклорные взаимосвязи. Осуществляет работу по научному описанию и систематизации материалов фольклорного фонда ИЯЛИ, подбору материалов по заявкам сторонних организаций и частных лиц, принимала участие в подготовке звуковых публикаций архивных материалов.','Памятники коми фольклора: Песенная и инструментальная традиции / Сост. А.В. Панюков, Г.С. Савельева. Сыктывкар, 2006 (CD-диск с приложением текстов).','','1969-11-06',NULL,'2024-04-23 14:31:38',21),(136,'Климова ','Галина',' Николаевна','кандидат исторических наук','В 1960 гг. окончила филологический факультет Пермского пединститута. В 1968–1971 гг. училась в очной аспирантуре Коми филиала АН СССР, осенью 1971 г. зачислена в ИЯЛИ на должность младшего научного сотрудника.  В 1973 г. защитила кандидатскую диссертацию «Текстильный орнамент коми» в Институте этнографии АН СССР. В 1984 г. уволилась из ИЯЛИ. \r\n','Климова Г.Н. Узорное вязание коми. Сыктывкар: Коми кн. изд-во, 1978. 55 с.\r\nКлимова Г.Н. Текстильный орнамент коми. Сыктывкар: Коми кн. изд-во, 1984. 143с.\r\n','','1937-01-21',NULL,'2024-04-23 14:39:32',22),(137,'Котов','Олег','Васильевич','кандидат исторических наук','   В 1976 г. закончил исторический факультет Свердловского университета. С 1978 г. работал в ИЯЛИ на должности младшего научного сотрудника сектора социологии, с 1981 г. научный сотрудник сектора этнографии \r\nВ 1988 г. защитил кандидатскую диссертацию \"Этнокультурные процессы у современных коми Кольского полуострова\".\r\n\r\n\r\n','Конаков Н.Д., Котов О.В. Этноареальные группы коми: Формирование и современное этнокультурное состояние. М.: Наука, 1991. 231 с.\r\nКотов О.В., Рогачев М.Б., Шабаев Ю.П. Современные коми. Екатеринбург; Сыктывкар, 1996. 178 с.','','1953-04-14','1994-05-13','2024-04-23 15:09:38',22),(138,'Зеленский ','Владимир','Степанович','младший научный сотрудник','В 1983 г. закончил исторический факультет Сыктывкарского государственного университета. В 1974 г. поступил на работу в ИЯЛИ лаборантом сектора археологии, затем работал в должности младшего научного сотрудника. В 1992 г. уволился из ИЯЛИ, продолжил работу в Национальном музее Республики Коми.','Зеленский В. С. Археологические памятники на Цильме // Археологические памятники Северного Приуралья. Сыктывкар, 1985. С. 140-147. (МАЕСВ; Вып. 9)\r\nЗеленский В. С. Работы Синдорского археологического отряда Сыктывкарского университета // Археологические открытия Урала и Поволжья: сборник статей. Ижевск, 1991. С.12-13.\r\nЗеленский В.С. Памятник эпохи бронзы Синегорье I на Цильме // Первобытные и средневековые древности европейского Северо-Востока. – Сыктывкар : Институт языка, литературы и истории Коми НЦ УрО РАН, 2015. – С. 39-52.','Юбилейная медаль «За доблестный труд» в ознаменование 100-летия со дня рождения В.И.Ленина.','1948-03-07','2022-10-05','2024-04-24 06:07:14',23),(139,'Павлов','Павел','Юрьевич','доктор исторических наук','В 1980 г. закончил исторический факультет Пермского университета. В 1981 г. поступил на работу в отдел археологии ИЯЛИ, занимал должности старший лаборант (1981), младший научный сотрудник (1985), научный сотрудник (1986) сектора археологии ИЯЛИ, старший научный сотрудник (2008), заведующий отделом археологии (2008-2011) ИЯЛИ, в настоящее время  является главный научный сотрудник и заведующий сектором изучения культурной адаптации населения циркумполярной зоны европейского Северо-Востока по данным археологии.','Павлов П.Ю. Палеолитические памятники Северо-Востока европейской части России. – Сыктывкар, 1996. 194 с.\r\nПавлов П.Ю. Палеолит // Археология Республики Коми. М.: ДиК, 1997. С. 44-90.\r\nSlimak L., Svendsen J-I., Mangerud J., Plisson H., Heggen H., Brugere, Pavlov P.Yu. Late Mousterian Persistence near the Arctic Circle. Science, vol.332, № 6031, 2011. pp.841-845.\r\nПавлов П. Ю. Культурные связи населения Уральского региона в эпоху палеолита // Вестник Пермского университета. История. – 2012. – № 1(18). – С. 6-23.\r\nПавлов П. Ю. Основные этапы и особенности заселения человеком северо-востока Восточноевропейской равнины и Урала в начале верхнего палеолита // Stratum Plus. Археология и культурная антропология. – 2022. – № 1. – С. 129-149. ','Лауреат Государственной премии Республики Коми в области науки (1998)\r\nПочетная грамота Республики Коми (2007)','1957-10-08',NULL,'2024-04-24 06:51:09',23),(140,'Терешонкова','Галина','Леонидовна','главный библиограф','Руководила работой отдела информационно-библиографического обслуживания читателей 44 года: с 1979 г. по август 2023 г. За это время выпущено 8 библиографических указателей изданий Коми НЦ УрО РАН, охватывающих период с 1981 г. по 2020 г., выполнены тысячи справок, проведено огромное количество выставок литературы.','','Почётная грамота Министерства образования и науки РФ (2022), Почётная грамота РАН (2007), Почётная грамота Министерства культуры, туризма и архивного дела РК (2017), Почётная грамота УрО РАН (1999) ','1957-10-05','0000-00-00','2024-04-24 07:16:04',26),(141,'Канова','Валентина','Серафимовна','ведущий библиограф','Стаж работы в научной библиотеке – 37 лет:  с 1977 г. по 2014 г.  \r\nВладела двумя иностранными языками: английским и немецким. \r\nОсуществляла информационное обслуживание научных сотрудников Института биологии Коми НЦ УрО РАН: проводила выставки новых поступлений литературы и тематические выставки, с 2008 г.  формировала проблемно-ориентированные электронные базы по тематике научных исследований Института биологии Коми НЦ УрО РАН. Отличалась ответственностью и добросовестным отношением  к работе.','','','1944-08-16',NULL,'2024-04-24 07:19:34',26),(142,'Лобанова','Людмила','Сергеевна','кандидат филологических наук','Работает в ИЯЛИ с 2005 г., обучалась в очной аспирантуре Коми НЦ УрО РАН по специальности «фольклористика» (2000-2005 гг.). В настоящее время - н.с. сектора фольклора. В 2023 г. в ИМЛИ РАН защитила диссертационное исследование «Сюжет о жертвоприношении животных в народной традиции коми: модели экспликации» на соискание ученой степени кандидата филологических наук. Область научных интересов: традиционная культура коми, обряды и обрядовый фольклор, полевая фольклористика, фольклорно-мифологические традиции. Автор более 40 научных работ. Принимает активное участие в фольклорно-этнографических экспедициях на территории Республики Коми. Сотрудничает с Гимназией искусств при Главе РК (чтение лекций и спецкурсов по программам дополнительного этнокультурного образования, организация фольклорно-этнографических экспедиций, научное руководство исследовательскими работами).','','Отмечена благодарностями и грамотами Министерства образования РК, др.','1978-01-02',NULL,'2024-04-24 07:22:20',21),(143,'Липина','Марина','Арнольдовна','ведущий библиограф','Стаж работы в научной библиотеке – 31 год, с 1989 г. по 2020 г .\r\nПри её непосредственном участии издано 4 библиографических указателя, охватывающих пятилетний период с 2001 г. по 2020 г.','','Почётная грамота РАН (2014)','1964-11-08','0000-00-00','2024-04-24 07:40:39',26),(144,'Бергман','Эмилия','Александровна','заведующий научной библиотекой с 2008 г. по настоящее время','Проделала большую работу по компьютеризации рабочих мест, активное внедрение инновационных технологий в работу отделов библиотеки, расширению электронных ресурсов: созданию проблемно-ориентированных баз данных по тематике научных исследований ФИЦ Коми НЦ УрО РАН. Научная библиотека стала участвовать в конкурсах на получение грантов.','','','1956-07-11',NULL,'2024-04-24 09:16:20',26),(145,'Романова','Галина','Ниловна','кандидат исторических наук','Окончила Ленинградский техникум книжной торговли (1968 г.), исторический факультет Ленинградского государственного университета им. А.А. Жданова  по специальности этнография (1972 г.), там же в 1973 – 1975 гг. училась аспирантуре. С 1976 г. – младший научный сотрудник сектора этнографии ИЯЛИ. В 1976 г. в ЛГУ защитила кандидатскую диссертацию “Традиционные домашние ремесла и кустарные промыслы коми”. В 1978 г. уволилась.\r\n','Традиционные домашние ремесла и кустарные промыслы коми: (конец XIX - начало XX вв.): Автореф. дис. ... канд. истор. наук. Ленинград, 1975. 20 с.','','1949-05-27',NULL,'2024-04-24 09:54:03',22),(146,'Рогачев','Михаил','Борисович','кандидат исторических наук','В 1975 г. закончил исторический факультет Ленинградского государственного университета им. А.А. Жданова. В 1976 г. поступил в аспирантуру Коми филиала АН СССР. После окончания аспирантуры принят на работу в сектор этнографии ИЯЛИ, в 1979 - 1992 гг. работал младшим научным сотрудником и научным сотрудником сектора этнографии.В 1992 г. перешел в Коми республиканский академический лицей при Сыктывкарском государственном университете, продолжал работу в ИЯЛИ по контракту (до 2001 г.).\r\n\r\n\r\n\r\n','Котов О.В., Рогачев М.Б. \"В бога не верю...\" : Молодежь: религия и атеизм. Сыктывкар: Коми кн. изд-во, 1984. 93 с. \r\nРогачев М.Б. Межнациональные браки как фактор этнических процессов у коми : (На прим. языковой жизни молодых коми-русских сельских семей). Сыктывкар,1985. 21 с. (Серия препринтов «Научные доклады» Коми филиал АН СССР; вып. 116).\r\nКотов О.В., Рогачев М.Б., Шабаев Ю.П. Современные коми. Екатеринбург; Сыктывкар, 1996. 178 с.','','1952-09-29','2021-01-03','2024-04-24 10:17:52',22),(147,'Волокитин','Александр','Васильевич','кандидат исторических наук','В апреле 1984 г. поступил на работу в отдел археологии ИЯЛИ. Занимал должности м.н.с. (с 1984 г.), н.с. (с 1986 г.). В 1990 г. уволился из ИЯЛИ и в 1990-1994 гг. работал в должности с.н.с. в отделе археологии Института истории и археологии УрО РАН (г. Екатеринбург). С 1994 г. вновь работает в отделе археологии ИЯЛИ Коми научного центра в должности с.н.с., затем в должности ведущего научного сотрудника отдела археологии ИЯЛИ (с 1994).','Волокитин А.В. Мезолит // Археология Республики Коми. М.: ДиК, 1997. С. 91-145.\r\nВолокитин А.В. Мезолитические стоянки Парч 1 и Парч 2 на Вычегде. Сыктывкар: Изд-во Коми НЦ УрО РАН, 2006.\r\nВолокитин А.В. Мезолит Северного Приуралья // Археология Волго-Уралья. В 7 т. Т. 1. Каменный век. / Институт археологии им. А.Х. Халикова АН РТ; под общ. ред. А.Г. Ситдикова; отв. ред. М.Ш. Галимова. Казань: Изд-во АН РТ, 2021. С. 215–238.\r\n','Почетная грамота Коми научного центра УрО РАН (2005)\r\nПочетная грамота РАН и профсоюза работников РАН (2009)\r\nБлагодарственное письмо Минкультуры Республики Коми (2010)\r\nПочетная грамота Республики Коми (2014)\r\nЗаслуженный работник Республики Коми (2024)','1954-04-24',NULL,'2024-04-24 10:23:07',23),(148,'Федяева','Анна','Ивановна','ведущий библиотекарь','50 лет, с 1971 г. по июнь 2021 г., отдала она библиотеке, завоевав своим трудом уважение и авторитет среди читателей и коллег.\r\nОсуществляя информационное обслуживание читателей по межбиблиотечному абонементу, она всегда стремилась удовлетворить запросы на нужную литературу.\r\nС 2010 г. в связи с внедрением в работу библиотеки новых информационных технологий принимала заявки в том числе дистанционно через сайт библиотеки. При выполнении заявок использовала технологии электронной доставки документов, благодаря чему заказы выполнялись в течение 1-3 дней. ','','Почётная грамота РАН (2001), Почётная грамота УрО РАН (1999), Почётная грамота Президиума Коми НЦ УрО РАН,  Почётная грамота Министерства культуры РК (2008), Ветеран Коми НЦ УрО РАН (2014), Благодарность Коми НЦ УрО РАН','1950-01-09','0000-00-00','2024-04-24 10:49:55',26),(149,'Первушина','Галина','Ильинична','библиотекарь отдела обслуживания читателей','Начала свою трудовую биографию в качестве библиотекаря абонемента в 1973 году, где трудилась 47 лет по январь 2020 г.\r\nВ трудовой книжке Галины Ильиничны – только одно место работы – Коми научный центр. Отличное знание библиотечного фонда помогало быстро и качественно выполнять запросы читателей. Доброжелательность, высокий профессионализм, готовность помочь – за эти качества её уважали и любили читатели и коллеги.','','Почётная грамота Профсоюза работников РАН (2007), Почётная грамота РАН (2007), Почётная грамота УрО РАН (1999), Почётная грамота Министерства культуры, туризма и архивного дела РК (2019), Благодарность Коми НЦ УРО РАН (2014), Благодарность Министерства культуры, туризма и архивного дела РК (2016)','1956-11-28','0000-00-00','2024-04-24 10:54:32',26),(150,'Несанелис ','Дмитрий ','Александрович ','кандидат исторических наук','В 1983 г. окончил исторический факультет Сыктывкарского государственного университета. С 1986 по 1989 гг. обучался в очной аспирантуре Коми НЦ УрО АН СССР. С 1989 по 1992 г. – младший научный со рудник сектора этнографии, с 1992 по 2000 гг.– старший научный сотрудник. В 1993 г. в Институте этнологии и антропологии РАН  защитил кандидатскую диссертацию «Традиционные формы досуга сельского населения Коми края во второй половине XIX - первой трети XX века». Уволился из ИЯЛИ в 2000 г. \r\nВ 2015 г. возобновил работу в ИЯЛИ, стал инициатором создания в ИЯЛИ лаборатории изучения истории промышленного освоения, экологии и культурной антропологии Тимано-Печоры и Западной Арктики.\r\n','Несанелис Д.А., Шарапов В.Э. Тема смерти в традиционных детских играх коми. Сыктывкар, 1995. 23 с. (Научные доклады. Вып. 356).\r\nНесанелис Д.А. Раскачаем мы ходкую качель : (Традиционные формы досуга сельского населения Коми края во второй половине XIX - первой трети XX в.) Сыктывкар, 1994. 167 с. \r\nНесанелис Д.А. Символические формы поведения в традиционной культуре народов Севера. Архангельск, 2006. 153 с.','','1960-01-05','2016-01-15','2024-04-24 10:56:56',22),(151,'Ложкина','Светлана','Геннадьевна','библиотекарь отдела обслуживания читателей','42 года: с 1981 г. по май 2023 г. посвятила Светлана Геннадьевна работе в научной библиотеке ФИЦ Коми НЦ УрО РАН. Она умело и с любовью выдавала книги и журналы читателям, вела книгообмен с академическими библиотеками России и с крупнейшими библиотеками Республики Коми, но главное в её библиотечной жизни – фонд редких изданий.\r\nХранитель уникальной памяти и материалов, Светлана Геннадьевна знала каждую книгу фонда и делала доступной информацию о них: с 2009 г. вела электронную базу данных «Редкие издания».','','Почётная грамота Министерства культуры, туризма и архивного дела Республики Коми (2022), Почётная  грамота  РАН (1999), Почётная грамота УрО РАН (1999), Почётная грамота Министерства культуры Республики Коми (2014), Благодарность Министерства культуры России (2018)','1957-11-14','0000-00-00','2024-04-24 11:05:38',26),(152,'Денисенко','Валентина','Николаевна','кандидат исторических наук','Окончила исторический факультет Сыктывкарского государственного университета (1979). С 1979 г. работает в ИЯЛИ: до 1987 г. -старшим лаборантом, с 1987 - младшим научным сотрудником, с 1989 г. -  научным сотрудником, с 1993 г. - старшим научным сотрудником.  \r\nВ 1981-1985 гг. обучалась в аспирантуре Института этнографии им.Н.Н.Миклухо-Маклая АН СССР. В 1986 г. защитила диссертацию на соискание ученой степени кандидата исторических наук “Новое и традиционное в духовной культуре коми (сельское население)”.\r\n','Рогачев М. Б., Шабаев Ю.П., Денисенко В.Н. Этнокультурные процессы у современного коми сельского населения: Докл. на заседании Президиума Коми фил. АН СССР 28 янв. 1982 г. Сыктывкар, 1982. 39 с. \r\nДенисенко В.Н. Новое и традиционное в духовной культуре коми (сельское население). Автореф. дис. ... канд. истор. наук. Москва, 1986. 19 с. ','старший научный сотрудник','1967-01-22',NULL,'2024-04-24 11:07:33',22),(153,'Шикирявая','Галина','Евгеньевна','главный библиотекарь отдела обслуживания читателей','Стаж работы в научной библиотеке – 38 лет: с 1986 г. по настоящее время. Возглавляет отдел обслуживания читателей. Знание библиотечного фонда, эрудированность помогают ей быстро и качественно выполнять запросы читателей.\r\nВносит большой вклад в творческую деятельность библиотеки и Коми научного центра. Все мероприятия, подготовленные Галиной Евгеньевной, отличаются высоким профессиональным уровнем. Сколько выдумки и творческого энтузиазма вкладывает она, разрабатывая очередной сценарий! За что бы она не бралась: мероприятие, оформление выставки – всё у неё получается на высоте! Она опытный, творческий работник, обладающий такими личностными качествами, как общительность, открытость, искренность, которые притягивают  и читателей, и коллег.','','Почётная грамота Министерства культуры России (2022), Почётная грамота РАН (2008), Почётная грамота УрО РАН (2008), Почётная грамота Коми НЦ УрО РАН (1999), Почётная грамота Министерства культуры РК (2014), Благодарность Министерства культуры России (2018)','1958-07-12','0000-00-00','2024-04-24 11:10:20',26),(154,'Поздеев','Вячеслав','Алексеевич','доктор филологических наук, доцент','Родился и живет в г. Кирове. С 2021 г. работает в ИЯЛИ Коми НЦ главным научным сотрудником. Член диссертационного совета Д 999.014.03 при ВГПИ (10.01.01 – Русская литература, 10.02.01 – Русский язык). Член редакционной коллегии научного альманаха «Традиционная культура» (Москва), журнала «Вестник гуманитарного образования» (Киров), др. Научные интересы: фольклористика, историография фольклора, «третья культура», взаимосвязи фольклора и литературы; история литературы ХVIII-ХХ вв., поэтика, литературное краеведение. Разработал теоретико-методологические аспекты «третьей культуры», и процессы создания, бытования и трансмиссии фольклорных и литературных тестов «третьей культуры» (так называемые «пограничные формы», «устную литературу» или «письменный фольклор»). Автор более 200 научных работ.','Поздеев В.А. «Третья культура»: проблемы формирования и эстетики. М., 2000. 134 с.\r\nПоздеев В.А. Фольклор и литература в контексте «третьей культуры». М., 2002. 375 с.\r\nЗолотова Т.А., Крашенинникова Ю.А., Поздеев В.А. Эволюция этнических маркеров вятских северных и южных этноконтактных зон. Киров, 2015. 162 с.\r\nЗолотова Т.А., Крашенинникова Ю.А., Поздеев В.А. Семантические и поэтические уровни значений реалий и номинаций в народном сознании (на вятском этно-фольклорном материале). Киров, 2017. 146 с.','Отличник народного Просвещения (1995), Почетный работник высшего профессионального образования Российской Федерации (2011).','1949-10-01',NULL,'2024-04-24 11:24:15',21),(155,'Дронова',' Татьяна ','Ивановна','доктор исторических наук','В 1989 г. закончила исторический факультет Сыктывкарского государственного университета. С 1989 по 1991 г. работала в отделе этнографии и фольклора ИЯЛИ в должности стажера-исследователя. В 1992 г. поступила в заочную аспирантуру и была переведена на должность младшего научного сотрудника, с  1993 г. - научный сотрудник, с 1999 г. – старший научный сотрудник, 2013 – ведущий научный сотрудник, 2019 – главный научный сотрудник сектора этнографии.\r\nВ 1998 г. защитила кандидатскую диссертацию «Семейная обрядность русских бассейна Нижней Печоры конца XIX - первой трети XX в», в 2018 г. – докторскую диссертацию «Религиозный канон и народные традиции как механизмы формирования, сохранения и эволюции этноконфессиональной группы (на примере староверов Усть-Цильмы)».\r\n\r\n\r\n\r\n','Дронова Т.И. Русские староверы-беспоповцы Усть-Цильмы: конфессиональные традиции в обрядах жизненного цикла (конец XIX-XX в.). Сыктывкар: Изд-во Коми науч. центра УрО РАН, 2002. 273 с. \r\nДети и детство в народной культуре Усть-Цильмы: исследования и материалы. Сост. Т. И. Дронова, Т. С. Канева.- Сыктывкар: Сыктывкарский госуниверситет, 2008. 199 с.\r\nДронова Т.И. Одежда староверов Усть-Цильмы: традиционные типы и функции в поверьях и обрядовой культуре (середина XIX - начало XXI вв.). Сыктывкар, 2011.  212 с.\r\nДронова Т.И. Семья и брак староверов Усть-Цильмы: конфессиональные традиции в повседневной и обрядовой жизни (середина XIX- начало XXI вв.) Сыктывкар: Изд-во Коми НЦ УрО РАН, 2013. 191 с\r\nДронова Т. И. Религиозный канон и народные традиции староверов Усть-Цильмы: формирование, сохранение, эволюция. Сыктывкар: Коми Республиканская типография, 2019. 279 с.\r\n','2007 Лауреат премии Правительства Республики Коми \r\n2019 г. удостоена медалью имени С.С. Алексеева. \r\n2021 г. присвоено почетное звание «Заслуженный работник Республики Коми»\r\n','1966-01-22','0000-00-00','2024-04-24 11:33:17',22),(156,'Шарапов','Валерий','Энгельсович','кандидат исторических наук',' В 1989 г. окончил исторический факультет Сыктывкарский государственный университет.  С 1989 г.работает в ИЯЛИ: до 1991 г. - стажер-исследователь, с1991 г. – младший научный сотрудник, с 1993 г. – научный сотрудник, с 2008 г. – старший научный сотрудник, с 2014 – ведущий научный сотрудник.\r\nВ 2006 г. защитил кандидатскую диссертацию \"Традиционное мировоззрение в обрядах и фольклоре современных коми \". ','Шарапов В.Э. Богородичные праздники у современных коми. Сыктывкар, 1995. 30 с (Научные доклады. Вып. 359). \r\nНесанелис Д.А., Шарапов В.Э. Тема смерти в традиционных детских играх коми. Сыктывкар, 1995. - 23 с. (Научные доклады. Вып. 356).\r\nСеменов В. А., Терюков А. И., Шарапов В. Э. История этнографического изучения традиционной культуры коми: учебное пособие. Сыктывкар: РИО СыктГУ, 2006. 127 с.\r\nЗырянская палитра: художественная роспись по дереву вычегодских коми – старообрядцев. Этнографический альбом. Авторы И.В. Земцова, В.Э. Шарапов. Сыктывкар, 2021. 240 с.\r\n','2000 лауреат Государственной премии Республики Коми','1964-08-18',NULL,'2024-04-24 11:48:55',22),(157,'Волокитина','Надежда','Александровна','кандидат культурологии','Окончила исторический факультет Сыктывкарского государственного университета (2007), защитила кандидатскую диссертацию по культурологии (2010), научный сотрудник отдела археологии ИЯЛИ (с 2017).','1.	Волокитина Н.А. Актуализация образов традиционной культуры коми (зырян) в современных культурных практиках // Человек. Культура. Образование. 2016. № 3 (21). С. 255-269. \r\n2.	Волокитина Н. А., Волокитин А. В. Новая мезолитическая индустрия в бассейне р. Ижма: стоянка Ухтинская // Известия Коми НЦ УрО РАН. Серия «История и филология». 2020. №5 (45). С. 53-57.\r\n3.	Волокитин А.В., Волокитина Н.А. Мезолитические стоянки Чердыб 1 и Чердыб 2 на р. Вычегда // Вестник гуманитарного образования. 2021. № 2 (22). С. 114-130.\r\n4.	Волокитин А. В., Волокитина Н. А. Вылыс Том 2 – многослойный археологический памятник в долине р. Ижма // Известия Иркутского государственного университета. Серия Геоархеология. Этнология. Антропология. 2022. Т. 42. С. 92–105.\r\n5.	Волокитин А. В. Волокитина Н.А. Стоянка Вылыс Том 3 на реке Ижма // Известия Коми научного центра УрО РАН. 2024. № 1(67). С. 5-11.\r\n','Премия Правительства Республики Коми в области научных исследований за серию научных статей по теме «Образы водоплавающих птиц в традиционной культуре коми (зырян)» (2009).','1984-08-06',NULL,'2024-04-24 12:16:36',23),(158,'Уляшев ','Олег',' Иванович','кандидат филологических наук',' В 1988 г. закончил коми отделение филологического факультета Сыктывкарского государственного университета. С 1988 по 1990 г. работал стажером-исследователем в отделе литературы и фольклора ИЯЛИ, с 1990 г. - младший научный сотрудник сектора этнографии и фольклора, с 1993 г. -  научный сотрудник отдела этнографии и фольклора. С 1998 г. старший научный сотрудник отдела этнографии и фольклора, с 2013 г. – ведущий научный сотрудник\r\nВ 1998 г., защитил диссертацию на соискание степени кандидата филологических наук “Иерархия цветовой символики в устной прозе и обрядовой поэзии коми-зырян”.','Уляшев О. И. Цвет в представлениях и фольклоре коми. Сыктывкар: Изд-во Коми науч. центра УрО РАН, 1999. 154 с.\r\nИльина И. В., Уляшев О. И. Мужчина и женщина в традиционной культуре коми. Сыктывкар, 2009. 221 с.\r\nУляшев О. И. Хроматизм в фольклоре и мифологических представлениях пермских и обскоугорских народов. Екатеринбург: УрО РАН, 2011. 420 с.\r\nSiikala A.-L., Ulyashev O. Hidden Rituals and Public Performances: Traditions and Belonging Among the Post-Soviet Khanty, Komi and Udmurts (Studia Fennica Folkloristica, No. 19). 2019, Finnish Literature Society. 368 p.\r\n','1999 Лауреат Государственной премии Республики Коми в области искусства\r\n2000 Лауреат Государственной премии Республики Коми','1964-06-21',NULL,'2024-04-24 12:26:17',22),(159,'Савельева','Элеонора','Анатольевна','доктор исторических наук','В 1959 г. закончила исторический факультет Уральского госуниверситета (Свердловск) и была направлена в отдел истории, этнографии и археологии Коми филиала АН СССР, работала в должности старшего лаборанта, с 1961 по 1972 г. – младшего научного сотрудника. В 1969 г. в Институте археологии АН СССР (Москва) защитила диссертацию на соискание ученой степени к.и.н. «Пермь вычегодская по археологическим материалам». С 1972 по 1985 г. работала в сыктывкарском государственном университете. С 1985 года продолжила работу в Институте языка, литературы и истории Коми научного центра Уральского отделения Российской академии наук. Работала в должности заведующего отделом археологии ИЯЛИ (1985-2008), зам. директора ИЯЛИ по научной работе (1985-2001), главного научного сотрудника ( с 2008). В 1995 г. в Институте археологии РАН (Москва) защитила диссертацию на соискание ученой степени д.и.н. «Европейский Северо-Восток в эпоху средневековья». ','Савельева Э.А. Пермь Вычегодская. К вопросу о происхождении народа коми. М.: Наука, 1971. 224 с.\r\nСавельева Э.А. Вымские могильники XI–XIV вв. Л.: Изд-во ЛГУ, 1987. 200 с.\r\nСавельева Э.А. Жигановский могильник. Сыктывкар: Изд-во Коми НЦ УрО РАН, 2010. 454 с.\r\nСавельева Э.А. Северное Предуралье // Археология Волго-Уралья. В 7 т. Т. 6. Средние века. Вторая треть XII–XV вв. / Институт археологии им. А.Х. Халикова АН РТ; под общ. ред. А.Г. Ситдикова; отв. ред. В.С.Баранов. – Казань: Изд-во АН РТ, 2022. С.490-506. \r\nСавельева Э.А. Памятники Северного Приуралья в XI–XIV вв. (бассейн Вычегды) // Археология Волго-Уралья. В 7 т. Т. 5. Средние века (VIII – начало XIII вв.). Волжская Болгария. Финно-угорский мир.  Кочевники Восточной Европы / Институт археологии им. А.Х. Халикова АН РТ; под общ. ред. А.Г. Ситдикова; отв. ред. Т.Б.Никитина. – Казань: Изд-во АН РТ, 2022. С.719-740.\r\n','Заслуженный деятель науки Российской Федерации (1998)\r\n Заслуженный деятель науки Коми АССР (1987)\r\nПочетная грамота Государственного Совета Республики Коми (2010)\r\n','1937-11-15',NULL,'2024-04-24 12:39:43',23),(160,'Конаков','Николай','Дмитриевич','кандидат исторических наук','Окончил исторический факультет Ленинградского государственного университета имени А.А. Жданова  (1975).  В 1975 – 1978 гг. обучался в очной аспирантуре Коми филиала АН СССР. В 1979 г. защитил кандидатскую диссертацию “Охотничий и рыболовный промысел и их место в традиционном хозяйстве народа коми”.  С 1978 г. работает в ИЯЛИ Коми НЦ УрО РАН: до 1980 г.  - младший научный сотрудник, 1980 г. - 1985 г. - научный сотрудник, 1985 г. - 1988 г. -  старший научный сотрудник, с 1988 г. по 2001 г. - заведующий отделом этнографии, с 2001 по 2006 гг. – старший научный сотрудник сектора этнографии. Уволился в 2006 в связи с выходом на пенсию.','Конаков Н.Д. Коми охотники и рыболовы во второй половине XIX - начале XX в.: Культура промысл. населения таежной зоны европейского Северо-Востока. М.: Наука, 1983. 248 с.\r\nКонаков Н.Д. Древнекоми промысловый календарь (Стиль календаря). Сыктывкар, 1987 (Сер. Препринт. «Науч. докл.»/Коми НЦ УрО АН СССР. Вып. 164).\r\nКонаков Н.Д. От святок до сочельника: Коми традиц. календар. обряды. Сыктывкар, 1993. 126 с.\r\nКонаков Н.Д. Традиционное мировоззрение народов коми: окружающий мир. Пространство и время  Сыктывкар, 1996. 130 с.\r\n','Государственная премия Республики Коми (2000)','1946-12-02','2010-08-10','2024-04-24 12:57:15',1),(161,'Козлова','Елена','Васильевна','без степени','Козлова (Ветошкина) Елена Васильевна, с 1978 по 1982 гг. - старший лаборант сектора литературы и фольклора ИЯЛИ, принимала участие в экспедициях в Сыктывдинском, Усть-Вымском, Княжпогостском районах Республики Коми, Пермской области; пополнила коллекцию музыкальных инструментов несколькими экспонатами. В архиве Коми НЦ УрО РАН хранятся собранные ею материалы: песни, частушки, предания, легенды, сказки, былички. В 1982 г. уволилась с переводом в Союз писателей.','','Заслуженный работник Республики Коми, заслуженный работник культуры Российской Федерации, лауреат Премии Правительства Республики Коми в области литературы им. И.А. Куратова, лауреат премии имени Д.Н. Мамина-Сибиряка, лауреат Республиканского конкурса «Лучшая книга года».\r\nЧлен Союза писателей России, Международной Ассоциации финно-угорских писателей, Ассоциации писателей Урала','1954-02-14','0000-00-00','2024-04-24 13:05:50',21);
/*!40000 ALTER TABLE `person` ENABLE KEYS */;
UNLOCK TABLES;

--
-- Table structure for table `person_event`
--

DROP TABLE IF EXISTS `person_event`;
/*!40101 SET @saved_cs_client     = @@character_set_client */;
/*!50503 SET character_set_client = utf8mb4 */;
CREATE TABLE `person_event` (
  `id` int(11) NOT NULL AUTO_INCREMENT,
  `idEvent` int(11) NOT NULL,
  `idPerson` int(11) NOT NULL,
  PRIMARY KEY (`id`),
  KEY `idEvent` (`idEvent`),
  KEY `idPerson` (`idPerson`),
  CONSTRAINT `person_event_ibfk_2` FOREIGN KEY (`idPerson`) REFERENCES `person` (`id`) ON DELETE CASCADE ON UPDATE CASCADE,
  CONSTRAINT `person_event_ibfk_1` FOREIGN KEY (`idEvent`) REFERENCES `event` (`id`) ON DELETE CASCADE ON UPDATE CASCADE
) ENGINE=InnoDB AUTO_INCREMENT=609 DEFAULT CHARSET=utf8mb4;
/*!40101 SET character_set_client = @saved_cs_client */;

--
-- Dumping data for table `person_event`
--

LOCK TABLES `person_event` WRITE;
/*!40000 ALTER TABLE `person_event` DISABLE KEYS */;
INSERT INTO `person_event` (`id`, `idEvent`, `idPerson`) VALUES (10,17,5),(11,17,12),(12,17,14),(13,29,5),(14,29,12),(15,29,24),(16,33,28),(17,34,29),(18,37,30),(27,50,24),(32,2,5),(33,2,12),(34,2,13),(35,2,14),(36,2,15),(37,2,16),(38,2,17),(39,2,19),(40,4,13),(41,4,24),(42,7,26),(53,57,39),(56,61,94),(57,62,94),(58,62,44),(59,62,42),(60,63,93),(61,64,94),(156,71,93),(158,73,93),(168,75,12),(169,75,5),(172,76,20),(173,76,12),(174,77,12),(175,78,30),(176,78,14),(177,79,32),(178,79,30),(179,79,14),(180,80,5),(181,81,32),(182,81,20),(210,86,30),(211,86,19),(212,86,14),(216,90,12),(238,92,69),(239,92,33),(240,92,19),(253,93,123),(254,93,71),(255,93,68),(256,93,67),(257,93,63),(273,97,68),(274,98,74),(275,98,33),(276,98,19),(278,99,68),(279,100,63),(280,101,74),(281,101,69),(282,101,33),(283,101,19),(284,84,130),(285,84,119),(286,84,113),(287,84,108),(288,84,106),(289,84,105),(290,84,104),(291,84,57),(292,102,74),(293,102,69),(294,102,33),(295,102,19),(296,103,81),(297,103,80),(298,103,68),(299,104,67),(308,110,135),(309,110,132),(310,110,130),(311,110,119),(312,110,113),(313,110,108),(314,110,106),(315,110,105),(316,110,104),(343,105,142),(344,105,135),(345,105,132),(346,105,130),(347,105,119),(348,105,113),(349,105,106),(350,105,105),(351,105,104),(352,105,68),(435,121,132),(436,121,113),(437,121,105),(438,122,132),(439,91,123),(440,91,84),(441,91,74),(442,91,71),(443,91,69),(444,91,68),(445,91,67),(446,91,63),(447,91,35),(448,91,34),(449,91,33),(450,91,25),(451,91,20),(452,91,17),(453,89,35),(454,83,84),(455,83,66),(456,83,64),(457,83,62),(458,83,61),(459,83,35),(460,83,34),(461,83,33),(462,83,20),(463,83,17),(464,88,33),(465,88,5),(466,85,12),(492,124,98),(493,124,95),(494,124,94),(495,124,50),(496,124,45),(497,124,44),(498,124,43),(499,124,42),(500,124,40),(501,124,24),(502,118,98),(503,118,95),(504,118,94),(505,118,86),(506,118,85),(507,118,50),(508,118,45),(509,118,44),(510,118,43),(511,118,42),(512,118,40),(514,117,98),(515,117,94),(516,117,85),(517,117,53),(518,117,46),(519,117,45),(520,117,44),(521,117,43),(522,117,42),(523,117,40),(524,117,24),(525,117,13),(556,123,154),(557,123,119),(558,115,132),(559,116,119),(560,111,113),(561,108,119),(562,107,130),(569,125,159),(570,125,147),(571,125,139),(572,125,129),(573,125,90),(574,113,90),(587,106,142),(588,106,135),(589,106,132),(590,106,130),(591,106,122),(592,106,119),(593,106,113),(594,126,109),(601,128,159),(602,128,157),(603,128,147),(604,128,139),(605,128,129),(606,128,90),(608,129,29);
/*!40000 ALTER TABLE `person_event` ENABLE KEYS */;
UNLOCK TABLES;

--
-- Table structure for table `sci_department`
--

DROP TABLE IF EXISTS `sci_department`;
/*!40101 SET @saved_cs_client     = @@character_set_client */;
/*!50503 SET character_set_client = utf8mb4 */;
CREATE TABLE `sci_department` (
  `id` int(11) NOT NULL AUTO_INCREMENT,
  `Name` varchar(100) NOT NULL,
  `owner` varchar(10) DEFAULT NULL COMMENT 'Поле ID владельца (допускается значение индексов через запятую) (т.к. та или иная структура существовала определённый период)',
  `Date_create` date NOT NULL COMMENT 'дата создания',
  `Date_dectroy` date DEFAULT NULL COMMENT 'дата ликвидации',
  `create_date` timestamp NULL DEFAULT CURRENT_TIMESTAMP COMMENT 'системная дата и время СОЗДАНИЯ ЗАПИСИ!',
  `create_user` int(11) DEFAULT NULL,
  PRIMARY KEY (`id`)
) ENGINE=InnoDB AUTO_INCREMENT=22 DEFAULT CHARSET=utf8mb4 COMMENT='Научная тематика';
/*!40101 SET character_set_client = @saved_cs_client */;

--
-- Dumping data for table `sci_department`
--

LOCK TABLES `sci_department` WRITE;
/*!40000 ALTER TABLE `sci_department` DISABLE KEYS */;
INSERT INTO `sci_department` (`id`, `Name`, `owner`, `Date_create`, `Date_dectroy`, `create_date`, `create_user`) VALUES (17,'ИЯЛИ Коми НЦ УрО РАН',NULL,'1970-04-01',NULL,'2024-03-29 08:34:44',2),(20,'Научная библиотека',NULL,'1944-07-01',NULL,'2024-04-16 08:33:00',10),(21,'Институт химии ',NULL,'1995-12-19',NULL,'2024-04-18 13:59:26',8);
/*!40000 ALTER TABLE `sci_department` ENABLE KEYS */;
UNLOCK TABLES;

--
-- Table structure for table `sci_department_event`
--

DROP TABLE IF EXISTS `sci_department_event`;
/*!40101 SET @saved_cs_client     = @@character_set_client */;
/*!50503 SET character_set_client = utf8mb4 */;
CREATE TABLE `sci_department_event` (
  `id` int(11) NOT NULL AUTO_INCREMENT,
  `idSciDepartment` int(11) NOT NULL,
  `idEvent` int(11) NOT NULL,
  PRIMARY KEY (`id`),
  KEY `idSciDepartment` (`idSciDepartment`),
  KEY `idEvent` (`idEvent`),
  CONSTRAINT `sci_department_event_ibfk_2` FOREIGN KEY (`idEvent`) REFERENCES `event` (`id`) ON DELETE CASCADE ON UPDATE CASCADE,
  CONSTRAINT `sci_department_event_ibfk_1` FOREIGN KEY (`idSciDepartment`) REFERENCES `sci_department` (`id`) ON DELETE CASCADE ON UPDATE CASCADE
) ENGINE=InnoDB AUTO_INCREMENT=236 DEFAULT CHARSET=utf8mb4;
/*!40101 SET character_set_client = @saved_cs_client */;

--
-- Dumping data for table `sci_department_event`
--

LOCK TABLES `sci_department_event` WRITE;
/*!40000 ALTER TABLE `sci_department_event` DISABLE KEYS */;
INSERT INTO `sci_department_event` (`id`, `idSciDepartment`, `idEvent`) VALUES (11,17,15),(12,17,16),(13,17,17),(14,17,18),(15,17,19),(16,17,20),(17,17,21),(18,17,22),(19,17,23),(20,17,24),(21,17,25),(22,17,26),(23,17,27),(24,17,28),(25,17,29),(26,17,30),(27,17,31),(28,17,32),(29,17,33),(30,17,34),(31,17,35),(32,17,36),(37,17,42),(38,17,43),(39,17,44),(40,17,46),(41,17,47),(42,17,48),(43,17,49),(44,17,50),(45,17,51),(46,17,52),(47,17,53),(48,17,54),(51,17,2),(52,17,4),(53,17,7),(61,21,57),(65,17,61),(66,17,62),(67,17,63),(68,17,64),(82,17,70),(83,17,71),(85,17,73),(89,17,75),(92,17,76),(93,17,77),(94,17,78),(95,17,79),(97,17,80),(98,17,81),(101,17,82),(106,17,86),(107,17,87),(110,17,90),(115,17,92),(125,17,94),(126,17,93),(129,17,96),(130,17,95),(131,17,58),(132,17,97),(133,17,98),(135,17,99),(136,17,100),(137,17,101),(138,17,84),(139,17,102),(140,17,103),(141,17,104),(149,17,110),(159,17,112),(165,17,114),(169,17,105),(180,17,119),(185,17,121),(186,17,122),(187,17,91),(188,17,89),(189,17,83),(190,17,88),(192,17,85),(198,17,124),(199,17,118),(201,17,117),(213,17,123),(214,17,115),(215,17,116),(216,17,111),(217,17,108),(218,17,107),(220,17,125),(221,17,113),(228,17,106),(229,20,127),(230,20,126),(231,20,56),(233,17,128),(235,17,129);
/*!40000 ALTER TABLE `sci_department_event` ENABLE KEYS */;
UNLOCK TABLES;

--
-- Table structure for table `sci_department_file`
--

DROP TABLE IF EXISTS `sci_department_file`;
/*!40101 SET @saved_cs_client     = @@character_set_client */;
/*!50503 SET character_set_client = utf8mb4 */;
CREATE TABLE `sci_department_file` (
  `id` int(11) NOT NULL AUTO_INCREMENT,
  `idSciDepartment` int(11) NOT NULL,
  `idFile` int(11) NOT NULL,
  PRIMARY KEY (`id`),
  KEY `idSciDepartment` (`idSciDepartment`),
  KEY `idFile` (`idFile`),
  CONSTRAINT `sci_department_file_ibfk_2` FOREIGN KEY (`idFile`) REFERENCES `file` (`id`) ON DELETE CASCADE ON UPDATE CASCADE,
  CONSTRAINT `sci_department_file_ibfk_1` FOREIGN KEY (`idSciDepartment`) REFERENCES `sci_department` (`id`) ON DELETE CASCADE ON UPDATE CASCADE
) ENGINE=InnoDB AUTO_INCREMENT=349 DEFAULT CHARSET=utf8mb4;
/*!40101 SET character_set_client = @saved_cs_client */;

--
-- Dumping data for table `sci_department_file`
--

LOCK TABLES `sci_department_file` WRITE;
/*!40000 ALTER TABLE `sci_department_file` DISABLE KEYS */;
INSERT INTO `sci_department_file` (`id`, `idSciDepartment`, `idFile`) VALUES (8,17,19),(9,17,20),(12,17,21),(13,17,23),(14,17,24),(15,17,25),(16,17,26),(17,17,27),(18,17,28),(19,17,29),(20,17,30),(21,17,10),(22,17,31),(23,17,32),(24,17,33),(27,21,37),(29,17,39),(31,17,41),(32,17,42),(33,17,43),(34,17,44),(35,17,45),(38,17,48),(42,17,50),(44,17,52),(47,17,55),(48,17,56),(50,17,58),(51,17,59),(52,17,60),(53,17,61),(56,17,62),(57,17,63),(58,17,64),(59,17,65),(60,17,66),(61,17,67),(62,17,68),(63,17,69),(64,17,70),(65,17,71),(66,17,72),(67,17,73),(68,17,74),(69,17,76),(70,17,77),(72,17,79),(74,17,80),(75,17,81),(76,17,82),(77,17,83),(78,17,84),(79,17,85),(80,17,86),(81,17,87),(82,17,88),(83,17,89),(84,17,90),(85,17,91),(87,17,92),(88,17,47),(89,17,93),(90,17,94),(91,17,95),(92,17,96),(94,17,98),(95,17,99),(96,17,100),(97,17,101),(98,17,102),(99,17,103),(100,17,104),(101,17,105),(103,17,107),(104,17,108),(105,17,109),(106,17,110),(107,17,111),(108,17,112),(109,17,113),(110,17,114),(111,17,115),(112,17,116),(113,17,117),(114,17,118),(115,17,119),(116,17,120),(117,17,121),(118,17,122),(119,17,123),(120,17,124),(121,17,125),(122,17,126),(123,17,127),(124,17,128),(125,17,129),(126,17,130),(127,17,131),(128,17,132),(130,17,133),(132,17,134),(133,17,135),(137,17,138),(143,17,143),(151,17,146),(163,17,148),(168,17,153),(171,17,156),(172,20,157),(181,17,159),(182,17,160),(183,17,78),(191,17,164),(198,17,170),(200,17,169),(201,17,171),(210,17,172),(212,20,144),(219,20,155),(221,17,75),(225,20,165),(226,20,166),(234,17,173),(235,17,174),(236,17,175),(237,17,176),(238,17,177),(239,17,178),(241,17,180),(242,17,181),(243,17,182),(244,17,183),(245,17,184),(246,17,185),(247,17,186),(248,17,187),(250,17,188),(252,17,190),(253,17,191),(255,17,193),(256,17,194),(257,17,195),(258,17,196),(259,17,197),(260,17,198),(265,17,203),(266,17,204),(267,17,205),(270,17,206),(271,17,207),(278,17,212),(280,17,214),(282,17,216),(283,17,217),(285,17,219),(287,17,221),(289,20,223),(290,17,224),(292,17,226),(293,17,227),(294,17,228),(295,17,229),(296,17,230),(297,17,231),(298,17,232),(299,17,233),(300,17,234),(301,17,235),(302,17,236),(303,17,237),(304,17,238),(305,17,239),(306,17,240),(307,17,241),(308,17,242),(309,17,243),(316,20,147),(317,20,142),(318,20,141),(319,20,140),(320,20,139),(321,20,137),(322,20,149),(323,20,150),(324,20,151),(325,20,152),(326,20,158),(327,20,161),(328,20,162),(329,20,163),(330,20,167),(331,17,244),(332,20,168),(333,20,189),(334,20,192),(335,20,199),(336,20,200),(337,20,201),(338,20,202),(339,20,208),(340,20,209),(341,20,210),(342,20,211),(343,20,213),(344,20,215),(345,20,218),(346,20,220),(347,20,222),(348,20,225);
/*!40000 ALTER TABLE `sci_department_file` ENABLE KEYS */;
UNLOCK TABLES;

--
-- Table structure for table `sci_department_person`
--

DROP TABLE IF EXISTS `sci_department_person`;
/*!40101 SET @saved_cs_client     = @@character_set_client */;
/*!50503 SET character_set_client = utf8mb4 */;
CREATE TABLE `sci_department_person` (
  `id` int(11) NOT NULL AUTO_INCREMENT,
  `idSciDepartment` int(11) NOT NULL,
  `idPerson` int(11) NOT NULL,
  PRIMARY KEY (`id`),
  KEY `idSciDepartment` (`idSciDepartment`),
  KEY `idPerson` (`idPerson`),
  CONSTRAINT `sci_department_person_ibfk_2` FOREIGN KEY (`idPerson`) REFERENCES `person` (`id`) ON DELETE CASCADE ON UPDATE CASCADE,
  CONSTRAINT `sci_department_person_ibfk_1` FOREIGN KEY (`idSciDepartment`) REFERENCES `sci_department` (`id`) ON DELETE CASCADE ON UPDATE CASCADE
) ENGINE=InnoDB AUTO_INCREMENT=220 DEFAULT CHARSET=utf8mb4;
/*!40101 SET character_set_client = @saved_cs_client */;

--
-- Dumping data for table `sci_department_person`
--

LOCK TABLES `sci_department_person` WRITE;
/*!40000 ALTER TABLE `sci_department_person` DISABLE KEYS */;
INSERT INTO `sci_department_person` (`id`, `idSciDepartment`, `idPerson`) VALUES (4,17,17),(6,17,19),(7,17,20),(8,17,24),(9,17,25),(10,17,26),(11,17,27),(12,17,28),(13,17,29),(14,17,30),(19,17,32),(21,17,33),(22,17,34),(23,17,35),(26,17,40),(28,17,42),(29,17,43),(30,17,44),(31,21,39),(32,17,45),(37,17,50),(38,17,49),(40,21,52),(41,17,53),(44,17,56),(45,17,57),(46,17,58),(47,17,59),(49,17,61),(50,17,62),(52,17,64),(53,17,65),(54,17,66),(57,17,69),(58,17,70),(59,17,71),(60,17,72),(68,17,77),(69,17,75),(70,17,73),(71,17,60),(72,17,79),(73,17,80),(74,17,81),(75,17,12),(76,17,82),(79,17,84),(80,17,83),(81,17,85),(82,17,86),(84,17,88),(85,17,89),(86,17,90),(87,17,92),(88,17,93),(89,17,94),(91,17,87),(95,17,46),(96,17,95),(97,17,68),(99,17,67),(100,17,96),(101,17,97),(102,17,98),(103,17,99),(104,17,100),(105,17,101),(107,17,103),(108,17,104),(109,17,105),(110,17,106),(111,17,107),(113,17,108),(118,17,113),(128,17,122),(129,17,119),(131,17,124),(132,17,123),(133,17,74),(138,17,129),(140,17,130),(146,20,115),(149,20,116),(152,17,132),(153,20,111),(155,17,133),(157,17,134),(158,17,135),(159,17,136),(160,17,137),(161,17,138),(162,17,139),(164,20,141),(165,17,142),(167,20,144),(168,17,145),(169,17,146),(170,17,147),(173,17,150),(175,17,152),(177,17,154),(179,17,155),(180,17,156),(181,20,140),(185,17,157),(188,20,127),(189,17,158),(192,20,143),(193,20,148),(194,20,149),(197,20,128),(198,17,159),(203,17,160),(205,17,161),(206,17,63),(208,20,151),(209,20,153),(210,20,126),(211,20,125),(212,20,121),(213,20,120),(214,20,118),(215,20,117),(216,20,114),(217,20,112),(218,20,110),(219,20,109);
/*!40000 ALTER TABLE `sci_department_person` ENABLE KEYS */;
UNLOCK TABLES;

--
-- Table structure for table `sci_theme`
--

DROP TABLE IF EXISTS `sci_theme`;
/*!40101 SET @saved_cs_client     = @@character_set_client */;
/*!50503 SET character_set_client = utf8mb4 */;
CREATE TABLE `sci_theme` (
  `id` int(11) NOT NULL AUTO_INCREMENT,
  `Name` varchar(100) NOT NULL,
  `create_date` timestamp NOT NULL DEFAULT CURRENT_TIMESTAMP,
  `create_user` int(11) NOT NULL,
  PRIMARY KEY (`id`)
) ENGINE=InnoDB AUTO_INCREMENT=12 DEFAULT CHARSET=utf8mb4 COMMENT='Научная тематика';
/*!40101 SET character_set_client = @saved_cs_client */;

--
-- Dumping data for table `sci_theme`
--

LOCK TABLES `sci_theme` WRITE;
/*!40000 ALTER TABLE `sci_theme` DISABLE KEYS */;
INSERT INTO `sci_theme` (`id`, `Name`, `create_date`, `create_user`) VALUES (1,'Химические науки','2024-03-25 13:58:11',2),(2,'Физические науки','2024-03-25 13:58:18',2),(3,'Геологические науки','2024-03-25 13:58:31',2),(4,'Биологические науки','2024-03-25 13:58:37',2),(7,'Исторические науки','2024-03-27 07:24:42',2),(8,'Филологические науки','2024-03-27 07:25:12',2),(11,'Библиотечное дело','2024-04-16 08:41:49',10);
/*!40000 ALTER TABLE `sci_theme` ENABLE KEYS */;
UNLOCK TABLES;

--
-- Table structure for table `sci_theme_event`
--

DROP TABLE IF EXISTS `sci_theme_event`;
/*!40101 SET @saved_cs_client     = @@character_set_client */;
/*!50503 SET character_set_client = utf8mb4 */;
CREATE TABLE `sci_theme_event` (
  `id` int(11) NOT NULL AUTO_INCREMENT,
  `idTheme` int(11) NOT NULL,
  `idEvent` int(11) NOT NULL,
  PRIMARY KEY (`id`),
  KEY `idTheme` (`idTheme`),
  KEY `idEvent` (`idEvent`),
  CONSTRAINT `sci_theme_event_ibfk_3` FOREIGN KEY (`idTheme`) REFERENCES `sci_theme` (`id`) ON DELETE CASCADE ON UPDATE CASCADE,
  CONSTRAINT `sci_theme_event_ibfk_2` FOREIGN KEY (`idEvent`) REFERENCES `event` (`id`) ON DELETE CASCADE ON UPDATE CASCADE
) ENGINE=InnoDB AUTO_INCREMENT=228 DEFAULT CHARSET=utf8mb4;
/*!40101 SET character_set_client = @saved_cs_client */;

--
-- Dumping data for table `sci_theme_event`
--

LOCK TABLES `sci_theme_event` WRITE;
/*!40000 ALTER TABLE `sci_theme_event` DISABLE KEYS */;
INSERT INTO `sci_theme_event` (`id`, `idTheme`, `idEvent`) VALUES (12,8,28),(13,8,33),(20,7,43),(21,7,46),(22,8,48),(23,8,50),(24,7,52),(25,8,53),(30,8,2),(31,8,4),(49,1,57),(52,8,61),(53,8,62),(54,8,63),(55,8,64),(69,7,70),(70,8,71),(72,8,73),(76,8,75),(79,8,76),(80,8,77),(81,8,78),(82,8,79),(84,8,80),(85,8,81),(88,8,82),(96,8,86),(97,8,87),(100,8,90),(105,8,92),(115,7,94),(116,8,93),(119,7,96),(120,7,95),(121,8,97),(122,8,98),(124,8,99),(125,8,100),(126,8,101),(127,8,84),(128,8,102),(129,8,103),(130,8,104),(139,8,110),(149,7,112),(155,7,114),(159,8,105),(170,7,119),(175,8,121),(176,8,122),(177,8,91),(178,8,89),(179,8,83),(180,8,88),(182,8,85),(188,8,124),(189,8,118),(191,8,117),(204,8,123),(205,8,115),(206,8,116),(207,8,111),(208,8,108),(209,8,107),(212,7,125),(213,7,113),(220,8,106),(221,11,127),(222,11,126),(223,11,56),(225,7,128),(227,7,129);
/*!40000 ALTER TABLE `sci_theme_event` ENABLE KEYS */;
UNLOCK TABLES;

--
-- Table structure for table `sci_theme_file`
--

DROP TABLE IF EXISTS `sci_theme_file`;
/*!40101 SET @saved_cs_client     = @@character_set_client */;
/*!50503 SET character_set_client = utf8mb4 */;
CREATE TABLE `sci_theme_file` (
  `id` int(11) NOT NULL AUTO_INCREMENT,
  `idFile` int(11) NOT NULL,
  `idSciTheme` int(11) NOT NULL,
  PRIMARY KEY (`id`),
  KEY `idFile` (`idFile`),
  KEY `idSciTheme` (`idSciTheme`),
  CONSTRAINT `sci_theme_file_ibfk_1` FOREIGN KEY (`idFile`) REFERENCES `file` (`id`) ON DELETE CASCADE ON UPDATE CASCADE,
  CONSTRAINT `sci_theme_file_ibfk_2` FOREIGN KEY (`idSciTheme`) REFERENCES `sci_theme` (`id`) ON DELETE CASCADE ON UPDATE CASCADE
) ENGINE=InnoDB AUTO_INCREMENT=368 DEFAULT CHARSET=utf8mb4;
/*!40101 SET character_set_client = @saved_cs_client */;

--
-- Dumping data for table `sci_theme_file`
--

LOCK TABLES `sci_theme_file` WRITE;
/*!40000 ALTER TABLE `sci_theme_file` DISABLE KEYS */;
INSERT INTO `sci_theme_file` (`id`, `idFile`, `idSciTheme`) VALUES (6,8,8),(10,12,8),(12,14,8),(28,9,8),(29,11,8),(30,13,8),(31,19,8),(32,20,8),(33,21,8),(34,25,8),(35,26,8),(36,27,8),(37,28,8),(38,30,8),(39,10,8),(40,31,8),(41,32,8),(42,33,8),(44,37,1),(46,39,8),(48,41,8),(49,42,8),(50,43,8),(51,44,8),(52,45,8),(55,48,8),(59,50,7),(61,52,8),(64,55,7),(65,56,7),(67,58,7),(68,59,8),(69,60,8),(70,61,8),(73,62,8),(74,63,8),(75,64,8),(76,65,8),(77,66,8),(78,67,8),(79,68,8),(80,69,8),(81,70,8),(82,71,8),(83,72,8),(84,73,8),(85,74,8),(87,76,8),(88,77,8),(90,79,8),(92,80,8),(93,81,8),(94,82,8),(95,83,8),(96,84,8),(97,85,8),(98,86,8),(99,87,8),(100,88,8),(101,89,8),(102,90,7),(103,91,8),(105,92,8),(106,47,8),(107,93,8),(108,94,8),(109,95,8),(110,96,8),(112,98,8),(113,99,8),(114,100,8),(115,101,8),(116,102,8),(117,103,8),(118,104,8),(119,105,8),(121,107,8),(122,108,8),(123,109,8),(124,110,7),(125,111,7),(126,112,7),(127,113,8),(128,114,8),(129,115,8),(130,116,8),(131,117,8),(132,118,8),(133,119,8),(134,120,8),(135,121,8),(136,122,8),(137,123,8),(138,124,8),(139,125,8),(140,126,8),(141,127,8),(142,128,8),(143,129,8),(144,130,8),(145,131,8),(146,132,8),(148,133,8),(150,134,8),(151,135,8),(155,138,8),(161,143,8),(169,146,8),(181,148,8),(186,153,8),(187,154,8),(190,156,8),(191,157,11),(200,159,7),(201,160,8),(202,78,7),(210,164,7),(217,170,8),(219,169,8),(220,171,8),(229,172,7),(231,144,11),(238,155,11),(240,75,7),(244,165,11),(245,166,11),(253,173,7),(254,174,8),(255,175,8),(256,176,8),(257,177,8),(258,178,8),(260,180,8),(261,181,8),(262,182,7),(263,183,8),(264,184,8),(265,185,7),(266,186,8),(267,187,8),(269,188,7),(271,190,8),(272,191,8),(274,193,8),(275,194,8),(276,195,8),(277,196,8),(278,197,8),(279,198,8),(284,203,8),(285,204,8),(286,205,7),(289,206,7),(290,207,8),(297,212,8),(299,214,8),(301,216,8),(302,217,7),(304,219,7),(306,221,7),(308,223,11),(309,224,8),(311,226,7),(312,227,8),(313,228,7),(314,229,8),(315,230,8),(316,231,7),(317,232,8),(318,233,7),(319,234,7),(320,235,7),(321,236,7),(322,237,7),(323,238,8),(324,239,8),(325,240,8),(326,241,8),(327,242,7),(328,243,7),(335,147,11),(336,142,11),(337,141,11),(338,140,11),(339,139,11),(340,137,11),(341,149,11),(342,150,11),(343,151,11),(344,152,11),(345,158,11),(346,161,11),(347,162,11),(348,163,11),(349,167,11),(350,244,7),(351,168,11),(352,189,11),(353,192,11),(354,199,11),(355,200,11),(356,201,11),(357,202,11),(358,208,11),(359,209,11),(360,210,11),(361,211,11),(362,213,11),(363,215,11),(364,218,11),(365,220,11),(366,222,11),(367,225,11);
/*!40000 ALTER TABLE `sci_theme_file` ENABLE KEYS */;
UNLOCK TABLES;

--
-- Table structure for table `sci_theme_pers`
--

DROP TABLE IF EXISTS `sci_theme_pers`;
/*!40101 SET @saved_cs_client     = @@character_set_client */;
/*!50503 SET character_set_client = utf8mb4 */;
CREATE TABLE `sci_theme_pers` (
  `id` int(11) NOT NULL AUTO_INCREMENT,
  `idTheme` int(11) NOT NULL,
  `idPers` int(11) NOT NULL,
  PRIMARY KEY (`id`),
  KEY `idPers` (`idPers`),
  KEY `idTheme` (`idTheme`),
  CONSTRAINT `sci_theme_pers_ibfk_3` FOREIGN KEY (`idTheme`) REFERENCES `sci_theme` (`id`) ON DELETE CASCADE ON UPDATE CASCADE,
  CONSTRAINT `sci_theme_pers_ibfk_2` FOREIGN KEY (`idPers`) REFERENCES `person` (`id`) ON DELETE CASCADE ON UPDATE CASCADE
) ENGINE=InnoDB AUTO_INCREMENT=233 DEFAULT CHARSET=utf8mb4;
/*!40101 SET character_set_client = @saved_cs_client */;

--
-- Dumping data for table `sci_theme_pers`
--

LOCK TABLES `sci_theme_pers` WRITE;
/*!40000 ALTER TABLE `sci_theme_pers` DISABLE KEYS */;
INSERT INTO `sci_theme_pers` (`id`, `idTheme`, `idPers`) VALUES (4,8,5),(12,8,13),(13,8,14),(14,8,15),(15,8,16),(16,8,17),(18,8,19),(19,8,20),(20,8,24),(26,8,32),(28,8,33),(29,8,34),(30,8,35),(35,8,40),(38,8,42),(39,8,43),(43,8,44),(44,1,39),(45,8,45),(50,8,50),(51,7,49),(53,1,52),(54,8,53),(57,7,56),(58,7,57),(59,7,58),(60,7,59),(62,8,61),(63,8,62),(65,8,64),(66,8,65),(67,8,66),(70,8,69),(71,8,70),(72,8,71),(73,8,72),(81,8,77),(82,8,75),(83,8,73),(84,8,60),(85,8,79),(86,8,80),(87,8,81),(88,8,12),(89,8,82),(92,8,84),(93,8,83),(94,8,85),(95,8,86),(97,8,88),(98,8,89),(99,7,90),(100,8,92),(101,8,93),(102,8,94),(104,8,87),(108,8,46),(109,8,95),(110,8,68),(112,8,67),(113,8,96),(114,8,97),(115,8,98),(116,8,99),(117,8,100),(118,7,101),(120,8,103),(121,8,104),(122,8,105),(123,8,106),(124,8,107),(126,8,108),(131,8,113),(141,8,122),(142,8,119),(144,7,124),(145,8,123),(146,8,74),(151,7,129),(153,8,130),(159,11,115),(162,11,116),(165,8,132),(166,11,111),(168,7,133),(170,7,134),(171,8,135),(172,7,136),(173,7,137),(174,7,138),(175,7,139),(177,11,141),(178,8,142),(180,11,144),(181,7,145),(182,7,146),(183,7,147),(186,7,150),(188,7,152),(190,8,154),(192,7,155),(193,7,156),(194,11,140),(198,7,157),(201,11,127),(202,7,158),(205,11,143),(206,11,148),(207,11,149),(210,11,128),(211,7,159),(216,7,160),(218,8,161),(219,8,63),(221,11,151),(222,11,153),(223,11,126),(224,11,125),(225,11,121),(226,11,120),(227,11,118),(228,11,117),(229,11,114),(230,11,112),(231,11,110),(232,11,109);
/*!40000 ALTER TABLE `sci_theme_pers` ENABLE KEYS */;
UNLOCK TABLES;

--
-- Table structure for table `tag`
--

DROP TABLE IF EXISTS `tag`;
/*!40101 SET @saved_cs_client     = @@character_set_client */;
/*!50503 SET character_set_client = utf8mb4 */;
CREATE TABLE `tag` (
  `id` int(11) NOT NULL AUTO_INCREMENT,
  `Name` varchar(50) DEFAULT NULL,
  `create_date` timestamp NULL DEFAULT CURRENT_TIMESTAMP,
  `create_user` int(11) DEFAULT NULL,
  PRIMARY KEY (`id`),
  UNIQUE KEY `tag_Name_uindex` (`Name`)
) ENGINE=InnoDB AUTO_INCREMENT=107 DEFAULT CHARSET=utf8mb4;
/*!40101 SET character_set_client = @saved_cs_client */;

--
-- Dumping data for table `tag`
--

LOCK TABLES `tag` WRITE;
/*!40000 ALTER TABLE `tag` DISABLE KEYS */;
INSERT INTO `tag` (`id`, `Name`, `create_date`, `create_user`) VALUES (1,'физика','2024-03-23 16:41:44',1),(2,'химия','2024-03-23 16:42:17',1),(3,'математика','2024-03-23 16:47:32',1),(7,'биология','2024-03-25 20:52:11',1),(9,'история','2024-03-27 07:25:24',2),(10,'финно-угорские языки','2024-03-27 07:25:45',2),(11,'литература','2024-03-29 08:19:53',2),(12,'фольклор','2024-03-29 08:19:58',2),(13,'археология','2024-03-29 08:20:04',2),(14,'этнография','2024-03-29 08:20:11',2),(17,'топонимия','2024-04-03 13:53:11',2),(18,'диалектология','2024-04-05 07:39:40',2),(19,'морфология','2024-04-05 07:39:53',2),(20,'фонетика','2024-04-05 07:40:03',2),(21,'библиотека','2024-04-16 09:20:42',10),(22,'каталоги','2024-04-16 10:45:52',10),(25,'грамматика','2024-04-16 13:25:41',19),(26,'лексикография','2024-04-16 13:25:57',19),(27,'синтаксис','2024-04-16 13:26:25',19),(28,'лексикология','2024-04-16 13:26:54',19),(29,'методика преподавани','2024-04-16 13:27:45',19),(30,'лингвогеография','2024-04-16 13:28:35',19),(31,'ареальная лингвистик','2024-04-16 13:28:42',19),(32,'стилистика','2024-04-16 13:28:54',19),(33,'словообразование','2024-04-16 13:29:12',19),(34,'ономастика','2024-04-16 13:29:40',19),(35,'социолингвистика','2024-04-16 13:30:26',19),(36,'русский фольклор','2024-04-17 07:55:03',2),(37,'литературоведение ','2024-04-17 11:48:40',16),(39,'палеолит','2024-04-18 11:41:15',2),(40,'критика','2024-04-18 11:55:12',16),(41,'поэзия','2024-04-18 11:56:18',16),(42,'проза','2024-04-18 11:56:24',16),(43,'драматургия ','2024-04-18 11:56:35',16),(44,'коми литература ','2024-04-18 11:56:50',16),(45,'история коми литературы ','2024-04-18 11:56:57',16),(46,'антропология города','2024-04-19 08:31:24',22),(47,'этнические процессы','2024-04-19 08:31:38',22),(48,'этнополитология','2024-04-19 08:31:47',22),(49,'этноэкология','2024-04-19 08:55:21',22),(50,'традиционное природопользование','2024-04-19 08:55:35',22),(51,'традиционное мировоззрение','2024-04-19 08:55:45',22),(52,'мифология уральских народов','2024-04-19 08:56:27',22),(53,'традиционная культра','2024-04-19 09:07:19',22),(54,'этнографические группы','2024-04-19 09:07:26',22),(55,'межэтническое взаимодействие','2024-04-19 09:07:58',22),(56,'декоративно-прикладное искусство','2024-04-19 09:25:02',22),(57,'пермский звериный стиль','2024-04-19 09:25:18',22),(58,'народная медицина','2024-04-19 09:54:23',22),(59,'семейная обрядность','2024-04-19 09:54:50',22),(60,'гендерные отношения','2024-04-19 09:56:37',22),(61,'средневековье','2024-04-22 07:15:39',23),(62,'фольклор коми','2024-04-22 07:46:39',21),(63,'сказковедение','2024-04-22 07:46:56',21),(64,'паремиология','2024-04-22 07:47:05',21),(65,'устная проза','2024-04-22 07:47:19',21),(66,'эпосоведение','2024-04-22 07:47:46',21),(67,'детский фольклор','2024-04-22 07:48:00',21),(68,'обрядовый фольклор','2024-04-22 07:48:14',21),(69,'полевая фольклористика','2024-04-22 07:51:37',21),(70,'архивная фольклористика ','2024-04-22 07:51:51',21),(71,'народные музыкальные инструменты','2024-04-22 08:08:35',21),(72,'музыкальный фольклор коми','2024-04-22 08:08:46',21),(73,'песенная культура','2024-04-22 08:08:58',21),(74,'историография','2024-04-22 08:09:07',21),(75,'фольклорная поэтика','2024-04-22 08:09:39',21),(76,'локальные традиции','2024-04-22 08:10:00',21),(77,'несказочная проза','2024-04-22 08:10:18',21),(78,'сказочная проза','2024-04-22 08:10:25',21),(79,'народные игры','2024-04-22 08:10:33',21),(80,'литературное краеведение','2024-04-22 08:10:50',21),(81,'фольклорное краеведение','2024-04-22 08:11:00',21),(82,'малые фольклорные формы','2024-04-22 08:11:25',21),(83,'городской фольклор','2024-04-22 08:11:50',21),(84,'фольклор ненцев','2024-04-22 08:12:11',21),(85,'мезолит','2024-04-23 06:02:45',23),(86,'неолит','2024-04-23 06:02:51',23),(87,'народная религиозность ','2024-04-23 12:05:52',21),(88,'энеолит','2024-04-23 13:28:00',23),(89,'историческая демография','2024-04-23 13:28:20',25),(90,'историческая география','2024-04-23 13:28:33',25),(91,'религия','2024-04-23 14:18:16',22),(92,'атеизм','2024-04-23 14:18:20',22),(93,'старообрядчество','2024-04-23 14:18:30',22),(94,'этническая история','2024-04-23 14:18:42',22),(95,'православие','2024-04-23 14:19:13',22),(96,'календарная обрядность','2024-04-23 14:29:51',22),(97,'орнамент','2024-04-23 14:34:30',22),(98,'локальные группы','2024-04-23 14:58:25',22),(99,'Цильма','2024-04-24 06:05:56',23),(100,'эпоха бронзы','2024-04-24 06:06:11',23),(101,'народные промыслы','2024-04-24 09:39:32',22),(102,'ремесло','2024-04-24 09:39:50',22),(103,'семиотика культуры','2024-04-24 10:31:23',22),(104,'молодежь','2024-04-24 10:32:02',22),(105,'этносоциология','2024-04-24 11:06:36',22),(106,'цвет в культуре','2024-04-24 12:21:50',22);
/*!40000 ALTER TABLE `tag` ENABLE KEYS */;
UNLOCK TABLES;

--
-- Table structure for table `tag_event`
--

DROP TABLE IF EXISTS `tag_event`;
/*!40101 SET @saved_cs_client     = @@character_set_client */;
/*!50503 SET character_set_client = utf8mb4 */;
CREATE TABLE `tag_event` (
  `id` int(11) NOT NULL AUTO_INCREMENT,
  `idTag` int(11) NOT NULL,
  `idEvent` int(11) NOT NULL,
  PRIMARY KEY (`id`),
  KEY `idTag` (`idTag`),
  KEY `idEvent` (`idEvent`),
  CONSTRAINT `tag_event_ibfk_2` FOREIGN KEY (`idTag`) REFERENCES `tag` (`id`) ON DELETE CASCADE ON UPDATE CASCADE,
  CONSTRAINT `tag_event_ibfk_1` FOREIGN KEY (`idEvent`) REFERENCES `event` (`id`) ON DELETE CASCADE ON UPDATE CASCADE
) ENGINE=InnoDB AUTO_INCREMENT=622 DEFAULT CHARSET=utf8mb4;
/*!40101 SET character_set_client = @saved_cs_client */;

--
-- Dumping data for table `tag_event`
--

LOCK TABLES `tag_event` WRITE;
/*!40000 ALTER TABLE `tag_event` DISABLE KEYS */;
INSERT INTO `tag_event` (`id`, `idTag`, `idEvent`) VALUES (11,9,16),(12,9,17),(13,10,17),(14,11,17),(15,9,18),(16,10,19),(17,9,20),(18,10,20),(19,9,21),(20,9,22),(21,9,23),(22,9,24),(23,10,24),(24,9,25),(25,9,26),(26,10,27),(27,9,28),(28,11,28),(29,10,28),(30,10,29),(31,10,30),(32,9,31),(33,9,32),(34,10,33),(35,13,34),(36,14,35),(37,10,36),(52,9,42),(53,13,43),(54,13,44),(55,14,44),(56,13,45),(57,9,45),(58,11,45),(59,10,45),(60,12,45),(61,14,45),(62,9,46),(63,13,47),(64,10,48),(65,11,49),(66,10,50),(67,11,51),(68,13,52),(69,18,53),(70,10,53),(71,12,53),(72,13,54),(73,9,54),(74,11,54),(75,10,54),(76,12,54),(77,14,54),(88,10,2),(89,10,4),(90,9,7),(123,2,57),(129,73,61),(130,62,61),(131,10,62),(132,11,62),(133,12,62),(134,62,63),(135,62,64),(136,66,64),(167,13,70),(168,62,71),(169,82,71),(170,64,71),(172,62,73),(173,82,73),(179,10,75),(180,18,75),(185,18,76),(186,18,77),(187,18,78),(188,18,79),(190,18,80),(191,18,81),(194,10,82),(209,28,86),(210,26,86),(211,10,87),(214,18,90),(231,13,94),(232,39,94),(233,25,93),(237,90,96),(238,89,96),(239,90,95),(240,89,95),(241,90,58),(242,89,58),(243,25,97),(244,26,98),(248,25,100),(249,26,101),(250,12,84),(251,14,84),(252,26,102),(253,25,104),(310,62,110),(311,37,110),(312,36,110),(374,89,112),(386,89,114),(400,10,105),(401,62,105),(402,37,105),(403,12,105),(404,36,105),(443,89,119),(453,62,121),(454,78,121),(455,62,122),(456,84,122),(457,26,91),(458,28,89),(459,28,83),(460,18,88),(464,18,85),(479,37,124),(480,45,124),(481,44,124),(482,37,118),(483,45,118),(484,44,118),(488,37,117),(489,45,117),(490,44,117),(559,12,123),(560,55,123),(561,76,123),(562,62,115),(563,75,115),(564,55,115),(565,75,116),(566,36,116),(567,68,116),(568,76,116),(569,62,111),(570,11,111),(571,52,111),(572,87,111),(573,77,111),(574,36,108),(575,68,108),(576,70,108),(577,62,107),(578,14,107),(579,67,107),(580,79,107),(590,13,125),(591,85,125),(592,61,125),(593,86,125),(594,39,125),(595,88,125),(596,13,113),(597,61,113),(598,85,113),(599,86,113),(600,39,113),(601,88,113),(602,100,113),(614,12,106),(615,21,127),(616,21,126),(617,21,56),(619,13,128),(621,13,129);
/*!40000 ALTER TABLE `tag_event` ENABLE KEYS */;
UNLOCK TABLES;

--
-- Table structure for table `tag_file`
--

DROP TABLE IF EXISTS `tag_file`;
/*!40101 SET @saved_cs_client     = @@character_set_client */;
/*!50503 SET character_set_client = utf8mb4 */;
CREATE TABLE `tag_file` (
  `id` int(11) NOT NULL AUTO_INCREMENT,
  `idTag` int(11) NOT NULL,
  `idFile` int(11) NOT NULL,
  PRIMARY KEY (`id`),
  KEY `idTag` (`idTag`),
  KEY `idFile` (`idFile`),
  CONSTRAINT `tag_file_ibfk_2` FOREIGN KEY (`idFile`) REFERENCES `file` (`id`) ON DELETE CASCADE ON UPDATE CASCADE,
  CONSTRAINT `tag_file_ibfk_1` FOREIGN KEY (`idTag`) REFERENCES `tag` (`id`) ON DELETE CASCADE ON UPDATE CASCADE
) ENGINE=InnoDB AUTO_INCREMENT=580 DEFAULT CHARSET=utf8mb4;
/*!40101 SET character_set_client = @saved_cs_client */;

--
-- Dumping data for table `tag_file`
--

LOCK TABLES `tag_file` WRITE;
/*!40000 ALTER TABLE `tag_file` DISABLE KEYS */;
INSERT INTO `tag_file` (`id`, `idTag`, `idFile`) VALUES (6,10,8),(10,10,12),(12,10,14),(28,10,9),(29,10,11),(30,10,13),(31,10,19),(32,10,20),(35,10,21),(36,10,23),(37,13,24),(38,10,25),(39,10,26),(40,10,27),(41,10,28),(42,10,29),(43,10,30),(44,10,10),(45,10,31),(46,11,31),(47,10,32),(48,10,33),(49,45,39),(50,37,39),(51,41,39),(52,40,39),(56,45,41),(57,37,41),(58,41,41),(59,45,42),(60,40,42),(61,45,43),(62,37,43),(63,41,43),(64,45,44),(65,37,44),(66,40,44),(67,37,45),(68,40,45),(69,43,45),(74,45,48),(75,37,48),(76,42,48),(80,14,50),(81,47,50),(82,48,50),(85,37,52),(86,43,52),(92,49,55),(93,50,55),(94,51,55),(95,52,55),(96,53,56),(97,54,56),(98,55,56),(100,14,58),(101,10,59),(102,37,60),(103,45,60),(104,42,60),(105,44,60),(106,10,61),(109,10,62),(110,10,63),(111,10,64),(112,10,65),(113,37,66),(114,45,66),(115,41,66),(116,44,66),(117,37,67),(118,45,67),(119,41,67),(120,44,67),(121,10,68),(122,10,69),(123,10,70),(124,10,71),(125,10,72),(126,10,73),(127,10,74),(129,10,76),(130,10,77),(132,10,79),(134,10,80),(135,10,81),(136,10,82),(137,10,83),(138,10,84),(139,10,85),(140,10,86),(141,10,87),(142,10,88),(143,37,89),(144,45,89),(145,42,89),(146,44,89),(147,37,91),(148,45,91),(149,42,91),(150,37,47),(151,42,47),(152,10,93),(153,10,94),(154,10,95),(155,10,96),(157,37,98),(158,45,98),(159,44,98),(160,41,98),(161,62,99),(162,62,100),(163,66,100),(164,37,101),(165,40,101),(166,37,102),(167,62,102),(168,77,102),(169,67,102),(170,72,102),(171,37,103),(172,44,103),(173,41,103),(174,42,103),(175,37,104),(176,45,104),(177,44,104),(178,37,105),(179,45,105),(182,37,107),(183,44,107),(184,37,108),(185,45,108),(186,10,109),(187,13,110),(188,13,111),(189,13,112),(190,86,112),(191,85,112),(192,10,113),(193,10,114),(194,10,115),(195,10,116),(196,10,117),(197,62,118),(198,82,118),(199,64,118),(200,10,119),(201,10,120),(202,10,121),(203,10,122),(204,10,123),(205,10,124),(206,10,125),(207,10,126),(208,10,127),(209,10,128),(210,10,129),(211,10,130),(212,10,131),(213,10,132),(216,72,133),(217,71,133),(220,62,134),(221,82,134),(222,62,135),(230,71,138),(236,62,143),(244,62,146),(245,63,146),(255,62,148),(256,72,153),(257,73,153),(258,62,154),(259,72,154),(260,66,154),(263,72,156),(264,21,157),(275,13,159),(276,85,159),(277,86,159),(278,62,160),(279,82,160),(280,13,78),(281,61,78),(289,13,164),(290,39,164),(299,62,170),(300,82,170),(301,64,170),(302,36,170),(308,76,169),(309,73,169),(310,68,169),(311,36,169),(312,75,169),(313,10,171),(324,13,172),(325,86,172),(326,88,172),(328,21,144),(335,21,155),(337,13,75),(338,61,75),(342,21,165),(343,21,166),(351,13,173),(352,61,173),(353,62,174),(354,67,174),(355,69,174),(356,65,174),(357,79,174),(358,81,174),(359,62,175),(360,72,175),(361,73,175),(362,51,175),(363,68,175),(364,65,175),(365,75,175),(366,62,176),(367,72,176),(368,73,176),(369,68,176),(370,62,177),(371,65,177),(372,12,177),(373,78,177),(374,63,177),(375,62,178),(376,69,178),(377,12,178),(378,67,178),(379,70,178),(380,79,178),(387,62,180),(388,65,180),(389,77,180),(390,12,180),(391,47,180),(392,74,180),(393,75,180),(394,51,180),(395,87,180),(396,12,181),(397,68,181),(398,69,181),(399,70,181),(400,36,181),(401,59,181),(402,13,182),(403,62,183),(404,12,183),(405,36,183),(406,62,184),(407,77,184),(408,13,185),(409,39,185),(410,45,186),(411,37,186),(412,44,186),(413,43,186),(414,62,187),(415,77,187),(416,52,187),(418,13,188),(420,62,190),(421,69,190),(422,65,190),(423,52,190),(424,87,190),(425,96,190),(426,62,191),(427,65,191),(428,51,191),(429,87,191),(431,62,193),(432,75,193),(433,76,193),(434,55,193),(435,75,194),(436,36,194),(437,76,194),(438,68,194),(439,59,194),(440,37,195),(441,44,195),(442,37,196),(443,44,196),(444,37,197),(445,44,197),(446,37,198),(447,44,198),(452,62,203),(453,78,203),(454,62,204),(455,84,204),(456,13,205),(457,85,205),(462,13,206),(463,85,206),(464,10,207),(465,37,207),(466,12,207),(473,62,212),(474,63,212),(476,10,214),(477,37,214),(478,12,214),(480,62,216),(481,67,216),(482,79,216),(483,91,217),(484,93,217),(485,92,217),(486,95,217),(488,14,219),(490,14,221),(491,56,221),(492,59,221),(493,57,221),(495,21,223),(496,37,224),(497,12,224),(498,75,224),(499,80,224),(501,59,226),(502,91,226),(503,93,226),(504,12,227),(505,13,228),(506,85,228),(507,61,228),(508,86,228),(509,39,228),(510,100,228),(511,88,228),(512,12,229),(513,55,229),(514,37,230),(515,45,230),(516,44,230),(517,52,231),(518,51,231),(519,56,231),(520,37,232),(521,45,232),(522,44,232),(523,47,233),(524,91,233),(525,92,233),(526,13,234),(527,52,235),(528,51,235),(529,60,235),(530,13,236),(531,13,237),(532,62,238),(533,73,238),(534,62,239),(535,44,239),(536,12,240),(537,11,240),(538,12,241),(539,13,242),(540,13,243),(547,21,147),(548,21,142),(549,21,141),(550,21,140),(551,21,139),(552,21,137),(553,21,149),(554,21,150),(555,21,151),(556,21,152),(557,21,158),(558,21,161),(559,21,162),(560,21,163),(561,21,167),(562,13,244),(563,21,168),(564,21,189),(565,21,192),(566,21,199),(567,21,200),(568,21,201),(569,21,202),(570,21,208),(571,21,209),(572,21,210),(573,21,211),(574,21,213),(575,21,215),(576,21,218),(577,21,220),(578,21,222),(579,21,225);
/*!40000 ALTER TABLE `tag_file` ENABLE KEYS */;
UNLOCK TABLES;

--
-- Table structure for table `tag_person`
--

DROP TABLE IF EXISTS `tag_person`;
/*!40101 SET @saved_cs_client     = @@character_set_client */;
/*!50503 SET character_set_client = utf8mb4 */;
CREATE TABLE `tag_person` (
  `id` int(11) NOT NULL AUTO_INCREMENT,
  `idTag` int(11) NOT NULL,
  `idPerson` int(11) NOT NULL,
  PRIMARY KEY (`id`),
  KEY `idTag` (`idTag`),
  KEY `idUser` (`idPerson`),
  KEY `idPerson` (`idPerson`),
  CONSTRAINT `tag_person_ibfk_2` FOREIGN KEY (`idTag`) REFERENCES `tag` (`id`) ON DELETE CASCADE ON UPDATE CASCADE,
  CONSTRAINT `tag_person_ibfk_1` FOREIGN KEY (`idPerson`) REFERENCES `person` (`id`) ON DELETE CASCADE ON UPDATE CASCADE
) ENGINE=InnoDB AUTO_INCREMENT=539 DEFAULT CHARSET=utf8mb4;
/*!40101 SET character_set_client = @saved_cs_client */;

--
-- Dumping data for table `tag_person`
--

LOCK TABLES `tag_person` WRITE;
/*!40000 ALTER TABLE `tag_person` DISABLE KEYS */;
INSERT INTO `tag_person` (`id`, `idTag`, `idPerson`) VALUES (5,10,5),(13,10,13),(14,10,14),(15,10,15),(16,10,16),(17,10,17),(19,10,19),(20,11,20),(21,10,20),(22,10,24),(23,17,25),(24,10,25),(25,10,26),(26,10,27),(27,10,28),(28,13,29),(29,10,30),(40,10,32),(42,10,33),(43,10,34),(44,10,35),(50,45,40),(51,40,40),(55,45,42),(56,37,42),(57,41,42),(58,45,43),(59,37,43),(60,41,43),(61,45,44),(62,37,44),(63,40,44),(64,45,45),(65,37,45),(66,41,45),(67,40,45),(75,45,50),(76,37,50),(77,42,50),(78,46,49),(79,47,49),(80,48,49),(83,37,53),(84,43,53),(89,55,56),(90,53,56),(91,54,56),(92,52,57),(93,51,57),(94,50,57),(95,49,57),(96,56,58),(97,57,58),(98,14,58),(99,60,59),(100,52,59),(101,58,59),(102,59,59),(103,53,59),(106,10,61),(107,19,61),(108,33,61),(109,10,62),(110,33,62),(116,10,64),(117,17,64),(118,10,65),(119,27,65),(120,10,66),(121,28,66),(122,26,66),(130,10,69),(131,35,69),(132,28,69),(133,26,69),(134,10,70),(135,17,70),(136,34,70),(137,10,71),(138,19,71),(139,25,71),(140,10,72),(141,20,72),(142,25,72),(143,28,72),(144,27,72),(170,10,77),(171,18,77),(172,19,77),(173,31,77),(174,10,75),(175,18,75),(176,28,75),(177,10,73),(178,18,73),(179,30,73),(180,28,73),(181,31,73),(182,10,60),(183,27,60),(184,10,79),(185,25,79),(186,27,79),(187,10,80),(188,25,80),(189,28,80),(190,27,80),(191,10,81),(192,20,81),(193,28,81),(194,10,12),(195,28,12),(196,18,12),(197,10,82),(198,32,82),(203,10,84),(204,29,84),(205,28,84),(206,10,83),(207,37,85),(208,45,85),(209,42,85),(210,37,86),(211,45,86),(212,42,86),(213,44,86),(218,37,88),(219,45,88),(220,41,88),(221,44,88),(222,37,89),(223,45,89),(224,43,89),(225,44,89),(226,13,90),(227,61,90),(232,37,92),(233,45,92),(234,42,92),(235,44,92),(236,37,93),(237,82,93),(238,68,93),(239,34,93),(240,63,93),(241,78,93),(242,62,93),(243,40,94),(244,37,94),(245,76,94),(246,73,94),(247,62,94),(248,66,94),(253,37,87),(254,45,87),(255,44,87),(256,41,87),(266,37,46),(267,40,46),(268,43,46),(269,37,95),(270,42,95),(271,10,68),(272,28,68),(273,19,68),(279,10,67),(280,19,67),(281,25,67),(282,20,67),(283,37,96),(284,45,96),(285,44,96),(286,41,96),(287,37,97),(288,40,97),(289,37,98),(290,62,98),(291,76,98),(292,77,98),(293,67,98),(294,37,99),(295,44,99),(296,41,99),(297,42,99),(298,37,100),(299,45,100),(300,44,100),(301,13,101),(306,72,103),(307,73,103),(308,71,103),(309,62,104),(310,55,104),(311,78,104),(312,82,104),(313,74,104),(314,69,104),(315,65,104),(316,62,105),(317,63,105),(318,78,105),(319,62,106),(320,78,106),(321,77,106),(322,55,106),(323,74,106),(324,70,106),(325,72,107),(326,73,107),(328,72,108),(333,44,113),(334,52,113),(335,87,113),(336,77,113),(353,70,122),(354,82,122),(355,55,122),(356,64,122),(357,69,122),(358,36,122),(359,62,122),(360,70,119),(361,76,119),(362,68,119),(363,69,119),(364,36,119),(365,59,119),(366,53,119),(367,75,119),(371,13,124),(372,86,124),(373,10,123),(374,25,123),(375,27,123),(376,10,74),(377,19,74),(378,26,74),(383,13,129),(384,61,129),(386,67,130),(387,76,130),(388,79,130),(389,69,130),(390,65,130),(391,62,130),(392,81,130),(398,21,115),(401,21,116),(403,72,132),(404,77,132),(405,68,132),(406,73,132),(407,51,132),(408,62,132),(409,75,132),(410,21,111),(412,92,133),(413,95,133),(414,91,133),(415,93,133),(417,96,134),(418,72,135),(419,68,135),(420,73,135),(421,62,135),(422,56,136),(423,97,136),(424,98,137),(425,94,137),(426,47,137),(427,13,138),(428,99,138),(429,100,138),(430,13,139),(431,39,139),(433,21,141),(434,62,142),(435,69,142),(436,65,142),(437,51,142),(438,76,142),(439,52,142),(440,87,142),(442,21,144),(443,56,145),(444,101,145),(445,102,145),(446,92,146),(447,55,146),(448,91,146),(449,47,146),(450,13,147),(451,86,147),(452,39,147),(453,85,147),(456,60,150),(457,104,150),(458,103,150),(459,51,150),(461,47,152),(462,105,152),(464,37,154),(465,12,154),(466,75,154),(467,80,154),(473,91,155),(474,59,155),(475,93,155),(476,53,155),(477,54,155),(478,56,156),(479,52,156),(480,103,156),(481,51,156),(482,21,140),(486,13,157),(487,85,157),(488,53,157),(491,21,127),(492,60,158),(493,52,158),(494,51,158),(495,106,158),(498,21,143),(499,21,148),(500,21,149),(503,21,128),(504,13,159),(505,61,159),(510,52,160),(511,51,160),(512,50,160),(513,49,160),(519,62,161),(520,44,161),(521,10,63),(522,28,63),(523,25,63),(524,19,63),(525,33,63),(527,21,151),(528,21,153),(529,21,126),(530,21,125),(531,21,121),(532,21,120),(533,21,118),(534,21,117),(535,21,114),(536,21,112),(537,21,110),(538,21,109);
/*!40000 ALTER TABLE `tag_person` ENABLE KEYS */;
UNLOCK TABLES;

--
-- Table structure for table `user`
--

DROP TABLE IF EXISTS `user`;
/*!40101 SET @saved_cs_client     = @@character_set_client */;
/*!50503 SET character_set_client = utf8mb4 */;
CREATE TABLE `user` (
  `id` int(11) NOT NULL AUTO_INCREMENT,
  `role` int(11) DEFAULT NULL,
  `FIO` varchar(200) DEFAULT NULL,
  `dep` varchar(200) DEFAULT NULL,
  `login` varchar(20) DEFAULT NULL,
  `pass` varchar(200) DEFAULT NULL,
  `online` timestamp NOT NULL DEFAULT CURRENT_TIMESTAMP ON UPDATE CURRENT_TIMESTAMP,
  PRIMARY KEY (`id`)
) ENGINE=InnoDB AUTO_INCREMENT=28 DEFAULT CHARSET=utf8mb4;
/*!40101 SET character_set_client = @saved_cs_client */;

--
-- Dumping data for table `user`
--

LOCK TABLES `user` WRITE;
/*!40000 ALTER TABLE `user` DISABLE KEYS */;
INSERT INTO `user` (`id`, `role`, `FIO`, `dep`, `login`, `pass`, `online`) VALUES (1,1,'Хохлов Роман Николаевич','Институт Биологии ФИЦ Коми НЦ УрО РАН ','hohlov','fdc7024e6ac8917bc1eb2a5878009c8047f805e28aef2acfb73b1a68165171482910cd186a9a47d1487eaeb03e98939c954e1c77aece4e02c459726199ac2f67','2024-04-24 14:36:05'),(2,1,'Мусанов Алексей','ИЯЛИ','musanov','1b753e317766273dfef78e53d68e40462273b5d4679745add554c9b581d6e2dc19eee9713d69ad812061c72a45ac1a530b226246ba05c50506c5b742f296b9e1','2024-04-24 14:35:48'),(3,1,'Кирпичёв Алексей Николаевич','Институт Биологии ФИЦ Коми НЦ УрО РАН ','kirpichev','77734b923e3274df222894c6e03817d9873f59afc069b7471f8a259752457969b37880fa4bfa726f2861ea16bf1a32b040c2f1bf0c715f0069ae2bed08539a3e','2024-04-16 06:07:11'),(4,2,'Шубина Т.П.','Институт Биологии ФИЦ Коми НЦ УрО РАН ','Shubina','a8af0e9b7a6941a59b907921de1c397dee5ca253791e843839450dd4fb7c6762bcec4a2ace138b9c612f335f5a91d57794b4382e158d2fd8273219912acbd84f','2024-04-24 13:21:50'),(5,2,'Коковкина С.В. ','Институт агробиотехнологий','Kokovkina','90d115ba1e476c8159690b75cdf3c5ed7e31057099bb00b651b9d67bc21a36b6409e86bfc988918ceb02c944da31e9d4670e46bcb5657ee12d32447d2ce18143','2024-04-16 06:00:48'),(6,2,'Лебедева С.С.','Институт агробиотехнологий','Lebedeva','3d019393988272cfaba2e9960feaccc2ccf7b5731264caf5b15f625879b270e4831851bed0ae8c33d0468189cd62e9856b61c7691385c7ecd884e6c0d9a4297c','2024-04-23 12:40:09'),(7,2,'Гречишникова О.А.','ФИЦ Коми НЦ УрО РАН','Grechishnikova','988ecae60e414a17c27e70f0aa2b33ec013c5500709423bc3d6226e09743e3febea6b200e61949bd3f8e68cea24cd0540f89f51af4e14d74ed5f036f597e70df','2024-04-16 06:01:44'),(8,2,'Клочкова И.В','Институт химии','Klochkova','a501c2bb25274af9e0cb6b35544eb9c95e814eb282cdd5608e9beeb8020ecea0ca4e89daeb1cd5b800eb36dca2afac273994fbb734cb06d32da09970f3dadb3f','2024-04-19 11:47:45'),(9,2,'Андреева Н.В.','Институт химии','Andreeva','9391772c5d8916ab55ba737dc6fbd1c71b5d6032cf84e32f9cb674e6e858ff5fdae8f6e5c3efff73d4f33cef49e5e1660c8effe39185a511b95363c9ec3220fd','2024-04-24 10:37:58'),(10,2,'Бергман Э.А.','Библиотека научная','Bergman','cd7c22e1cd8a97abc247c048851fee6d63671a12f61f310f88e7f49b7c857455787305ca39039a60fde8ee49f1fee63a484d0a7f76e045b10ccd88096a4263d7','2024-04-24 06:27:09'),(11,2,'Козырева И.В.','Институт геологии','Kozyreva','3e78965af2023d071cbd118890b1e6217a2ade22fea1cadf0c9b831349bfba3a13db6d97e7ee36877a59257bb2abe783e42f25376132f2904e627d31fc771b88','2024-04-16 06:02:54'),(12,2,'Пшунетлева Е.А.','Институт физиологии','Pshunetleva','87fc2a7364fe57badb14871fe5953b59ede429f5c060d867b5e6971de83281b233e938f5c3e09e07a67911ca377a22befc54286b1487cacaf38fd1162aa0a03d','2024-04-16 06:03:12'),(13,2,'Бровина А.А.','ОГМИ ФИЦ Коми НЦ УрО РАН','Brovina','050a37f84defda1b8bd1a6efd29053f30ee084b1b3939356dbfceed673c172c286ccda556d6ec927bc6a6d13fffd96a0fb6eb359ae4e57e6182d7651fbee65bd','2024-04-18 06:26:10'),(14,2,'Бурцева В.Г.','ИСЭИЭПС ФИЦ Коми НЦ УрО РАН','Burtseva','f346aa7d39651fd8605ce6ec1da0e41084f3989754f8e7c913433638f409a364754a047bd8f01549a259e14c46e243c90d5112b15ec3af8de423f468daeb48dc','2024-04-17 14:51:01'),(15,2,'Тимушева И.М.','ИЯЛИ','Timusheva','566307c533185bd0f77f55450de76133d58b46554d0edd3f17c80827afe2c96752a94edbdf170c9ab37a3c6b2c9ac713145cba2912c69290769de9c3842a3a05','2024-04-16 06:03:52'),(16,2,'Сурнина Л.Е.','ИЯЛИ','Surnina','de9888560388bf8134e8d5458235f130846496933b823a8a554b663196655939b789cdac9c6e800f3a514f3122b40c5751fa3546e671d52bf88dd785c7d41050','2024-04-24 12:05:02'),(17,2,'Мацук А.М.','ИЯЛИ','Matsuk','a750e37df9f5713343a2ac791e757fde94de225039dc154a414e378c26de25abea3dd355aeff8963ef8fe25d6f1d34db7ebde5bfe7550ea6ce6459e59bf212e0','2024-04-16 06:04:25'),(18,2,'Попов С.А.','ИЯЛИ','Popov','7791a9648945019bced214334fa0f0e5952055735f277916fa0420760d5157fdeb3535c250ca864ab6f15563fbb6d40c089ca12d87b60d4d923b80bebc157ed9','2024-04-24 09:15:47'),(19,2,'Сажина С.А.','ИЯЛИ','Sazhina','6a658b7af840a0f6fa5b63ac9ffd38c00f63024126b46f7dc5875d22b35772ab59730c4ad8aa7f9cb9e9bb8f9c99b9a0feb218dbe79e1456589455e2bddb7605','2024-04-24 13:50:14'),(20,2,'Рассыхаев А.Н.','ИЯЛИ','Rassykhaev','a5250192a7bf07ea1ed50d95ee1b4a9d945053ae6ab850e0f25b06eb67f552254758597fafa8afc339d21f5b98feacac00b64635ba12aa05d21f79218f0709c8','2024-04-24 13:59:27'),(21,2,'Низовцева С.Г.','ИЯЛИ','Nizovtseva','e2cbd0b0266363f76c865c31e7a2d866cdd5fb97eae69719be453a0fa35e991ea59bfeca9c6af64ffefdf116b9991c5923e184cb68a5e1ac245e57cfcd2dfc89','2024-04-24 13:27:58'),(22,2,'Власова В.В.','ИЯЛИ','Vlasova','28496f247a0904cef02f136c9ca0c6dea3fc05bf9bd3288c00a9398cd5511fd15076aa3e3facdd433bff1a05f7cdab245a20bd58b666f22358ccc312e7326a69','2024-04-24 12:27:49'),(23,2,'Волокитина Н.А.','ИЯЛИ','Volokitina','b99d5a7c87be9d37388e1485f2f9098c8d45b436306c0cbb36b8582cdda69908d69d1c85792e77eb51f137d44ac598804f751d95233337f19262dfdcef11f1b2','2024-04-24 14:05:01'),(24,2,'Некрасова О.И.','ИЯЛИ','Nekrasova','b0f5e973f77178def011768e9b6819cade9907deb4549679417cae8cf4227ee64c65ecd66d9c3ae65e1a3e42667b5e4b671df5315556f23a9523a570b73f88a6','2024-04-18 12:30:52'),(25,2,'Игнатова Н.М.','ИЯЛИ','Ignatova','a51e85e9f9f0049cd25d66278673507976d2acdc8bc475fac88acc945147a02cea8ecf989f0d3c051ea93a135340889ef6da087e0d101f646523db4df50f937d','2024-04-24 08:47:12'),(26,2,'Горбаченко И.В.','Библиотека научная','Gorbachenko','4bc3e30ca5c5fd28d5e25e2c76251d4247d8520d3a1d6fde555305eb358388f9ce1df9c39caa4cd4af38270b2e06ff50313b267f732037e7ea5202b22536dd71','2024-04-24 14:14:38'),(27,2,'Крашенинникова Ю.А.','ИЯЛИ','Krasheninnikova','f597b6e33e66b9fa5357acde983dcdac85226731830efa3d03813905c3fde38f61482fb2e33650da3217a478e73653ca57f9cef243f4feeac48785e3115dc74f','2024-04-22 13:24:22');
/*!40000 ALTER TABLE `user` ENABLE KEYS */;
UNLOCK TABLES;
/*!40103 SET TIME_ZONE=@OLD_TIME_ZONE */;

/*!40101 SET SQL_MODE=@OLD_SQL_MODE */;
/*!40014 SET FOREIGN_KEY_CHECKS=@OLD_FOREIGN_KEY_CHECKS */;
/*!40014 SET UNIQUE_CHECKS=@OLD_UNIQUE_CHECKS */;
/*!40101 SET CHARACTER_SET_CLIENT=@OLD_CHARACTER_SET_CLIENT */;
/*!40101 SET CHARACTER_SET_RESULTS=@OLD_CHARACTER_SET_RESULTS */;
/*!40101 SET COLLATION_CONNECTION=@OLD_COLLATION_CONNECTION */;
/*!40111 SET SQL_NOTES=@OLD_SQL_NOTES */;

-- Dump completed on 2024-04-24 17:36:08
