-- MySQL dump 10.13  Distrib 8.0.36, for Linux (x86_64)
--
-- Host: 172.19.1.7    Database: virtul_mus
-- ------------------------------------------------------
-- Server version	5.5.68-MariaDB

/*!40101 SET @OLD_CHARACTER_SET_CLIENT=@@CHARACTER_SET_CLIENT */;
/*!40101 SET @OLD_CHARACTER_SET_RESULTS=@@CHARACTER_SET_RESULTS */;
/*!40101 SET @OLD_COLLATION_CONNECTION=@@COLLATION_CONNECTION */;
/*!50503 SET NAMES utf8mb4 */;
/*!40103 SET @OLD_TIME_ZONE=@@TIME_ZONE */;
/*!40103 SET TIME_ZONE='+00:00' */;
/*!40014 SET @OLD_UNIQUE_CHECKS=@@UNIQUE_CHECKS, UNIQUE_CHECKS=0 */;
/*!40014 SET @OLD_FOREIGN_KEY_CHECKS=@@FOREIGN_KEY_CHECKS, FOREIGN_KEY_CHECKS=0 */;
/*!40101 SET @OLD_SQL_MODE=@@SQL_MODE, SQL_MODE='NO_AUTO_VALUE_ON_ZERO' */;
/*!40111 SET @OLD_SQL_NOTES=@@SQL_NOTES, SQL_NOTES=0 */;

--
-- Table structure for table `event`
--

DROP TABLE IF EXISTS `event`;
/*!40101 SET @saved_cs_client     = @@character_set_client */;
/*!50503 SET character_set_client = utf8mb4 */;
CREATE TABLE `event` (
  `id` int(11) NOT NULL AUTO_INCREMENT,
  `Name` varchar(210) DEFAULT NULL,
  `DateN` varchar(30) DEFAULT NULL,
  `DateK` varchar(30) DEFAULT NULL,
  `Desc_short` varchar(300) DEFAULT NULL COMMENT 'DERICATED\nКраткое описание',
  `Desc` text COMMENT 'полное описание',
  `Doc` text COMMENT 'Ссылка на архивный документ',
  `importance` int(11) DEFAULT NULL COMMENT 'Важность (1-9)',
  `latitude` text COMMENT 'Координаты Ю.Ш.',
  `longitude` text COMMENT 'Координаты В.Д.',
  `create_user` int(11) NOT NULL,
  `create_date` timestamp NULL DEFAULT CURRENT_TIMESTAMP,
  PRIMARY KEY (`id`)
) ENGINE=InnoDB AUTO_INCREMENT=58 DEFAULT CHARSET=utf8mb4;
/*!40101 SET character_set_client = @saved_cs_client */;

--
-- Dumping data for table `event`
--

LOCK TABLES `event` WRITE;
/*!40000 ALTER TABLE `event` DISABLE KEYS */;
INSERT INTO `event` (`id`, `Name`, `DateN`, `DateK`, `Desc_short`, `Desc`, `Doc`, `importance`, `latitude`, `longitude`, `create_user`, `create_date`) VALUES (2,'Создание отдела языка Института языка, литературы и истории. ','1970','','На момент формирования Института языка, литературы и истории отдел языка состоял из 8 человек: кандидаты филологических наук с.н.с. В.А. Сорвачева (1945–1977), Т.И. Жилина (1946 –1982), Е.С. Гуляев (1954–1977), м.н.с. Н.Н. Сельков (1945–1976) и ст. лаборанты Н.И. Лоскутова (1958–1991), Э.К. Павлова ','На момент создания отдел языка состоял из 8 человек: кандидаты филологических наук с.н.с. В.А. Сорвачева (1945–1977), Т.И. Жилина (1946 –1982), Е.С. Гуляев (1954–1977), м.н.с. Н.Н. Сельков (1945–1976) и ст. лаборанты Н.И. Лоскутова (1958–1991), Э.К. Павлова (1961–1989), И.Н. Костромина (1967–1986), Р.И. Коснырева (род. в 1967). В связи с созданием института и нового отдела на должность заведующего был приглашен кандидат филологических наук Г.Г. Бараксанов, тогда научный сотрудник Института языкознания АН СССР. ','',2,'','',2,'2024-03-29 10:24:44'),(4,'Вышел в свет первый коми этимологический словарь, составленный В. И. Лыткиным и Е. С. Гуляевым.','1970','','«Краткий этимологический словарь коми языка» - это словарь, который даёт систематизированные сведения о происхождении коми слов, реконструируются древние формы слов и их значения. Авторы: В.И. Лыткин, Е.С. Гуляев. Работа внесла существенный вклад в развитие исторической лексикологии финно-угорских я','Словарь содержит около 2900 словарных статей и охватывает все буквы коми алфавита. Аналогичные словари создавались за рубежом, но к моменту издания Коми словаря эти проекты не были завершены.  Авторы Краткого этимологического словаря из числа 2900 этимологий приблизительно 2/3 систематизировали, интерпретировали по-своему, около одной трети всех этимологий являются совершенно новыми. Словарь дает систематизированные сведения о происхождении коми слов, определяет самобытный или заимствованный характер того или иного слова. Посредством сравнительно-исторического анализа реконструируется древний общекоми, или общепермский и допермский облик слова и его значение, прослеживаются языковые связи коми народа с соседними народами.\r\nВ 1971 г. В.И.Лыткин и Е.С.Гуляев получили диплом лауреатов Государственной премии Коми АССР им. А.И.Куратова за «Краткий этимологический словарь коми языка».\r\n','',2,'','',2,'2024-04-01 10:01:48'),(7,'Создан Коми научно-исследовательский институт','1934.04.17','','Образован Коми научно-исследовательский институт краеведения','В составе института было создано 2 отдела: отдел истории, культуры и быта и отдел языка, литературы и искусства. Его сотрудники изучали коми язык, литературу, историю, экономику, природные ресурсы региона. Основной задачей КНИИК являлась «координация и обобщение научно-исследовательской работы, проводимой разными областными и внеобластными учреждениями и организациями, организация исследований по истории, культуре и экономике Коми области в соответствии с задачами народнохозяйственного развития, а также составление первого тома Коми советской энциклопедии». Президиум АН СССР оказал помощь в комплектовании библиотеки института. Директором стал Д.И.Шулепов, ученым секретарем – А.И.Бабушкин (в августе 1934 г. «в связи с загруженностью его по основной работе» А.И.Бабушкин был освобожден от обязанностей ученого секретаря Коми НИИК, но продолжал участвовать в деятельности института). Институт вначале состоял из отделов национальной культуры, промышленности, сельского хозяйства. КНИИК подчинялся Управлению университетов и научно-исследовательских учреждений Наркомпроса РСФСР, а финансировался из местного бюджета. При создании КНИИК принимался во внимание разработанный А.С.Сидоровым проект, и сам он (как и ряд его коллег по ОИКК) сотрудничал в этом институте до своего отъезда в Ленинград. ','',1,'','',2,'2024-04-02 06:39:43'),(15,'Издано постановление Совнаркома Коми АССР №706 о передаче из системы Коми Наркомпроса НИИ языка, письменности и истории коми народа Базе АН СССР в Коми АССР','1944.09.19','',NULL,'','',2,'','',2,'2024-04-03 11:59:18'),(16,'Президент АН СССР В.Л.Комаров распорядился образовать комиссию для принятия Научно-исследовательского института языка, письменности и истории коми народа в состав Базы','1944.08.21','',NULL,'На основании распоряжения заместитель директора Базы И.И.Оплеснин 5 сентября 1944 г. издал приказ о создании комиссии и принятии до 15 сентября КНИИ в состав Базы «по состоянию на 1-е сентября с.г.» В тот же день И.И.Оплеснин издал приказ о зачислении в штат Базы сотрудников КНИИ: «В связи с приемкой Института языка, письменности в систему Базы АН и преобразование его в отдел Базы АН СССР в Коми АССР, зачислить в штаты Базы АН… следующих сотрудников: Подорову Агнию Ивановну – заведующую отделом; Сидорова Алексея Семеновича – старшего научного сотрудника; Мальцеву Нину Андреевну – и.о. старшего научного сотрудника; Сахарову Марфу Александровну − и.о. старшего научного сотрудника; Воробьеву Татьяну Павловну – уборщицу; Тимушева Дмитрия Андреевича – младшего научного сотрудника». В течение сентября процесс приемки НИИ в состав Базы был завершен.','',2,'','',2,'2024-04-03 12:18:41'),(17,'Становление Научно-исследовательского института отделом Базы ','1944.10.01','',NULL,'Наступил новый этап в развитии коми гуманитарной науки. Первое десятилетие работы было, в сущности, временем становления научных исследований по коми истории и филологии в академической Базе (в 1949 г. преобразованной в Коми филиал АН СССР). Главной трудностью был недостаток квалифицированных научных кадров. В октябре 1944 г. в отделе работало всего пять научных сотрудников: лингвисты Н.А.Мальцева (Колегова), А.И.Подорова, М.А.Сахарова, А.С.Сидоров, Д.А.Тимушев. Эта небольшая группа и стала основой для формирования будущего коллектива Института языка, литературы и истории. С 1944 г. отделом (сектором) заведовала А.И.Подорова, в 1947 г. ее сменил А.М.Мишарин. Научным лидером коллектива являлся А.С.Сидоров. В 1945 г. консультантом сектора стал Д.В.Бубрих; позднее методологическую помощь языковедам оказывал В.И.Лыткин [14, с. 29−30]. Именно лингвистика являлась основным научным направлением в деятельности сектора языка, письменности и истории Коми базы АН СССР. А.С.Сидоров, Н.А.Колегова, М.А.Сахарова, Д.А.Тимушев, А.И.Подорова занимались разработкой грамматики коми языка, изучением его диалектов, составлением коми-русского словаря, разработкой терминологии. В конце 1945 г. в секторе появился еще один языковед – В.А.Сорвачева, а в 1946 г. – трое: Т.И.Жилина, Н.Н.Сельков, Г.А.Нечаев (работавший еще в начале 30-х гг. с В.И.Лыткиным в Комиссии по изучению диалектов; правда, из сектора он ушел уже в 1948 г.). В.А.Сорвачева и Т.И.Фролова (Жилина), а также А.Н.Федорова и историк В.И.Цывунина в марте 1946 г. стали первыми аспирантами Базы АН СССР в Коми АССР. Так сложился коллектив коми лингвистов, плодотворно работавший не одно десятилетие.','',2,'','',2,'2024-04-03 12:22:21'),(18,'Издано постановление Совнаркома Коми АССР «О составлении капитального труда очерков по истории народа коми».','1945.08.01','',NULL,'Институт истории Академии наук СССР поддержал инициативу сотрудников отдела языка, письменности и истории Базы Академии наук СССР в Коми АССР провести совместную работу по составлению капитального труда по истории коми народа в объеме 25-30 печатных листов. Руководство этой работой возложено на члена-корреспондента Академии наук СССР Сергея Владимировича Бахрушина.','',2,'','',2,'2024-04-03 12:25:22'),(19,'Сектору языка, письменности и истории коми народа были поставлены задачи: разработка общественно-политической терминологии на коми языке, консультационная помощь местным организациям и газете «Вöрлэдзись» «с то','1945.03','',NULL,'В связи с быстрым развитием социалистической экономики и культуры Коми АССР и возросшей политической активностью широких масс населения коми язык обогатился общественно-политической терминологией. Исследование предусматривало составление русско-коми словаря общественно-политических терминов в качестве пособия-справочника для переводчиков, составителей учебной литературы, широких кругов советских, партийных и комсомольских работников, а также учителей.','',2,'','',2,'2024-04-03 12:27:14'),(20,'Отделом языка, письменности и истории коми народа начата работа по составлению «Русско-коми словаря общественно-политических терминов»','1945.3','',NULL,'Работа над словарем начата в марте 1945 г. К концу 1946 г. был собран материал из литературных источников: произведений Маркса и Энгельса, Ленина и Сталина, «Краткого курса истории ВКП(б)», Конституции СССР, РСФСР и Коми АССР, кодексов законов и др.; использованы словари: общественно-политический, философский и др., а также периодическая литература. На основе собранного материала составлен словник и начата работа по переводу терминов. Словарь содержит в себе около 3,5 тысяч терминов.','',3,'','',2,'2024-04-03 12:30:13'),(21,'Сектор языка, письменности и истории народа коми преобразован в сектор коми языка, письменности, литературы и истории','1947','',NULL,'В сектор были приняты в 1945 г. А.А.Вежев, который публиковал статьи по вопросам литературоведения и критику. В 1946 г. в аспирантуру поступила А.Н.Федорова, которая занялась поэзией И.А.Куратова, вопросами литературоведения - П.Г.Доронин.','',3,'','',2,'2024-04-03 12:32:34'),(22,'Состоялись ученые советы Базы, где рассматривались «космополитические извращения сталинского учения о нации в области изучения истории, языка и литературы народа коми».','1949','',NULL,'Под «извращением сталинского учения» подразумевался ревизия «нового учения о языке», или «яфетическая теория» акад. Н.Я.Марра. Основу теории составляли две идеи, касавшиеся исторического развития языка. Согласно Н.Я.Марру, языковое развитие идет от множества к единству. Языки возникали независимо друг от друга. Затем происходил процесс скрещивания: два языка в результате взаимодействия превращались в новый третий язык. По мнению Н.Я.Марра, языки развивались по единым законам. Все языки проходят одни и те же стадии, определяемые уровнем социально-экономического развития. При изменении экономического базиса язык как часть надстройки подвергается революционному взрыву и становится качественно иным. Н.Я.Марр считал, что «новое учение о языке» требует нового лингвистического мышления.\r\nОт лингвистов требовали полного признания «нового учения о языке». После сессии ВАСХНИЛ с лета 1948 г. в советском языкознании началась погромная кампания. На заседании Ученого совета Научно-исследовательской Базы АН СССР в Коми АССР 27 мая 1949 г. обсуждали работу сектора языка литературы и истории в связи с названными выше событиями. Заместитель директора Н.И.Шишкин утверждал, что буржуазная наука проводит идею о принадлежности севера России древним финским племенам (пранародам), что эту идею подхватили К.Ф.Жаков и П.А.Сорокин, позднее Д.В.Бубрих (основоположник финноугроведения), а вслед за ним сотрудники Базы А.С.Сидоров, Н.А.Колегова, А.И.Подорова. Ученый совет принял постановление, которое требовало кардинального пересмотра планов работы сектора языка, литературы и истории; программ и учебников коми языка, и приведению их в соответствие с «новым учением о языке».','',3,'','',2,'2024-04-03 12:36:00'),(23,'На заседании Президиума Коми филиала АН СССР обсудили развитие языкознания в Коми филиале в свете статей И.В. Сталина «Относительно марксизма в языкознании» и «К некоторым вопросам языкознания»','1950.07.28','',NULL,'Заведующий сектором языка, литературы и истории филиала А.М.Мишарин признал, что работа сектора была полностью перестроена, в соответствии с ошибочными, как теперь признано, решениями и указаниями Президиума Академии наук СССР по вопросам советского языкознания и марровского «нового учения» о языке.\r\nСектор языка и истории признал, что венцом заблуждений и ошибок была «марровская сессия», проведенная в феврале 1950 г., на которой была изложена новая идейная и методологическая позиция, стоившая сектору более полугодовой работы. \r\nРабота сектора на протяжении продолжительного периода времени подвергалась критике «как не могущие поспевать за ходом социалистического строительства, за темпами жизни». Основные работы сотрудников сектора квалифицировались как космополитические, идеалистические, бесполезные. За работниками сектора в лучшем случае признавалось усердие, но ставилось под сомнение содержание работы. \r\nВ результате перестройки работы отдела под марровскую теорию о языке, а затем развенчания этой теории и очередного изменения приоритетов на протяжении 8 лет работы целого коллектива научных сотрудников в свет вышли только коми-русский словарь, переиздание краткого орфографического словаря, а также участие сотрудников в подготовке учебников для низших ступеней школ. Неправильные методические установки приводили к излишне суровой оценке работ сотрудников сектора, несправедливому увольнению нескольких талантливых ученых.','',3,'','',2,'2024-04-03 12:41:06'),(24,'По решению Президиума АН СССР в Сыктывкаре состоялось Научное совещание по вопросам языкознания','1952.1.28','',NULL,'Состоялось Научное совещание по вопросам языкознания. Организаторами выступали Президиум АН СССР, Институт языкознания и Коми филиал. Совещание было призвано подвести некоторые итоги развития финно-угорского языкознания после «разоблачения» взглядов Н.Я.Марра. В совещании участвовали представители Мордовской, Ма-рийской, Удмуртской АССР, Коми-Пермяцкого автономного округа, лингвисты из Коми АССР – всего 375 чел. Заслушано 11 докладов, в том числе 7 – сотрудников филиала. Д.филол.н. А.С.Сидоров сделал два доклада: «Влияние русского языка на грамматический строй коми языка» и «Пути развития коми литературного языка». Тезисы докладов опубликованы в том же году в Москве.','',3,'','',2,'2024-04-03 12:42:54'),(25,'Сидоров А.С. приступил к формированию архива Коми филиала АН СССР.','1952.2','',NULL,'А.С.Сидоров сдал в архив Коми филиала документы, собранные им лично и документы сектора языка, литературы и истории, в том числе копии документов Департамента исполнительной полиции об обустройстве дороги от Пинеги до Мезени за 1826 г., формулярного списка о службе коми поэта И.А.Куратова в Семиреченской области; Среди документов, переданных А.С.Сидоровым, были материалы Коми научно-исследовательского института, сохраненные им (работы В.А.Молодцова 1930-х гг., словник Коми советской энциклопе-дии, рукописи рабочих экземпляров различных словарей, другие документальные материалы отдела языка и литературы). Кроме того, он передал в архив работу И.Вихмана «Краткий очерк научной поездки к зырянам в 1901-1902 гг.», опубликованный в финском журнале Угро-финского общества в 1903 г. Перевод с немецкого выполнен В.В.Вульфертом. Эта работа положила начало формированию архивных фондов и организации в структуре Коми филиала АН СССР Научного архива.','',2,'','',2,'2024-04-03 12:58:14'),(26,'Принято постановление бюро Коми обкома КПСС о деятельности сектора языка, письменности, литературы и истории Коми филиала АН СССР.','1953.4.28','',NULL,'Бюро областного комитета партии указало на следующее: недостаточная результативность (за годы работы выпущен только один терминологический словарь); слабая проработка вопросов развития коми литературного языка и истории; раздробленность тем и большие сроки их выполнения; отсутствие должной интенсивности и напряженности труда («сотрудники работают только днем, надо создать условия, чтобы они могли работать и вечерами»); отсутствие высококвалифицированного научного руководства.','',3,'','',2,'2024-04-03 13:05:28'),(27,'Опубликованы первые крупные работы коми-лингвистов А.И.Подоровой «Коми орфографический словарь»; М.А.Сахаровой «Русско-коми терминологический словарь».','1953','',NULL,'','',3,'','',2,'2024-04-03 13:40:34'),(28,'Сектор языка, письменности, литературы и истории преобразован в Отдел языка, литературы и истории','1953','',NULL,'Преобразование связанно с приведением к единообразию структур филиалов АН СССР. За прошедшие годы научные подразделения Коми филиала окрепли, усилились новыми кадрами, поэтому в новой утвержденной структуре все секторы были  преобразованы в отделы.','',2,'','',2,'2024-04-03 14:41:29'),(29,'Издан учебник для вузов «Современный коми язык».','1955','',NULL,'Авторский коллектив в составе проф. В.И.Лыткин (старший научный сотрудник Института языкознания АН СССР), кандидатов филологических наук Т.И.Жилиной, Е.Г.Жижевой, Н.А.Колеговой, А.И.Подоровой, М. А.Сахаровой и В.А. Сорвачевой, преподавателей Коми педагогического института кандидата филологических наук А.И.Кипрушевой и А.О.Третьяковой. подготовил первый учебник для вузов по коми языку. \r\nВ учебнике подробно излагаются факты современного коми литературного языка и дается им научное освещение. В тех случаях, когда это необходимо, для сравнения или разъяснения тех или иных языковых фактов привлекается материал коми-пермяцкого литературного языка.\r\nАвторы не ограничились только своей непосредственной задачей. Помимо описания фактов языка они сообщают также и необходимые сведения об общих понятиях языка (понятие о языковой единице, о фонеме, об органах речи, о частях речи, о слове вообще и т.д.), иллюстрируя их примерами, взятыми из коми языка. Ценна работа и тем, что в ней содержится ряд исторических справок. Особенно удачны разделы о фонетике, о составе современной коми лексики, о частицах, а также введение в морфологию.\r\nВ грамматике даны необходимые сведения о коми народе, о коми диалектах, об истории изучения коми языка, о развитии лексикографии, об основах транскрипции, об отношении литературного языка к диалектам т.д. Учитывая научную и практическую значимость этого учебника. Президиум АН СССР удостоил его академической премии.\r\n','',3,'','',2,'2024-04-03 14:43:32'),(30,'Налажена переписка и обмен литературой с Академией наук Венгрии и с финноугорским обществом г. Хельсинки.','1955','',NULL,'','',4,'','',2,'2024-04-03 14:44:39'),(31,'Опубликован первый том «Очерков истории Коми АССР»','1955','',NULL,'Монография подготовлена совместными усилиями ученых Москвы и Коми АССР. В обобщающем труде освещается история народа коми с древнейших времен до февральской революции 1917. Использование в названии слова «Очерки» обусловлено тем, что многие вопросы истории региона еще не были изучены. В связи с этим несомненным достоинством работы был исследовательский характер большинства глав «Очерков». Авторами широко использовались как изданные, так и неопубликованные материалы центральных и местных архивов, привлечен археологический и этнографический материал.','',3,'','',2,'2024-04-03 14:45:53'),(32,'Президиум АН СССР издал Постановление «Об организации в Коми филиале АН СССР Отдела истории и этнографии. ','1957.10.18','',NULL,'Отдел языка, литературы и истории был разделен на два отдела: отдел языка и литературы и отдел истории и этнографии.','',2,'','',2,'2024-04-04 07:50:32'),(33,'Коми филиал АН СССР посетил профессор Хельсинского университета Эркки Итконен для ознакомления с постановкой работ по изучению коми языка и его диалектов.','1957.12','',NULL,'Эркки Итконен при помощи ученых филиала собрал образцы речи различных диалектов коми языка, представители которых работали в филиале и обучались в сыктывкарском пединституте.','',4,'','',2,'2024-04-04 08:07:01'),(34,'Отдел истории, и этнографии переименован в Отдел истории, этнографии и археологии.','1958','',NULL,'Изменения связаны с поступлением на работу в 1957 г. Г.М. Бурова, первого профессионального археолога в Коми филиале АН СССР. В том же году Г.М.Буров провел разведочные работы в среднем и верхнем течении р. Вычегды. Обнаружил более десятка открытых археологических памятников различных эпох: мезолита, раннего металла и раннего железного века. В 1958 г. была открыта тема «Эпоха камня и раннего металла в бассейнах рек Вычегды и Печоры».','',3,'','',2,'2024-04-04 08:18:44'),(35,'Издана монография Л.П.Лашука «Очерк этнической истории Печорского края», первая публикация, посвященная этнической истории коми. ','1958','',NULL,'','',3,'','',2,'2024-04-04 08:21:15'),(36,'Отдел языка и литературы Коми филиала АН СССР посетил венгерский языковед Эрик Васоли с целью изучения коми языка и его диалектов.','1959','',NULL,'','',3,'','',2,'2024-04-04 08:32:03'),(37,'Сотрудники отдела языка М.А.Сахарова и Н.А.Колегова участвовали в I Международном конгрессе финно-угроведов в г. Будапешт (Венгрия)','1960.09.20','',NULL,'','',4,'','',2,'2024-04-04 08:42:38'),(38,'В Тартуском государственном университете (г. Тарту)  состоялась защита кандидатской диссертации Л.М. Безносиковой ','1977','',NULL,'Диссертация на соискание ученой степени кандидата филологических наук «Роль диалектной лексики в формировании словарного состава коми литературного языка» (научный руководитель – к.филол.н. Е.С.Гуляев). В исследовании впервые подвергнуты подробному освещению вопросы обогащения литературного коми языка лексическими диалектизмами, вопросы взаимодействия письменной речи и диалектов в художественной литературе послевоенного ','',4,'','',2,'2024-04-05 07:33:57'),(39,'В Тартуском государственном университете (г. Тарту)  прошла защита кандидатской диссертации В.А. Ляшева «Фонетико-морфологические особенности вымского диалекта коми языка».','1977','',NULL,'Научный руководитель – д.филол.н. В.И.Лыткин. Работа посвящена исследованию особенностей фонетики и морфологии вымского диалекта, его связи с соседними диалектами. ','',4,'','',2,'2024-04-05 07:45:09'),(40,'В Тартуском государственном университете (г. Тарту)  А.Н. Ракин защитил кандидатскую диссертацию «Лексика  флоры коми языка».','1977','',NULL,'Впервые в коми языкознании системно исследована ботаническая народная номенклатура коми языка. Научный руководитель – д. филол.н. В.И.Лыткин.','',4,'','',2,'2024-04-05 08:02:24'),(42,'Отдел истории, этнографии и археологии начал разработку темы «Вопросы истории религии и атеизма в Коми АССР».','1960','',NULL,'В соответствии с Постановлением Президиума АН СССР от 17 апреля 1959 г. и указаниями Коми обкома КПСС отдел истории, этнографии и археологии начал разработку темы «Вопросы истории религии и атеизма в Коми АССР».','',4,'','',2,'2024-04-05 08:08:10'),(43,'Б.И.Гуслицер и В. И. Канивец открыли палеолитическую стоянку человека в верховьях р. Печора, в гроте Медвежьей пещеры.','1960','',NULL,'С 1958 г. комплексная геолого-археологическая экспедиция Коми филиала АН СССР вела систематические поиски палеолитических стоянок в бассейне р. Печора. В 1960 г. Б.И.Гуслицер и В. И. Канивец открыли палеолитическую стоянку человека в верховьях р. Печора, в гроте Медвежьей пещеры. В 1962 г. инженер-геолог Е.М.Тимофеев обнаружил палеолитическую стоянку у д. Бызовой. Медвежья пещера и Бызовая являются самыми северными стоянками палеолитического человека в мире, их возраст предварительно определяли в пределах 2030 тыс. лет до нашей эры. Археологические находки сдвинули на север границы расселения палеолитического человека, они доказали, что освоение территории Коми края началось значительно раньше, чем предполагалось до сих пор. В 1966-1970 гг. Коми филиал АН СССР разрабатывал тему «Палеолит Севера европейской части СССР» (исполнители Б.И.Гуслицер и В.И.Канивец). В 1967 г. на средней Печоре открыта третья палеолитическая стоянка – Крутая гора, что позволило сделать вывод о заселении Северо-Востока Европейской части страны не позднее среднего палеолит.','',3,'','',2,'2024-04-05 08:10:12'),(44,'Отдел истории, этнографии и археологии разделен на отдел истории и отдел этнографии и археологии.','1961.12','',NULL,'','',3,'','',2,'2024-04-05 08:34:34'),(45,'Организован Ученый совет по гуманитарным наукам','1962.06.23','',NULL,'Решение Президиума Коми филиала АН СССР об организации Ученого совета по гуманитарным наукам было вызвано потребностью координировать научные исследования отделов языка и литературы, истории, а также этнографии и археологии. Создание совета говорило о наличии достаточной «критической массы» квалифицированных специалистов и проводимых научных исследований. Совет стал организационной предпосылкой к созданию института гуманитарного профиля.','',2,'','',2,'2024-04-05 08:36:17'),(46,'Опубликован второй том «Очерков по истории Коми АССР», посвященный советскому периоду.','1962','',NULL,'Впервые издан обобщающий труд, описывающий историю Коми края от Октябрьской революции и до 1960-х гг. Авторский коллектив использовал большой фактический материал из фондов центральных архивов, Вологды, Архангельска, Коми республиканского и областного партийного архивов, материалы периодической печати, статистические сборники и другие источники». Многие документы впервые были введены в научный оборот. ','',3,'','',2,'2024-04-05 08:38:16'),(47,'В издательстве \"Наука\" опубликована монография «Канинская пещера», автор В.И.Канивец.','1964','',NULL,'','',3,'','',2,'2024-04-05 08:39:51'),(48,'Коми филиал АН СССР подготовил и провел Вторую Всесоюзную конференцию по финно-угроведению. ','1965.06.25','',NULL,'Присутствовали представители всех научных центров страны, работавшие по вопросам финно-угроведения.','',3,'','',2,'2024-04-05 08:41:42'),(49,'В Сыктывкаре состоялись первые Куратовские чтения, организованные отделом языка и литературы Коми филиала АН СССР.','1965.07.01','',NULL,'Инициатором Куратовских чтений стал поэт и ученый В.И. Лыткин. Чтения повысили интерес общественности Коми республики к творческому наследию поэта. В 1973 г., 1976 г., 1979 г., 1986 г., 1989 г., 1990 г. вышли 6 томов «Куратовских чтений». В их основу положены дополненные и переработанные доклады и сообщения куратоведов, прозвучавшие на семнадцати Куратовских чтениях и содержащие новые важные обобщения в куратоведении. Активное участие в Куратовских чтениях в разные годы принимали В.И. Лыткин, А.Е. Ванеев, А.К. Микушев, В.И. Мартынов и др., а также П.П. Домокош из Венгрии, Дж. Коутс из Великобритании, Н.М. Бассель, А.И. Туркин из Эстонии и др.  ','',3,'','',2,'2024-04-05 08:46:03'),(50,'В.И.Лыткину присвоено почетное звание заслуженного деятеля науки и техники Коми АССР за заслуги в области коми языкознания и литературоведения.','1965.09.03','',NULL,'','',3,'','',2,'2024-04-05 08:50:13'),(51,'П.И.Чисталеву присвоено звание заслуженного деятеля искусств Коми АССР за заслуги в области советского музыкального искусства и активную деятельность по пропаганде коми народной музыки.','1965','',NULL,'','',4,'','',2,'2024-04-05 08:56:37'),(52,'В г. Сыктывкаре состоялось V  Уральское археологическое совещание.','1967.02.27','',NULL,'Проведение в Сыктывкаре V Уральского археологического совещания являлось проявлением признания заслуг археологов Коми филиала АН СССР, которые провели плодотворную работу по выявлению и изучению памятников древности на территории Коми АССР. За предыдущие 10 лет ими открыто и исследовано более 300 стоянок, поселений, торфяников и могильников, относившихся к различным древним эпохам, начиная с палеолита и кончая средневековьем. Исключительный научный интерес представляют палеолитические стоянки в Медвежьей пещере и у д. Бызовая, многослойные поселения и торфяники в районе Синдорского озера, Турбинское поселение у д. Галово, Веслянский, Кищикольский и Ленский могильники и многие другие археологические памятники. Выделены оригинальные археологические культуры.\r\nНа основе новых открытий установлена совершенно иная периодизация заселения территории Коми АССР, выявлены новые группы трудовой деятельности, материальной и духовной культуры древних племен, обитавших в ее пределах, установлены новые пути миграционных процессов местного населения, выяснены многие стороны различных проблем этногенеза коми.\r\nАрхеологами опубликовано более 40 статей, монографий и коллективных трудов. Изданы три выпуска «Материалов по археологии Европейского Северо-Востока». Вышли из печати такие монографии, как «Канинская пещера», «Пещеры Печорского Урала», «Вычегодский край (очерки древней истории)» и «Археологические памятники Вычегодской долины».\r\n','',3,'','',2,'2024-04-05 08:59:31'),(53,'Проведена совместная фольклорно-диалектологическая экспедиция сотрудников отдела языка и литературы и венгерского языковеда Эрика Ю.Васои в Печорском и Удорском районах. ','1967','',NULL,'В результате на венгерском радио был организован цикл передач о коми советской литературе.','',4,'','',2,'2024-04-05 09:01:07'),(54,'На базе гуманитарных подразделений Коми филиала АН СССР создан Институт языка, литературы и истории.','1970.04.01','',NULL,'Вопрос об организации Института языка, литературы и истории Коми филиала АН СССР был поставлен еще в 1951 г., когда заместитель директора Коми филиала АН СССР Н.И.Шишкин 16 августа обратился в ЦК ВКП(б) с ходатайством об организации Института биологии, Института языка, литературы и истории, Института леса. Вопрос о создании института в Коми филиала поднимал регулярно. К середине 1960-х гг. сложилась развитая структура гуманитарных отделов, В качестве основных направлений научных исследований были определены изучение закономерностей развития коми языка, исследование его диалектов и генетических связей с родственными финно-угорскими языками; фольклора и коми литературы; вопросов происхождений северных финно-угорских народов; особенностей и закономерностей развития культуры и быта коми народа и коми-пермяков.','',1,'','',2,'2024-04-05 09:07:58'),(56,'Создана Научная библиотека','1944.07.01','',NULL,'История научной библиотеки ФИЦ Коми НЦ УрО РАН неразрывно связана с историей становления и развития академического учреждения в Республике Коми.\r\n1 июля 1944 г. была закончена реорганизация и утверждена структура  Базы Академии наук СССР в Коми АССР с научной библиотекой в ее составе.','НА ФИЦ Коми НЦ УрО РАН. Ф.1. Оп.18. Д.12.Л.11-14',1,'','',10,'2024-04-16 09:21:47'),(57,'Создан ИНСТИТУТ ХИМИИ Коми научного центра Уральского отделения РАН (Институт химии Коми НЦ УрО РАН РАН)','1995.12.19','',NULL,'ИНСТИТУТ ХИМИИ Коми научного центра Уральского отделения РАН (Институт химии Коми НЦ УрО РАН РАН) создан в 1995 г. на базе Отдела химии Коми филиала АН СССР, основанного в 1958 г. Становление и развитие института связано с деятельностью академика  РАН А.В. Кучина. Основные направления научной деятельности института: фундаментальные проблемы реакционной способности химических соединений, механизмы химических реакций, методология органического и неорганического синтеза; научные основы экологически безопасного и ресурсосберегающего использования растительного сырья и его компонентов для получения химических продуктов и материалов; физико-химические основы технологии получения керамических, композиционных и нано - материалов с использованием синтетического и природного (минерального и растительного) сырья, создание новых веществ и материалов на основе полимеров растительного происхождения; фундаментальные проблемы получения физиологически активных соединений на основе синтетических, полусинтетических и природных веществ; асимметрический синтез.','',1,'','',8,'2024-04-18 05:08:07');
/*!40000 ALTER TABLE `event` ENABLE KEYS */;
UNLOCK TABLES;

--
-- Table structure for table `file`
--

DROP TABLE IF EXISTS `file`;
/*!40101 SET @saved_cs_client     = @@character_set_client */;
/*!50503 SET character_set_client = utf8mb4 */;
CREATE TABLE `file` (
  `id` int(11) NOT NULL AUTO_INCREMENT,
  `date` datetime DEFAULT NULL,
  `name` text NOT NULL,
  `disc` varchar(500) NOT NULL COMMENT 'описание (500 символов?)',
  `doc` text COMMENT 'Ссылки на архивный докумен',
  `pathServ` text NOT NULL,
  `pathWeb` text,
  `type` int(11) NOT NULL COMMENT 'тип(? возможно тип фото, документ и проч.)',
  `create_date` timestamp NOT NULL DEFAULT CURRENT_TIMESTAMP,
  `create_user` int(11) NOT NULL,
  PRIMARY KEY (`id`)
) ENGINE=InnoDB AUTO_INCREMENT=59 DEFAULT CHARSET=utf8mb4;
/*!40101 SET character_set_client = @saved_cs_client */;

--
-- Dumping data for table `file`
--

LOCK TABLES `file` WRITE;
/*!40000 ALTER TABLE `file` DISABLE KEYS */;
INSERT INTO `file` (`id`, `date`, `name`, `disc`, `doc`, `pathServ`, `pathWeb`, `type`, `create_date`, `create_user`) VALUES (8,'1922-02-23 00:00:00','sorvasheva.jpg','кандидат филологических наук, специалист в области диалектологии и лексикографии коми языка','','/var/www/html/vm/img/sorvasheva-211.jpg','/vm/img/sorvasheva-211.jpg',0,'2024-03-29 08:53:02',2),(9,'1922-02-23 00:00:00','zhilina.jpg','кандидат филологических наук, специалист в области диалектологии и лексикографии коми языка','','/var/www/html/vm/img/zhilina-342.jpg','/vm/img/zhilina-342.jpg',0,'2024-03-29 09:06:40',2),(10,'1928-03-04 00:00:00','qulyaev.jpg','кандидат филологических наук, старший научный сотрудник','','/var/www/html/vm/img/gulyaev-300.jpg','/vm/img/gulyaev-300.jpg',0,'2024-03-29 09:38:06',2),(11,'1911-08-15 00:00:00','selkov.jpg','Сельков Николай Никитич (1911–1992), специалист в области лексикографии, синтаксиса, диалектологии коми языка.','','/var/www/html/vm/img/selkov-432.jpg','/vm/img/selkov-432.jpg',0,'2024-03-29 09:49:41',2),(12,'1934-09-30 00:00:00','loskutova.jpg','Лоскутова Нина Ильинична (1934–2023), специалист в области диалектологии и лексикографии коми языка.','','/var/www/html/vm/img/loskutova-751.jpg','/vm/img/loskutova-751.jpg',0,'2024-03-29 09:58:15',2),(13,'1933-07-29 00:00:00','pavlova.jpg','Павлова Эльба Кирилловна (1933–2013), старший лаборант сектора языка.','','/var/www/html/vm/img/pavlova-875.jpg','/vm/img/pavlova-875.jpg',0,'2024-03-29 10:23:25',2),(14,'1944-03-27 00:00:00','Костромина И.Н.','','','/var/www/html/vm/img/kostromina-443.jpg','/vm/img/kostromina-443.jpg',0,'2024-04-01 08:54:15',2),(15,'1994-03-08 00:00:00','Бараксанов Г.Г.','','','/var/www/html/vm/img/baraksanov-162.jpg','/vm/img/baraksanov-162.jpg',0,'2024-04-02 06:59:26',2),(19,'1980-04-25 00:00:00','Лыткин Василий Ильич','','','/var/www/html/vm/img/lytkin-719.jpg','/vm/img/lytkin-719.jpg',0,'2024-04-03 13:46:57',2),(20,'1980-08-13 00:00:00','Туркин Адольф Иванович','','','/var/www/html/vm/img/Turkin-602.jpg','/vm/img/Turkin-602.jpg',0,'2024-04-03 13:54:43',2),(21,'0000-00-00 00:00:00','Манова Надежда Дмитриевна','','','/var/www/html/vm/img/manova-689.jpg','/vm/img/manova-689.jpg',0,'2024-04-03 14:33:08',2),(23,'1981-01-01 00:00:00','Итконен Эркки','','','/var/www/html/vm/img/Erkki_itkonen_1981-776.jpg','/vm/img/Erkki_itkonen_1981-776.jpg',0,'2024-04-04 08:05:06',2),(24,'2000-03-27 00:00:00','Буров Григорий Михойлович','','','/var/www/html/vm/img/БуровГ-912.jpg','/vm/img/БуровГ-912.jpg',0,'2024-04-04 08:18:13',2),(25,'1984-03-27 00:00:00','Колегова Нина Андреевна','','','/var/www/html/vm/img/Kolegova-272.jpg','/vm/img/Kolegova-272.jpg',0,'2024-04-05 07:11:37',2),(26,'2010-04-27 00:00:00','Безносикова Люция Михайловна','','','/var/www/html/vm/img/Beznosikova-447.jpg','/vm/img/Beznosikova-447.jpg',0,'2024-04-05 07:30:10',2),(27,'1991-04-02 00:00:00','Ляшев Владимир Александрович','','','/var/www/html/vm/img/Lyashev-564.jpg','/vm/img/Lyashev-564.jpg',0,'2024-04-05 07:39:30',2),(28,'2004-04-13 00:00:00','Ракин Анатолий Николаевич','','','/var/www/html/vm/img/Rakin-794.jpg','/vm/img/Rakin-794.jpg',0,'2024-04-05 07:51:06',2),(29,'2000-03-27 00:00:00','Безносикова Люция Михайловна','','','/var/www/html/vm/img/Безносикова1-298.jpg','/vm/img/Безносикова1-298.jpg',0,'2024-04-05 07:54:34',2),(30,'2001-03-05 00:00:00','Безносикова Люция Михайловна','','','/var/www/html/vm/img/Безносикова2-654.jpg','/vm/img/Безносикова2-654.jpg',0,'2024-04-05 07:55:41',2),(31,'1985-07-24 00:00:00','Шестой Международный конгресс финно-угороведов','Участники конгресса А.Н. Ракин и Джон Гордон Коутс','','/var/www/html/vm/img/24-651.jpg','/vm/img/24-651.jpg',0,'2024-04-08 06:34:34',2),(32,'1965-06-25 00:00:00','Регистрация участников конференции по финно-угроведению','Павлова Э.К., Лоскутова Н.И., Муравьева Г.А. на регистрация участников конференции по финно-угроведению, июнь 1965 г.',' ','/var/www/html/vm/img/9-660.jpg','/vm/img/9-660.jpg',0,'2024-04-08 08:09:12',2),(33,'1970-04-15 00:00:00','Проводы Колеговой Н.А. на заслуженный отдых, 1970 г.','В 1970 г. вышли на пенсию старейшие коми языковеды М.А. Сахарова и Н.А. Колегова,  работавшие в отделе языка и литературы Коми филиала АН СССР, на базе которого и были созданы отделы языка и литературы и фольклора Института ЯЛИ.','','/var/www/html/vm/img/5-142.jpg','/vm/img/5-142.jpg',0,'2024-04-08 08:19:04',2),(36,NULL,'Научная библиотека Базы АН СССР в Коми АССР, 1947 г.','','','/var/www/html/vm/img/фото б.-492.jpg','/vm/img/фото б.-492.jpg',0,'2024-04-16 09:17:42',10),(37,'2019-05-29 00:00:00','Кучин А.В.','Академик Кучин Александр Васильевич','','/var/www/html/vm/img/Kuchin-AV-105.jpg','/vm/img/Kuchin-AV-105.jpg',0,'2024-04-19 05:57:46',8),(39,'1990-01-01 00:00:00','Демин Владимир Николаевич','Владимир Николаевич Демин \r\nдоктор филологических наук','','/var/www/html/vm/img/Демин-423.jpg','/vm/img/Демин-423.jpg',0,'2024-04-19 06:54:53',16),(41,'1960-01-01 00:00:00','Федорова Анна Николаевна ','Анна Николаевна Федорова\r\nкандидат филологических наук','','/var/www/html/vm/img/Федорова-125.jpg','/vm/img/Федорова-125.jpg',0,'2024-04-19 07:01:58',16),(42,'1960-01-01 00:00:00','Вежев Александр Александрович','Александр Александрович Вежев','','/var/www/html/vm/img/Вежев-216.jpg','/vm/img/Вежев-216.jpg',0,'2024-04-19 07:05:00',16),(43,'1970-01-01 00:00:00','Ванеев Альберт Егорович','Альберт Егорович Ванеев\r\nкандидат филологических наук','','/var/www/html/vm/img/Ванеев-16.jpg','/vm/img/Ванеев-16.jpg',0,'2024-04-19 07:14:06',16),(44,'1970-01-01 00:00:00','Мартынов Валерий Иванович','Валерий Иванович Мартынов\r\nкандидат филологических наук','','/var/www/html/vm/img/Мартынов-513.jpg','/vm/img/Мартынов-513.jpg',0,'2024-04-19 07:20:30',16),(45,'1960-01-01 00:00:00','Латышева Вера Алексеевна ','Вера Алексеевна Латышева\r\nдоктор филологических наук','','/var/www/html/vm/img/Латышева-982.jpg','/vm/img/Латышева-982.jpg',0,'2024-04-19 07:30:25',16),(47,'1970-01-01 00:00:00','Пахорукова Вера Васильевна ','Вера Васильевна Пахорукова \r\nдоктор филологических наук','','/var/www/html/vm/img/Пахорукова-459.jpg','/vm/img/Пахорукова-459.jpg',0,'2024-04-19 08:20:13',16),(48,'1970-01-01 00:00:00','Ванеева Ирина Михайловна ','Ирина Михайловна Ванеева\r\nкандидат филологических наук ','','/var/www/html/vm/img/Ванеева-709.jpg','/vm/img/Ванеева-709.jpg',0,'2024-04-19 08:32:29',16),(50,'2018-04-02 00:00:00','Шабаев Ю.П.','Шабаев Юрий Петрович','','/var/www/html/vm/img/Shabaev-623.JPG','/vm/img/Shabaev-623.JPG',0,'2024-04-19 08:40:57',22),(52,'1980-01-01 00:00:00','Куклина Раиса Ильинична ','Раиса Ильинична Куклина ','','/var/www/html/vm/img/Куклина-295.jpg','/vm/img/Куклина-295.jpg',0,'2024-04-19 08:52:11',16),(55,'1987-06-18 00:00:00','Конаков Н.Д.','Конаков Николай Дмитриевич','','/var/www/html/vm/img/Konakov-512.jpg','/vm/img/Konakov-512.jpg',0,'2024-04-19 09:21:57',22),(56,'1971-06-10 00:00:00','Жеребцов Л.Н.','Жеребцов Любомир Николаевич','','/var/www/html/vm/img/Жеребцов-801.jpg','/vm/img/Жеребцов-801.jpg',0,'2024-04-19 09:23:43',22),(57,'1976-10-13 00:00:00','Грибова Л.С.','Грибова Любовь Степановна','','/var/www/html/vm/img/Gribova-237.jpg','/vm/img/Gribova-237.jpg',0,'2024-04-19 09:43:01',22),(58,'2015-06-18 00:00:00','Ильина И.В.','Ильина Ирина Васильевна','','/var/www/html/vm/img/Ilina-212.jpg','/vm/img/Ilina-212.jpg',0,'2024-04-19 10:01:27',22);
/*!40000 ALTER TABLE `file` ENABLE KEYS */;
UNLOCK TABLES;

--
-- Table structure for table `file_event`
--

DROP TABLE IF EXISTS `file_event`;
/*!40101 SET @saved_cs_client     = @@character_set_client */;
/*!50503 SET character_set_client = utf8mb4 */;
CREATE TABLE `file_event` (
  `id` int(11) NOT NULL AUTO_INCREMENT,
  `idEvent` int(11) NOT NULL,
  `idFile` int(11) NOT NULL,
  PRIMARY KEY (`id`),
  KEY `idEvent` (`idEvent`),
  KEY `idFile` (`idFile`),
  CONSTRAINT `file_event_ibfk_2` FOREIGN KEY (`idEvent`) REFERENCES `event` (`id`) ON DELETE CASCADE ON UPDATE CASCADE,
  CONSTRAINT `file_event_ibfk_1` FOREIGN KEY (`idFile`) REFERENCES `file` (`id`) ON DELETE CASCADE ON UPDATE CASCADE
) ENGINE=InnoDB AUTO_INCREMENT=16 DEFAULT CHARSET=utf8mb4;
/*!40101 SET character_set_client = @saved_cs_client */;

--
-- Dumping data for table `file_event`
--

LOCK TABLES `file_event` WRITE;
/*!40000 ALTER TABLE `file_event` DISABLE KEYS */;
/*!40000 ALTER TABLE `file_event` ENABLE KEYS */;
UNLOCK TABLES;

--
-- Table structure for table `file_person`
--

DROP TABLE IF EXISTS `file_person`;
/*!40101 SET @saved_cs_client     = @@character_set_client */;
/*!50503 SET character_set_client = utf8mb4 */;
CREATE TABLE `file_person` (
  `id` int(11) NOT NULL AUTO_INCREMENT,
  `idFile` int(11) NOT NULL,
  `idPerson` int(11) NOT NULL,
  PRIMARY KEY (`id`),
  KEY `idFile` (`idFile`),
  KEY `idPerson` (`idPerson`),
  CONSTRAINT `file_person_ibfk_2` FOREIGN KEY (`idPerson`) REFERENCES `person` (`id`) ON DELETE CASCADE ON UPDATE CASCADE,
  CONSTRAINT `file_person_ibfk_1` FOREIGN KEY (`idFile`) REFERENCES `file` (`id`) ON DELETE CASCADE ON UPDATE CASCADE
) ENGINE=InnoDB AUTO_INCREMENT=62 DEFAULT CHARSET=utf8mb4;
/*!40101 SET character_set_client = @saved_cs_client */;

--
-- Dumping data for table `file_person`
--

LOCK TABLES `file_person` WRITE;
/*!40000 ALTER TABLE `file_person` DISABLE KEYS */;
INSERT INTO `file_person` (`id`, `idFile`, `idPerson`) VALUES (5,8,5),(7,12,15),(8,14,17),(9,15,20),(22,9,12),(23,11,14),(24,13,16),(25,19,24),(26,20,25),(27,21,27),(28,23,28),(29,24,29),(30,25,32),(31,26,33),(32,27,34),(33,28,35),(34,29,33),(35,30,33),(36,10,13),(37,31,35),(38,32,15),(39,32,16),(41,37,39),(43,39,45),(45,41,43),(46,42,40),(47,43,42),(48,44,44),(49,45,46),(51,47,48),(52,48,50),(54,50,49),(55,52,53),(58,55,57),(59,56,56),(60,57,58),(61,58,59);
/*!40000 ALTER TABLE `file_person` ENABLE KEYS */;
UNLOCK TABLES;

--
-- Table structure for table `person`
--

DROP TABLE IF EXISTS `person`;
/*!40101 SET @saved_cs_client     = @@character_set_client */;
/*!50503 SET character_set_client = utf8mb4 */;
CREATE TABLE `person` (
  `id` int(11) NOT NULL AUTO_INCREMENT,
  `F` varchar(45) DEFAULT NULL,
  `I` varchar(45) DEFAULT NULL,
  `O` varchar(45) DEFAULT NULL,
  `dol` text COMMENT 'должность',
  `comment` text COMMENT 'Биографические данные (кратко)',
  `publications` text COMMENT 'Основные публикации',
  `awards` text COMMENT 'Награды, звания',
  `dayN` date DEFAULT NULL COMMENT 'дата рождения',
  `dayD` date DEFAULT NULL COMMENT 'дата смерти',
  `create_date` timestamp NULL DEFAULT CURRENT_TIMESTAMP,
  `create_user` int(11) DEFAULT NULL,
  PRIMARY KEY (`id`)
) ENGINE=InnoDB AUTO_INCREMENT=85 DEFAULT CHARSET=utf8mb4;
/*!40101 SET character_set_client = @saved_cs_client */;

--
-- Dumping data for table `person`
--

LOCK TABLES `person` WRITE;
/*!40000 ALTER TABLE `person` DISABLE KEYS */;
INSERT INTO `person` (`id`, `F`, `I`, `O`, `dol`, `comment`, `publications`, `awards`, `dayN`, `dayD`, `create_date`, `create_user`) VALUES (5,'Сорвачева ','Валентина ','Александровна ','кандидат филологических наук, ','Специалист в области диалектологии и лексикографии коми языка, внесла большой вклад в развитие коми диалектологии. Долгое время руководила плановой темой «Изучение и монографическое описание диалектов коми языка». В многочисленных экспедициях в разные районы Коми АССР ею был собран богатейший языковой материал, хранящийся в настоящее время в научном архиве Коми НЦ УрО РАН, изучена языковая специфика верхневычегодского, нижневычегодского, удорского диалектов. Собранные ученым языковые материалы легли в основу фундаментальных работ по коми языкознанию: «Сравнительный словарь коми-зырянских диалектов» (1961), «Верхневычегодский диалект коми языка» (1966), «Нижневычегодский диалект коми языка» (1978), «Удорский диалект коми языка» (1990), «Образцы коми-зырянской речи» (1971). В.А. Сорвачева участвовала также в создании учебников для вузов «Современный коми язык. Ч. I. Фонетика. Лексика. Морфология» (1955), «Современный коми язык. Ч. II. Синтаксис» (1967), составила карту',NULL,NULL,'1923-02-23','1977-06-12','2024-03-29 08:40:13',2),(12,'Жилина','Татьяна','Ивановна','кандидат филологических наук, старший научный сотрудник','Окончила в 1944 г. историко-филологический факультет Коми государственного педагогического института. В 1946 г. поступила в аспирантуру Базы АН СССР в Сыктывкаре. С 1950 г. работала в ИЯЛИ в должности младшего научного сотрудника, с 1962 – старшего научного сотрудника, с 1971 г. по 1982 г. – ученый секретарь ИЯЛИ Коми филиала АН.','илина Т.И. Верхнесысольский диалект коми языка. М.: Наука, 1975. 268 с. \r\nЖилина Т.И. Лузско-летский диалект коми языка. М.: Наука, 1985. 274 с. \r\nЖилина Т.И. Вымский диалект коми языка. Сыктывкар, 1998. 438 с.\r\n','ль “Ветеран труда” (1982), Заслуженный деятель науки Коми АССР (1973), звание “Ударник девятой пятилетки” (1975)','1923-12-14','0000-00-00','2024-03-29 09:30:30',2),(13,'Гуляев ','Евгений ','Семенович ','кандидат филологических наук, старший научный сотрудник','Специалист в области истории языка, исторической и описательной лексикологии, диалектологии, грамматики коми языка, куратоведения. Е.С. Гуляев исследовал семантику и историческое развитие группы падежей (элатива, эгрессива, аблатива, компаратива) коми языка, подробно рассмотрел проблемы формирования словарного состава коми языка, выявив этимологии и происхождение слов, основные этапы становления коми-зырянского литературного языка. Он является соавтором краткого коми этимологического словаря. Е.С. Гуляев принимал участие в сборе, обработке диалектного материала, описании особенностей верхневычегодского и верхнесысольского диалектов. Занимался изучением поэтического наследия И.А. Куратова, подготовил к изданию полное собрание художественных произведений поэта (И. Куратов. Менам муза. Сыктывкар, 1979). Участвовал в работе III и IV Международных конгрессов финно-угроведов (Таллин, 1970, Будапешт, 1975). Е.С. Гуляев читал в Коми государственном педагогическом институте курсы истории коми языка и диалектологии, был научным руководителем при написании нескольких диссертаций. Исследователь являлся членом Советского комитета финно-угроведов, членом редколлегии журнала “Советское финно-угроведение”, участвовал в подготовке и проведении XI Всесоюзной конференции по финно-угроведению (Сыктывкар, 1965), III Международного конгресса финно-угроведов (Таллин, 1970). ',NULL,NULL,'1928-03-28','1977-04-05','2024-03-29 09:38:50',2),(14,'Сельков ','Николай ','Никитич ','научный сотрудник','Специалист в области лексикографии, синтаксиса, диалектологии коми языка. Ученый собрал большой диалектный материал во время многочисленных экспедиций, что позволило затем написать подробные описания ижемского и печорского диалектов, быть одними из составителей сравнительного словаря коми-зырянских диалектов. Он был соавтором орфографического (1976, 1985) и большого русско-коми словаря (1966). С 1961 г. ученый работал в качестве составителя и редактора крупного коллективного труда по синтаксису коми языка, который до сих пор является единственным обобщающим учебником для вузов по синтаксису коми языка. Н.Н. Сельков внес значительный вклад в организацию преподавательской работы в школах и вузах. Он автор учебников коми языка для 6–7 и 7–8 классов, учебника для 6–8 классов; им составлены правила коми орфоэпии, программы по коми языку для начальной школы и для 5–7 классов, методические разработки по коми грамматике. Награжден медалями «За оборону Ленинграда» (1942), «За победу над Германией в Великой Отечественной войне» (1945), Почетными грамотами Коми филиала АН СССР (1970), Президиума Верховного Совета Коми АССР (1971). ',NULL,NULL,'1911-08-15','1992-11-11','2024-03-29 09:49:50',2),(15,'Лоскутова ','Нина ','Ильинична ','научный сотрудник','Специалист в области диалектологии и лексикографии коми языка. Внесла весомый вклад в развитие коми филологической науки. Нина Ильинична была участником многочисленных экспедиций по сбору диалектного материала, совершила более полутора десятков выездов в Печорский, Усть-Куломский, Корткеросский, Сыктывдинский, Сысольский, Прилузский районы Коми АССР, Ненецкий автономный округ. Лингвистический материал, собранный, обработанный и систематизированный при участии Н.И. Лоскутовой, лег в основу монографий по верхневычегодскому, присыктывкарскому, верхнесысольскому, печорскому, среднесысольскому и лузско-летскому диалектам коми языка.За многолетний труд, большие заслуги в развитии коми языкознания награждена медалями «За трудовое отличие» и «Ветеран труда», Почетными грамотами Президиума Академии наук СССР в связи с 250-летием АН СССР, Президиума Коми филиала АН СССР.',NULL,NULL,'1934-09-30','2023-07-10','2024-03-29 09:56:26',2),(16,'Павлова  ','Эльба','Кирилловна ','Старший лаборант','Старший лаборант сектора языка, принимала участие в экспедициях по сбору фольклорного и диалектного материала, в обработке и систематизации материала для монографий по верхневычегодскому, печорскому, нижневычегодскому, удорскому диалектам.',NULL,NULL,'1933-07-29','2013-01-01','2024-03-29 10:20:49',2),(17,'Костромина ','Ия','Николаевна','лаборант','Костромина Ия Николаевна - специалист в области лексикологии, истории коми языкознания. Она ввела в научный оборот архивные материалы о жизни и творчестве исследователей коми языка XIX в., написав биографические очерки о Г.С. Лыткине, П.И. Савваитове, А.Е. Попове, Н.П. Попове, А.В. Красове, П. Михайлове, А.В. Журавском, И.И. Разманове, А.Ф. Флёрове, А.М. Шёгрене. В области лексикологии ею исследован словарный состав коми языка с точки зрения активного и пассивного запаса (неологизмы и архаизмы). И.Н. Костромина участвовала в сборе материала для “Краткого этимологического словаря коми языка” (авторы В.И.Лыткин, Е.С.Гуляев), монографии «Нижневычегодский диалект коми языка» (автор В.А.Сорвачева), собрания сочинений И.А. Куратова «Менам муза» (1979). Она является одним из авторов коллективной монографии “Современный коми язык. Лексикология” (1985). ',NULL,NULL,'1931-12-04','2012-04-03','2024-04-01 08:51:39',2),(19,'Коснырева ','Раиса ','Ивановна ','лаборант','Область научных интересов Косныревой Р.И.  включает изучение диалектной и литературной коми лексики, составление словарей различных типов, рассмотрение имен собственных и языка произведений некоторых коми писателей в научно-популярных статьях. Р.И. Коснырева неоднократно выезжала в полевые экспедиции в разные районы республики, собрала богатый диалектный материал, который в виде многотомных отчетов хранится в научном архиве Коми НЦ УрО РАН. Совместно с известным ученым-фольклористом Ф.В. Плесовским она работала над изданием книг «Коми фразеологизмы», «Коми пословицы и поговорки», «Коми народные загадки», привлекая богатый материал собственных полевых записей.',NULL,NULL,'1935-06-18',NULL,'2024-04-01 08:57:18',2),(20,'Бараксанов ','Геннадий ','Григорьевич ','кандидат филологических наук, старший научный сотрудник','Бараксанов Геннадий Григорьевич, специалист в области коми диалектологии, исследования норм литературного языка, автор многих учебников коми языка для средней школы. Ученый внес существенный вклад в изучение и описание коми диалектов. Он неоднократно выезжал в диалектологические экспедиции в различные районы республики Коми, на Кольский полуостров, в Омскую область. В соавторстве с коллегами ученый подготовил описательные монографии по присыктывкарскому и среднесысольскому диалектам. Г.Г. Бараксанов был одним из организаторов нескольких крупных научных форумов в Сыктывкаре: ХI и ХVI Всесоюзных конференций финно-угроведов, VI Международного конгресса финно-угроведов и др. Большое внимание исследователь уделял преподаванию коми языка в школе и вузе. Он – автор учебников для средних школ, учебных программ. В 1972 г. в ходе создания Сыктывкарского государственного университета Г.Г. Бараксанов большие усилия приложил для организации кафедры коми языка и литературы, разрабатывал и читал основные курсы по коми языку (фонетика, лексикология, введение в финно-угроведение и др.), руководил курсовыми и дипломными работами студентов.',NULL,NULL,'1934-09-12','1997-03-16','2024-04-02 06:57:28',2),(24,'Лыткин   ','Василий','Ильич','доктор филологических наук','Областями обширных научных интересов В.И. Лыткина были вопросы строительства коми литературного языка, диалекты пермских языков, памятники древнекоми письменности, история пермских языков. Он принимал участие в решении вопросов строительства коми литературного языка: в определении опорного диалекта, упорядочении норм литературного языка, алфавита. Проследил историю формирования и современное состояние пермских языков, исследовал основные этапы становления коми-зырянского литературного языка. Принимал участие в сборе, систематизации диалектного материала, выявил основные особенности коми диалектов, подробно описал фонетико-грамматические особенности коми-язьвинского наречия. В.И. Лыткин изучил древние памятники коми письменности, описал принципы составления первого национального алфавита, фонетико-морфологические особенности языка XIV–XVII вв. В области истории языка реконструировал прапермскую (пракоми) систему гласных и согласных, описал развитие фонетической системы коми языка, хронологию и протекание основных фонетических процессов, развитие частей речи и грамматических категорий, происхождение грамматических форм, развитие словарного состава коми языка, выявил этимологии и происхождение многих слов. В.И. Лыткин составил учебники для школ и высших учебных заведений. Он стоял у истоков коми литературы и литературоведения, писал и переводил стихи на коми язык, исследовал творчество И.А. Куратова. В.И. Лыткин являлся членом Союза писателей СССР, зарубежным членом Финской АН, почетным членом Финно-угорского общества (Хельсинки), Урало-Алтайского общества (Гёттинген) и Общества родного языка (Таллин). Он был отличником народного просвещения РСФСР, Заслуженным деятелем науки и культуры РСФСР, Заслуженным деятелем науки и техники Коми АССР (1965), лауреатом Государственной премии Коми АССР им. И.А. Куратова (1971). Награжден орденом «Дружбы народов».',NULL,NULL,'1895-12-15','1981-08-27','2024-04-03 13:47:33',2),(25,'Туркин   ','Адольф','Иванович','доктор филологических наук','Туркин Адольф Иванович (Кöсты Вась Миш Öдöль), доктор филологических наук, крупный специалист в области изучения лексики и топонимии, истории коми-зырянских диалектов, переводчик на коми язык, поэт, популяризатор коми языка и литературы.\r\nОдним из основных направлений научного творчества А.И. Туркина была коми топонимия, шире – ономастика. Ее сбору и систематизации он посвятил более тридцати лет. Начиная с 1966 г. Адольф Иванович собирал топонимический материал в экспедициях на территориях бассейнов рек Вычегды (1966–1969), Выми и Сысолы (1973), Вашки и Мезени (1978), Лузы и Летки (1979), Ижмы (1980), Печоры (1981). В его работах были разработаны основы научного исследования коми топонимии, критически рассмотрены предыдущие работы по теме, установлены закономерности адаптации коми названий в русской топонимической системе, определены лексико-семантические типы коми топонимов, выявлена исчезнувшая и архаичная лексика коми языка, сохранившаяся только в топонимии, выделены этнолингвистические пласты. Помимо топонимики исследователь занимался и другими проблемами коми языкознания. Одно из направлений его исследований – выявление и описание памятников письменности коми языка. Ученый известен и как исследователь лингвистических контактов коми языка. А.И. Туркин автор более 200 научных работ.\r\nУченый занимался и литературоведением. Одним из первых обратился к творчеству коми писателя и ученого К.Ф. Жакова, подготовил и издал сборник его рассказов, очерков, сказок и преданий «Под шум северного ветра» (Сыктывкар 1990) с обширным предисловием и комментариями. Он открыл для научной и литературной общественности малоизвестного писателя и ученого И.Н. Мошегова (Игнатий Мöсшег) (1880–1965), который с 1920 г. жил в Финляндии и свои труды писал по-фински. А.И.Туркин известен как переводчик финской и эстонской литературы на коми язык. Он перевел часть карело-финского эпоса «Калевала», произведения финских писателей Мартти Ларни и Эльви Синерво, эстонских авторов Оскара Лутса, Антона Хансена Таммсааре и Аугуста Якобсона. \r\nТуркин А.И. являлся действительным членом Общества родного языка (Таллин, 1977), зарубежным членом Финно-угорского общества Финляндии (Хельсинки, 1983), зарубежным членом общества «Калевала» (Хельсинки, 1985), членом-корреспондентом Финского литературного общества (Хельсинки, 1990), действительным членом Урало-алтайского общества (Гёттинген, 1990), в 1987 г. был награжден юбилейной медалью общества «Калевала» (Хельсинки), посмертно был удостоен государственной премии Республики Коми в области науки.\r\n',NULL,NULL,'1936-01-01','1996-06-18','2024-04-03 13:53:31',2),(26,'Сидоров','  Алексей',' Семенович ','доктор филологических наук','Сидоров  Алексей Семенович, доктор филологических наук, крупный специалист в области синтаксиса, грамматики, лексикологии, диалектологии, истории коми языка, а также этнографии, литературоведения, археологии.\r\nОбласть научных интересов А.С. Сидорова обширна и разнообразна. Его лингвистические труды легли в основу современного коми языкознания. Ученый много внимания уделял изучению коми диалектов, формированию норм коми литературного языка, вопросам происхождения и истории коми языка и, более всего, исследованию синтаксического строя коми языка. Итогом многолетнего исследования синтаксиса коми языка стал его фундаментальный труд «Синтаксис коми языка», хранящийся в научном архиве Коми НЦ Уро РАН. А.С. Сидоровым был обнаружен и описан один из памятников древнепермского языка – гамский вариант рукописной обедни (перевод конца XIV в.). Ученый много сделал в области планирования научных исследований коми языка. В частности, он разработал программу фронтального исследования коми-зырянских диалектов, которая затем была успешно реализована его учениками и последователями в 60 – 80 гг.\r\nА.С. Сидоров внес значительный вклад в развитие не только коми языкознания, но также литературоведения, археологии и этнографии: он был первым исследователем творчества коми поэта И.А. Куратова, собрал и обработал поэтическое творчество первого коми поэта, заложил основы археологических исследований в Коми крае, изучал быт и культуру коми народа, собирал коллекции для областного краеведческого музея. \r\n',NULL,NULL,'1892-11-10','1953-03-21','2024-04-03 13:57:23',2),(27,'Манова ','Надежда ','Дмитриевна ','кандидат филологических наук, доцент','Н.Д. Манова-  специалист в области изучения синтаксиса сложного предложения (в частности, сложноподчиненного) коми языка, их типов в диахронном аспекте, чему и была посвящена ее кандидатская диссертация. Она одна из первых исследовала синтаксис сложного предложения коми языка в историческом освещении, изучила происхождение некоторых подчинительных союзов. Н.Д. Манова – автор работ, посвященных функциональным аналогам придаточных предложений – деепричастиям коми языка. В русле ее интересов был и синтаксис текста коми языка. Второе основное направление исследователя — создание практической методики преподавания коми языка для лиц, не владеющих им в качестве родного, а также создание учебников коми языка для взрослой аудитории. Ею были подготовлены и изданы учебные пособия по коми и русскому языкам, опирающиеся на современные методические разрабтки в преподавании иностранных языков. Н.Д. Манова занимается также художественным переводом с венгерского языка. Ею изданы четыре сборника венгерских сказок в переводе на коми и русский языки.\r\nЗа плодотворный многолетний труд в изучении коми языка, преподавании коми и русского языков Н.Д. Манова награждена Почетной грамотой Министерства образования Российской Федерации (1996), Почетной грамотой Главы Республики Коми (2001). \r\n',NULL,NULL,'1947-04-07',NULL,'2024-04-03 14:31:35',2),(28,'Итконен','Эркки','Эсайас','финский языковед','Итконен Эркки начал свой научный путь как исследователь саамского языка, но написал несколько работ о финском, марийском, мордовском, удмуртском и коми языках. И. является автором четырехтомного словаря диалекта инарских саамов; он участвовал в составлении многотомного этимологического словаря финского языка. И. — автор более 200 научных трудов в области сравнительной финно-угристики, фонетики финно-угорских языков, особенно вокализма, этимологии и лексикологии. В нескольких работах И. рассматривает также проблемы, связанные с коми языком. В работе «Zur Geschichte des Vokalismus der ersten Silbe im Tscheremissischen und in den permischen Sprachen» — Finnisch-Ugrische Forschungen, Bd. XXXI, Heft 3. Helsinki 1954, 149-345 (К истории вокализма первого слога в марийском и пермских языках) освещается предполагаемая система гласных звуков первого слога допермского и общепермского языка-основы. В статье «Esiintyykӧ s-Latiivi permilдissд kielissд?» — Virittдjд, 1966, 273-280 (Имеется ли s-овый латив в пермских языках?) И. высказывает мнение о том, что латив ограничен хронологическими и территориальными рамками волжско-финского периода и отсутствует в пермских языках.\r\nВ статье «Spuren der Quantitдtskorrelation der Vokale im Syrjдnischen». — Journal de la Sociеtе Finno-Ougrienne, 71. Helsinki, 1971, 1-30 (Следы количественного соотношения гласных в коми языке) рассматриваются фонема ф, вторичные долгие гласные и другие особенности фонетического строя коми языка.\r\nВ декабре 1957 г. И. был в научной командировке в г.Сыктывкаре, посетил Коми филиал АН СССР, Коми педагогический институт. По возвращении в Финляндию И. опубликовал статью «Komi tasavallan kielitieteeseen tutustumassa» — Virittдjд, 1958, 66-71 (Знакомство с языкознанием Республики Коми).\r\n',NULL,NULL,'1913-04-26','1992-05-28','2024-04-04 08:06:39',2),(29,'Буров ','Григорий ','Михайлович','Доктор исторических наук','Буров Григорий Михайлович, специалист в области изучения материальной и духовной культуры, происхождения древнего населения бассейна Вычегды в эпоху камня, бронзы, раннего железного века и средневековья. С 1957 г. проводил полевые исследования в бассейне Вычегды в качестве начальника Вычегодского археологического отряда. Им  были  открыты десятки новых археологических памятников различных эпох, в том \r\nчисле – комплекс долговременных поселений на Синдорском озере, включающими торфяниковые стоянки с коллекцией древних предметов из дерева, коры и травы. Материалы археологических исследований позволили ученому впервые дать периодизацию археоло-гических памятников Вычегодского бассейна, рассмотреть некоторые особенности хозяйства и быта его древнего населения, поставить ряд важных вопросов этнокультурной истории Вычегодского края от мезолита до  I тыс. н. э. В 1986 г. в Институте истории, филологии и философии Сибирского отделения АН СССР (г. Новосибирск) защитил докторскую диссертацию  на тему “Крайний Северо-Восток Европы в эпоху мезолита, неолита и раннего металла”. \r\n',NULL,NULL,'1933-09-22','2013-02-24','2024-04-04 08:18:22',2),(30,'Сахарова ','Марфа ','Александровна ','кандидат филологических наук','Специалист в области диалектологии, лексикографии, орфографии, морфологии и синтаксиса. За период научно-иссле¬довательской деятельности написала 40 работ, 36 из которых опубли¬ковано. Значительный вклад М.А.Сахарова внесла в изучение коми-зырянских диалектов. Богатый материал, собранный ею во время диалектологических экспедиций, использован в монографиях: “Верхне¬вычегодский диалект коми языка” (Сыктывкар, 1966; в соавт.), “Печорский диалект коми языка” (Сыктывкар, 1976; в соавт.), “Ижемский диалект коми языка” (Сыктывкар, 1976; в соавт.). Принимала активное участие в составлении словарей коми языка. Она автор “Русско-коми терминологического словаря” (Сыктывкар, 1953), соавтор “Коми орфографического словаря” (Сыктывкар, 1942, 1959, 1985), “Коми-русского словаря” (Сыктывкар, 1948), “Сравнительного словаря коми-зырянских диалектов” (Сыктывкар, 1961).\r\nНакопленный педагогический опыт М.А.Сахарова использовала при создании учебников и учебных пособий. Она является одним из авторов учебников для вузов “Современный коми язык, ч.I” (Сыктывкар, 1955), “Современный коми язык, ч.II” (Сыктывкар, 1967), учебника для VI-VII классов “Коми грамматика. Синтаксис” (Сыктывкар, 1949, 1951, 1954), учебников для педучилищ “Коми грамматика. Синтаксис” (Сыктывкар, 1950), “Коми грамматика. Морфология” (Сыктывкар, 1952), сборника упражнений по синтаксису (Сыктывкар, 1944, 1948, 1951).\r\nМ.А.Сахарова – участник I Международного конгресса финно-угроведов (Будапешт, 1960), вела большую общественную работу, была депутатом Сыктывкарского городского Совета двух созывов (1955, 1957 гг.).\r\nНаграждена Почетными грамотами Президиума АН СССР (1945), Президиума Верховного Совета Коми АССР (1961), медалью “За доблестный труд в Великой Отечественной войне. 1941-1945 гг.”, Заслуженный деятель науки и техники Коми АССР (1969). \r\n',NULL,NULL,'1913-09-06',NULL,'2024-04-04 08:42:01',2),(32,'Колегова',' Нина ','Андреевна ','кандидат филологических наук, старший научный сотрудник','Колегова Нина Андреевна, специалист в области коми диалектологии, грамматики, лексикографии коми языка, автор 24 работ, из которых 16 опубликованы, остальные хранятся в научном архиве Коми НЦ УрО РАН. Под ее руководством коллектив языковедов плодотворно работал над важнейшими проблемами грамматического строя коми языка, над составлением двуязычных и диалектологических словарей, учебных и научных грамматик коми языка. С начала работы в научно-исследовательском институте Н.А. Колегова активно включилась в сбор материала и изучение коми диалектов, совершила экспедиции в Сысольский, Ижемский, Ухтинский, Усть-Усинский, Удорский, Троицко-Печорский районы Коми АССР. Много внимания она уделяла и преподаванию коми языка в начальной и средней школах. В 1939 г. вышел в свет ее учебник по коми грамматике для 3 класса, который неоднократно переиздавался (1940, 1941, 1943, 1974).\r\nН.А. Колегова награждена медалью «За доблестный труд в Великой Отечественной войне 1941–1945 гг.», Почетными грамотами Президиума АН СССР (1945), Верховного Совета Коми АССР (1961); получила звание «Заслуженный работник науки и культуры Коми АССР» (1964).\r\n',NULL,NULL,'1913-11-03','2006-12-09','2024-04-05 07:09:57',2),(33,'Безносикова  ','Люция','Михайловна ','кандидат филологических наук','Безносикова Люция Михайловна, специалист в области лексикологии и лексикографии, диалектологии коми языка. В ее исследованиях впервые подвергнуты подробному освещению вопросы обогащения литературного коми языка лексическими диалектизмами, вопросы взаимодействия письменной речи и диалектов в художественной литературе послевоенного времени. Л.М. Безносиковой предпринято систематическое описание основных категорий коми лексики, разработаны новые типы словарей коми языка, отражающие лексику с различных точек зрения – со стороны семантической противоположности (словарь антонимов), фонетического и графического совпадения слов и их форм (словарь омонимов), ассоциации образных определений с другими словами (словарь эпитетов), со стороны происхождения лексем (этимологический словарь), новых слов и выражений (словарь неологизмов).\r\nНаучно-исследовательскую работу Люция Михайловна в течении многих лет совмещала с работой зам. председателя Республиканской термино-орфографической комиссии при Министерстве по делам национальностей Республики Коми. \r\nБольшой вклад в науку Л.М. Безносиковой был отмечен Почетными грамотами Президиума Верховного Совета (1968) и Совета Министров Коми АССР (1971), Коми обкома профсоюзов работников просвещения, высшей школы и научных учреждений (1985), Президиума Коми филиала АН СССР (1985), Министерства по делам национальностей Республики Коми (1997), Президиума РАН (2010). Она дважды лауреат государственной премии Республики Коми (1999, 2001), премии Правительства Республики Коми в области науки им. П. Сорокина (2004), премии Правительства Республики Коми в области научных исследований (2015). Л.М. Безносикова член Союза журналистов России, зарубежный член Финно-угорского общества Финляндия (2004), Заслуженный деятель науки Республики Коми (1994), награждена медалью “Ветеран труда” (1987).\r\n',NULL,NULL,'1940-04-29','0000-00-00','2024-04-05 07:25:51',2),(34,'Ляшев ','Владимир ','Александрович ','кандидат филологических наук, доцент','Сфера научной деятельности В.А. Ляшева была многогранной: диалектология, фонетика, лексикология, лексикография, лингвогеография, история языка. Особенно значительным является вклад В.А. Ляшева в исследование коми диалектов. В своей диссертации ученый осветил особенности фонетики и морфологии вымского диалекта, его связи с соседними диалектами. В.А. Ляшев одним из первых активно включился в исследование коми диалектов методом лингвистического картографирования, начало которому было положено в конце 70-х гг. и связано с участием пермских лингвистов в международном проекте «Лингвистический атлас Европы» (ЛАЕ). Исследователь подготовил и предоставил материалы для ЛАЕ по коми-зырянским диалектам. Вопросам ареального исследования диалектов коми языка В.А. Ляшев посвятил и другие работы, которые являются надежной основой для дальнейших изысканий в области ареального исследования коми диалектов, составления диалектологического атласа коми языка. Большую научную ценность имеет работа «Диалектное членение древнекоми языка», в которой ученый охарактеризовал диалектное членение древнекоми языка эпохи средневековья. В.А. Ляшев – автор более 80 научных работ, которые были опубликованы в зарубежных, центральных и республиканских изданиях. Он является соавтором нескольких крупных коллективных изданий, таких как «Словарь антонимов коми языка», «Школьный этимологический словарь коми языка», «Коми язык. Энциклопедия» и др. \r\nЗа плодотворный и многолетний труд в деле изучения коми языка, вклад в финно-угроведение В.А. Ляшев был награжден Почетной грамотой Президиума Верховного Совета Коми АССР (1985 г.), удостоен звания «Ветеран труда» и «Отличник народного просвещения».\r\n',NULL,NULL,'1942-02-07','1999-04-13','2024-04-05 07:38:22',2),(35,'Ракин ','Анатолий ','Николаевич ','доктор филологических наук, старший научный сотрудник','Ракин Анатолий Николаевич, специалист в области изучения актуальных проблем лексикологии и лексикографии, ономастики и стилистики, особенности языка художественной литературы, этимология, сравнительно-историческое исследование словарного фонда пермских языков. Исследования А.Н. Ракина составляют новое направление в финно-угроведении. Им впервые проведено монографическое описание лексики флоры коми языка и анатомической лексики пермских языков. Рассмотрены проблемы генезиса и современного состояния удмуртской, коми-пермяцкой и коми-зырянской ихтионимической лексики. Опубликованы работы по всем стилевым разновидностям коми языка. В ряде публикаций проводится анализ языка художественных произведений коми писателей. А.Н. Ракиным опубликовано более 440 научных работ, в том числе монографии, словари, препринты, учебники.\r\nА.Н. Ракин много внимания уделяет подготовке научных кадров. Из числа его аспирантов четверо успешно защитили диссертации на соискание ученой степени кандидата филологических наук. Он часто оппонирует кандидатские и докторские диссертации. Ученый также работал преподавателем в должности профессора на финно-угорском факультете СыктГУ, на филологическом факультете Коми государственного педагогического института.\r\nАктивно участвует в работе всероссийских и региональных конференций и симпозиумов по финно-угорским и пермским языкам, выступает с докладами на Международных конгрессах финно-угроведов в гг. Турку (1980), Сыктывкаре (1985), Дебрецене (1990), Ювяскюля (1995), Тарту (2000), Йошкар-Оле (2005), Пилишчаба (2010) и Оулу (2015). Был инициатором проведения в Сыктывкаре III Всероссийской научной конфренции финно-угроведов (2004).\r\nНаучная деятельность А.Н. Ракина получила заслуженное признание: он является членом исполкома Международного комитета конгрессов финно-угроведов, председателем Комитета финно-угроведов Российской Федерации, Членом Комиссии Правительства Республики Коми по наименованиям географических объектов, был членом ученого совета ИЯЛИ. Избран зарубежным членом Финно-угорского общества Финляндии, входит в состав редколлегии научных журналов «Финно-угроведение», Вестника Марийского государственного университета (Марий Эл), Вестника Мордовского государственного университета, был членом диссертационных советов при Марийском и Мордовском государственных университетах. В 2006–2007 гг. по приглашению Шведского института (г. Стокгольм) работал преподавателем коми языка в университете г. Уппсала.\r\nА.Н. Ракин награжден Почетными грамотами Совета Министров Коми АССР (1985), Республики Коми (1999), многих других организаций и ведомств. Лауреат премии Коми комсомола (1981), Государственной премии Республики Коми (1999), имеет звание «Заслуженный работник Республики Коми» (2005), награжден медалью ордена «За заслуги перед Отечеством II степени» (2010).\r\n',NULL,NULL,'1949-06-18',NULL,'2024-04-05 07:49:58',2),(39,'Кучин','Александр','Васильевич','академик РАН','Окончил технологический факультет Уфимского нефтяного института (1971). С 1990 г. - заведующий Отделом химии, с 1995-2016 г. - директор Института химии ФИЦ Коми НЦ УрО РАН, с 1916 по настоящее время научный руководитель Института химии ФИЦ Коми НЦ УрО РАН.\r\n Кучин А.В. ведущий специалист в области органического и металлоорганического синтеза, внесший существенный вклад в развитие химии и технологии алюминийорганических соединений и химии и технологии растительных веществ.','','Орден Дружбы (2010), Медаль Ордена «За заслуги перед Отечеством» 2 степени (1999), Премия РАН имени А. Н. Несмеянова, Премия Уральского отделения РАН имени академика И. Я. Постовского, Медаль имени И.Я. Постовского, Премия Правительства Республики Коми (2006, 2010, 2018),   Почетное звание Заслуженный изобретатель РФ, Почетное звание Заслуженный работник Республики Коми; Почетный знак «Изобретатель СССР», Почетная медаль Международной академии авторов научных открытий и изобретений «За заслуги в деле изобретательства». ','1949-05-31','0000-00-00','2024-04-18 12:38:02',8),(40,'Вежев ','Александр ','Александрович','ученый секретарь ','Окончил факультет языка и литературы Ленинградского государственного пединститута (1939). В марте 1939 г. стал директором Коми научно-исследовательского института языка, литературы, фольклора и истории при Наркомпросе Коми АССР, которым руководил до октября 1941 г. С 1 ноября 1945 г. работал старшим научным сотрудником сектора языка, письменности и истории Коми Базы АН СССР. С 1946 г. – младший научный сотрудник. С апреля 1951 г. – зав. сектором языка, литературы и истории Коми филиала АН СССР, с марта 1953 г. – младший научный сотрудник. В 1956-60 гг. обучался в аспирантуре Коми филиала АН СССР. С 1967 г. являлся ученым секретарем гуманитарных подразделений Коми филиала АН СССР, с 1970 по 1971 г. – ученым секретарем ИЯЛИ. В 1971 г. вышел на пенсию.','Вежев А.А. Зарождение и становление коми советской литературы. Сыктывкар: Коми кн. изд-во, 1966. 144 с.','Награжден орденом «Отечественной войны I-й степени». \r\nЧлен Союза писателей СССР (1950). ','1911-09-05','1977-05-09','2024-04-18 12:41:07',16),(42,'Ванеев ','Альберт ','Егорович ','кандидат филологических наук','Окончил отделение коми языка и литературы историко-филологического факультета Коми государственного пединститута (1955). До поступления в 1958 г. в аспирантуру Коми филиала АН СССР работал литературным сотрудником редакции журнала «Войвыв кодзув». В 1963 г. в Московском государственном пединституте защитил кандидатскую диссертацию по теме «Вопросы мастерства в коми советской поэзии». В 1961 г. - младший научный сотрудник отдела языка и литературы. В 1966-1970 гг. - зав. отделом языка и литературы, с 1970 г. - старший научный сотрудник сектора литературы и фольклора. С 1984 г. - старший научный, а с 1994 г. - ведущий научный сотрудник научного архива. Возглавлял научную группу по созданию энциклопедии «Республика Коми». ','Ванеев А.Е. Сöвмысь поэзия: коми поэтъяслö мастерство йылысьпасйöдъяс. Сыктывкар: Коми кн. изд-во, 1963. 112 с. \r\nВанеев А.Е. Время и коми поэзия. Сыктывкар: Коми кн. изд-во, 1974. 136 с. \r\nВанеев А.Е. В поисках истины: мировоззрение и эстетические взгляды И.А. Куратова. Сыктывкар: Коми кн. изд-во, 1989. 176 с. \r\nВанеев А.Е. Коми-зырянское просветительство: сущность и своеобразие. Сыктывкар: Эскöм, 2001. 221 с.  \r\n','Почетная грамота Президиума Верховного Совета Коми АССР (1958, 1968), \r\nЛауреат премии Коми комсомола (1968)\r\nЛауреат Государственной премии Коми АССР им. И.А. Куратова (1980)\r\nЗаслуженный работник культуры Коми АССР (1988)\r\nНародный поэт Республики Коми (1996)\r\nНагражден Ленинской юбилейной медалью «За доблестный труд» (1970).','1933-07-18','2001-12-12','2024-04-18 13:32:16',16),(43,'Федорова ','Анна ','Николаевна ','кандидат филологических наук','Окончила факультет языка и литературы Коми государственного пединститута (1936). Работала учителем в школе (1936-1937), преподавателем лесного техникума (1938-1939), Сыктывкарского педучилища (1939-1944), Коми государственного пединститута (1944-1945). В 1946-1950 гг. была аспирантом Коми филиала Академии наук. В 1950 г. в Институте мировой литературы им. А.М. Горького РАН защитила диссертацию по теме «Поэзия И.А. Куратова». С 1950 г. до ухода на пенсию (ноябрь 1968 г.) работала старшим научным сотрудником в отделе языка и литературы.','Федорова А.Н. И.А. Куратов: очерк жизни и творчества. Сыктывкар: Коми кн. изд-во, 1960. 152 с.\r\nФедорова А.Н. И.А. Куратов: очерк жизни и творчества. 2- изд., доп. Сыктывкар: Коми кн. изд-во, 1975. 192 с. ','Почетная грамота Верховного Совета Коми АССР (1962). \r\nЧлен Союза писателей СССР (1959). ','1912-02-04','1974-11-02','2024-04-18 13:45:10',16),(44,'Мартынов ','Валерий ','Иванович','кандидат филологических наук','Окончил историко-филологический факультет Коми государственного пединститута (1955). С 1958 по 1966 г. был учителем русского языка и литературы в средней школе № 2 города Инты. В 1966-1967 гг. работал преподавателем кафедры русской, коми и зарубежной литератур  Коми государственного пединститута. В 1967 г. был принят на работу в Коми филиал АН СССР на должность младшего научного сотрудника отдела языка и литературы. С 1971 г. исполнял обязанности зав. сектором литературы и фольклора, в 1974 г. был избран на эту должность и исполнял ее до 1988 г. С 1988 г. – старший научный сотрудник сектора литературы и фольклора. В 1973 г. в Институте русской литературы (Ленинград) защитил кандидатскую диссертацию на тему «Роль русских писателей в формировании литературы коми». В 1993 г. перешел на работу в Коми республиканский институт развития образования и переподготовки кадров на должность зав. кафедрой теории и методики преподавания.   ','Мартынов В.И. Русская классика и коми литература. Сыктывкар: Коми кн. изд-во, 1973. 103 с.\r\nМартынов В.И. Роль русских писателей в формировании литературы коми. М.: Наука, 1974. 172 с. \r\nМартынов В.И. Становление коми литературы: идейно-эстетический аспект. М.:. Наука, 1988. 233 с.\r\nМартынов В.И. Перымса Стефансянь миян нэмöдз: коми литературалысь тöрытъя да талунъя лист бокъяс восьтiгöн. Сыктывкар: Коми кн. изд-во, 1997. 141 с.','Почетная грамота Министерства просвещения РСФСР (1983, 1985)\r\nПочетная грамота Совета Министров Коми АССР (1988)\r\nПочетная грамота Президиума Верховного Совета Коми АССР (1983)\r\nНагражден медалями «За доблестный труд» (1970), «Ветеран труда» (1980), «Победитель социалистического соревнования» (1973)','1933-11-01','2015-04-18','2024-04-18 13:58:15',16),(45,'Демин','Владимир ','Николаевич','доктор филологических наук','Окончил историко-филологический факультет Коми государственного пединститута (1960). Работал учителем русского языка и литературы в с. Усть-Уса Печорского района (1961-1969), ассистентом кафедры русской и зарубежной литературы Коми государственного пединститута (1969-1971). С 1971 по 1986 г. работал в ИЯЛИ, в должности младшего научного сотрудника, заочно учился в аспирантуре Коми филиала АН СССР (1971-1975). В 1979 г. в Мордовском госуниверситете защитил кандидатскую диссертацию на тему «Лирическое и эпическое в коми поэме». С 1986 по 1990 г. работал зав. кафедрой русского языка и литературы в Институте усовершенствования учителей. С 1990 по 1999 г. – зав. отделом литературоведения ИЯЛИ.','Демин В.Н.Коми поэма. Сыктывкар: Коми кн. изд-во, 1978. 144 с.\r\nДемин В.Н. Под кронами сосен: очерки поэтики и истории коми поэзии. Сыктывкар: Коми кн. изд-во, 1989. 123 с.\r\nДемин В.Н. На небе звезда…: введение в теорию и историю коми поэзии. Сыктывкар: Коми кн. изд-во, 1995. 288 с.\r\nДемин В.Н. Рифмою крылатой свяжем строки… Сыктывкар: Коми кн. изд-во, 1999. 160 с.','Почетная грамота Совета Министров Коми АССР\r\nПочетная грамота Республики Коми\r\nЛауреат Государственной премии Республики Коми в области науки (1998)\r\nЧлен Союза писателей России (1997)','1938-07-28','1999-07-23','2024-04-19 06:47:53',16),(46,'Латышева','Вера','Алексеевна ','доктор филологических наук','Окончила филологический факультет Московского государственного университета им. М.В. Ломоносова (1956). С 1956 г. работала в отделе языка и литературы Коми филиала АН СССР в должности старшего лаборанта, с 1958 по 1962 г. обучалась в аспирантуре Коми филиала АН СССР. В 1962 г. поступила на работу в сектор литературы и фольклора ИЯЛИ, работала в должности младшего научного сотрудника. В 1967 г. защитила диссертацию на соискание ученой степени кандидата искусствоведения на тему «Зарождение и развитие драматургии и театра народа коми» в Ленинградском институте театра, музыки и кинематографии. Уволилась из ИЯЛИ в октябре 1971 г. в связи с избранием по конкурсу в КГПИ.  ','Латышева В.А. Зарождение драматургии и театра народа коми. Сыктывкар: Коми кн. изд-во, 1968. 103 с.\r\nЛатышева В.А. Современная коми драматургия. Сыктывкар: Коми кн. изд-во, Коми кн. изд-во, 1994. 103 с.\r\nЛатышева В.А. Классики и современники: статьи о литературе. Сыктывкар: Коми кн. изд-во, 2005. 239 с.\r\nЛатышева В.А. Выль коми лирика. Сыктывкар: Кола, 2012. 176 с.','','1933-10-22',NULL,'2024-04-19 07:28:36',16),(48,'Пахорукова ','Вера','Васильевна  ','доктор филологических наук','Окончила филологический факультет Пермского пединститута (1960). В 1960-1968 гг. работала методистом Коми-Пермяцкого окружного Института усовершенствования учителей и преподавателем русского языка и литературы в Кудымкарском педучилище. С 1968 по 1971 г. обучалась в аспирантуре Коми филиала АН СССР. В 1971 г. поступила на работу в сектор литературы и фольклора ИЯЛИ на должность младшего научного сотрудника. В 1974 г. защитила кандидатскую диссертацию на тему «Зарождение и развитие коми-пермяцкой прозы». Уволилась из ИЯЛИ в феврале 1978 г. в связи с избранием по конкурсу в СыктГУ.','Пахорукова В.В. Пути и проблемы развития коми-пермяцкой прозы. Л.: Наука, 1977. 172 с.\r\nПахорукова В.В. Коми-пермяцкая проза в контексте пермских литератур: учебное пособие / Сыктывкарский государственный университет. Сыктывкар, 1999. 85 с. \r\nПахорукова В.В. История коми-пермяцкой литературы. Т. 1. Проза / Рос.акад.наук, Урал.отд-ние, Коми науч.центр, Ин-т яз., лит. и истории. Сыктывкар, 2004. 217 с.','Заслуженный работник Республики Коми (1999)','1937-10-20','2020-06-10','2024-04-19 08:18:52',16),(49,'Шабаев','Юрий','Петрович','доктор исторических наук, заведующий сектором этнографии.','Окончил исторический факультет Сыктывкарского государственного университета (1979). С 1979 г. работает в ИЯЛИ Коми НЦ УрО РАН: до 1980 г.  - старшим лаборантом, до 1990 г. – младший научный сотрудник,  с 1990 г. по 1996 г. занимал должность ученого секретаря, 1996 г. - 2000 г. – старший научный сотрудник, с 2000 г. – в.н.с., с  2001 г. по настоящее время – заведующий сектором этнографии. \r\nВ 1988 г. в Институте этнологии и антропологии АН СССР  защитил кандидатскую диссертацию “Материальная культура современного сельского хозяйства населения Коми”. В 1999 г. в Институте этнологии и антропологии РАН защитил докторскую диссертацию \"Этнокультурное и этнополитическое развитие народов коми в XX в.\"','Шабаев Ю.П. Этнокультурное и этнополитическое развитие народов коми в ХХ веке. Монография (Штрихи этнополитического развития коми. Т.3). М.: ЦИМО, 1998.375 с.\r\n Nation-Building and Common Values in Russia. Ed. by Päl Kolstǿ and Helge Blakkisrud. Lanham-Boulder-New York-Oxford: ROWMAN & LITTLEFIELD PUBLISHERS, INC., 2004. 382. c. (в составе коллектива авторов)\r\nШабаев Ю.П., Чарина А.М. Финно-угорский национализм и гражданская консолидация в России (этнополитический анализ). Монография. СПб.: СПбГУСЭ, 2010. 275 с.\r\nШабаев Ю.П., Логинова Н. Уральские народы России и Зарубежной Европы. Монография. Саранск: Изд-во Мордовск. гос. ун-та, 2016. 216 с.\r\nШабаев Ю.П., Омаров М.А. Регионализм и этничность в России. М.-Сыктывкар: Изд-во РГГУ, 2021. 482 с.\r\n','Почётное звание «Заслуженный работник Республики Коми» (2022)','1952-10-16','0000-00-00','2024-04-19 08:30:57',22),(50,'Ванеева ','Ирина','Михайловна ','кандидат филологических наук','Окончила историко-филологический факультет Коми государственного пединститута (1956). С 1956 по 1969 г. работала преподавателем русского языка и литературы в школах Ижмы, Ухты, Сыктывкара. С 1969 по 1972 г. обучалась в очной аспирантуре Коми филиала АН СССР. В 1972 г. зачислена в сектор литературы и фольклора ИЯЛИ на должность младшего научного сотрудника. В 1974 г. в Мордовском госуниверситете защитила кандидатскую диссертацию «Пути развития коми литературы в Великой Отечественной войне». С 1986 г. – старший научный сотрудник сектора литературы и фольклора, с 1988 по 1989 г.– исполняющий обязанности зав. сектором литературы и фольклора. В 1989 г. вышла на пенсию.','Ванеева И.М. Великая Отечественная война и коми литература. Сыктывкар: Коми кн. изд-во, 1975. 112 с. \r\nВанеева И.М. Становление и развитие коми советского романа: доклад на заседании Президиума Коми фил. АН СССР 28 марта 1985 г. Сыктывкар, 1985. 25 с. (Научные доклады: вып. 122).','Награждена медалью «Ветеран труда»','1933-10-18','2010-11-23','2024-04-19 08:31:07',16),(52,'Демин ','Валерий ','Анатольевич','Доктор химических наук, старший научный сотрудник, главный научный сотрудник лаборатории химии растительных полимеров. ','В 1971 г. закончил химико-технологический факультет Ленинградской лесотехнической академии (ЛТА) им. С.М. Кирова. .  В 1972 году поступил в аспирантуру  Коми филиала АН СССР (при отделе химии) в г. Сыктывкаре. После окончания аспирантуры с 1975 г. работал в лаборатории химии древесины отдела химии Коми ФАН СССР младшим научным сотрудником, научным, старшим ведущим научным сотрудником. С 1996 по 2009 гг. работал в должности заведующего лабораторией химии древесины Института химии.  Валерий Анатольевич проработал в Отделе химии, а затем Институте химии более 45 лет. ','1.Электрохимическая отбелка сульфатной целлюлозы. – Ленинград: Наука, 1982. – 136 с. (В соавт. С В.Д. Давыдовым, Б.Д. Богомоловым).\r\n2.Теоретические основы отбелки целлюлозы. – СПб. 2013.\r\n3.Реакционная способность лигнина и проблемы его окислительной деструкции перокси-реагентами // Успехи химии, 1999. № 11. С. 1029-1050. (в соавторстве). (Reactivity of lignin and problems of its oxidative destruction with peroxy reagens // Russian Chemical Reviews 1999. \r\n4.	Дёмин В.А. Химия и технология сульфатных щелоков: учебное пособие для студентов направления бакалавриата 18.03.01 «Химическая технология» всех форм обучения. Сыктывкарский лесн. ин-т фил. ГОУ ВПО «С.-Петерб. гос. лесотехн. акад. им. С. М. Кирова», Сыктывкар: СЛИ, 2017. – 124 с.  ISBN 978-5-9239-0893-0.\r\n5.	Дёмин В.А., Пестова Н.Ф. Технология переработки целлюлозы, бумаги и картона: Сыктывкарский лесн. ин-т фил. ГОУ ВПО «С.-Петерб. гос. лесотехн. акад. им. С. М. Кирова», Сыктывкар: СЛИ, 2017 – 92 с.  ISBN 978-5-9239-0895-4.\r\n6.	Дёмин В.А. Химия процессов целлюлозно-бумажного производства. Часть II. Сольволиз, озонолиз, реакции лигнина при варке (учебное пособие) Сыктывкарский лесн. ин-т фил. ГОУ ВПО «С.-Петерб. гос. лесотехн. акад. им. С. М. Кирова», Сыктывкар: СЛИ, 2018. - 76  с. ISBN 978-5-9239-0964-7.\r\n\r\n\r\n','Награжден знаком «Изобретатель СССР» (1988 г.), Почетной грамотой РАН (1999 г.), Почетной грамотой Главы Республики Коми (1998 г.), Почетной грамотой Совета Министров Республики Коми (1994 г.), имеет звание «Заслуженный работник Республики Коми» (2007 г.), Почетную грамоту Министерства образования РФ (2013 г.), в составе коллектива - лауреат Премии Правительства Республики Коми в области научных исследований за цикл работ «Фундаментальные и прикладные основы ресурсосберегающих биотехнологий для создания полифункциональных продуктов из растительного сырья Республики Коми» (2014 г.).\r\n\r\n','1948-03-09',NULL,'2024-04-19 08:43:38',8),(53,'Куклина ','Раиса ','Ильинична ','научный сотрудник ','Окончила заочное отделение филологического факультета Коми государственного пединститута (1978). В 1978 г. принята на должность старшего лаборанта сектора языка ИЯЛИ. С 1980 по 1983 г. обучалась в очной аспирантуре Коми филиала АН СССР по специальности «Литература народов СССР». Тема диссертации – «Комедия как ведущий жанр коми драматургии». В 1987 г. была принята на должность младшего научного сотрудника сектора литературы и фольклора, с 1992 г. работала в должности научного сотрудника отдела литературоведения. В 2007 г. вышла на пенсию.','Куклина Р.И. Жанрово-стилевое своеобразие современной коми комедии // XVII Всесоюзная финно-угорская конференция. Археология, антропология и генетика, этнография, фольклористика, литературоведение: Тезисы докладов. Устинов, 1987. Ч. 2. С. 332-334.\r\nКуклина Р.И. Отражение языковой ситуации в речи героев коми драматургии // Стефан Пермский и современность. Сыктывкар, 1996. С. 69-73  ','','1951-09-16','2018-06-04','2024-04-19 08:48:40',16),(56,'Жеребцов','Любомир ','Николаевич','кандидат исторических наук','Окончил исторический факультет Коми государственного пединститута. В 1948 -1952 гг. – аспирант Коми филиала АН СССР. В 1953 г. защитил в Институте этнографии АН СССР (Москва) кандидатскую диссертацию “Современное жилище народа коми”. С 1952 г. –  младший научный сотрудник сектора языка, письменности, литературы и истории Коми филиала АН СССР, с 1961 г. – старший научный сотрудник отдела истории, этнографии и археологии Коми филиала АН СССР, с 1972 г. – заведующий отделом  этнографии и археологии ИЯЛИ, с 1973 г. заведующий сектором этнографии ИЯЛИ, с 1988 – 1990 г. старший научный сотрудник  сектора этнографии ИЯЛИ. ','Жеребцов Л.Н. Крестьянское жилище в Коми АССР. Сыктывкар, 1971. 96 с.\r\nЖеребцов Л.Н. Хозяйство, культура и быт удорских коми в XVIII - начале XX в.  М., 1972. 127 с.\r\nЖеребцов Л.Н. Историко-культурные взаимоотношения коми с соседними народами, X - начало XX в. М., 1982. 224 с.\r\n','Заслуженный деятель науки Коми АССР (1980).\r\n','1925-10-15','1991-02-17','2024-04-19 09:15:21',22),(57,'Конаков','Николай','Дмитриевич','кандидат исторических наук','Окончил исторический факультет Ленинградского государственного университета имени А.А. Жданова  (1975).  В 1975 – 1978 гг. обучался в очной аспирантуре Коми филиала АН СССР. В 1979 г. защитил кандидатскую диссертацию “Охотничий и рыболовный промысел и их место в традиционном хозяйстве народа коми”.  С 1978 г. работает в ИЯЛИ Коми НЦ УрО РАН: до 1980 г.  - младший научный сотрудник, 1980 г. - 1985 г. - научный сотрудник, 1985 г. - 1988 г. -  старший научный сотрудник, с 1988 г. по 2001 г. - заведующий отделом этнографии, с 2001 по 2006 гг. – старший научный сотрудник сектора этнографии. Уволился в 2006 в связи с выходом на пенсию.','Конаков Н.Д. Коми охотники и рыболовы во второй половине XIX - начале XX в.: Культура промысл. населения таежной зоны европейского Северо-Востока. М.: Наука, 1983. 248 с.\r\nКонаков Н.Д. Древнекоми промысловый календарь (Стиль календаря). Сыктывкар, 1987 (Сер. Препринт. «Науч. докл.»/Коми НЦ УрО АН СССР. Вып. 164).\r\nКонаков Н.Д. От святок до сочельника: Коми традиц. календар. обряды. Сыктывкар, 1993. 126 с.\r\nКонаков Н.Д. Традиционное мировоззрение народов коми: окружающий мир. Пространство и время  Сыктывкар, 1996. 130 с.\r\n','Государственная премия Республики Коми (2000)','1946-12-02','2010-08-10','2024-04-19 09:19:17',22),(58,'Грибова','Любовь','Степановна','кандидат исторических наук','Окончила Кудымкарский учительский институт (1952), исторический факультет Московского государственного университета (1961), в 1967 г. – заочную аспирантуру Коми филиала АН СССР. С 1961 г. – младший научный сотрудник отдела этнографии и археологии Коми филиала АН СССР. В мае 1969 г. защитила кандидатскую диссертацию «Историческая традиция в народном искусстве коми-пермяков». С 1975 г. – старший научный сотрудник сектора этнографии ИЯЛИ. ','Грибова Л.С. Историческая традиция в народном искусстве коми-пермяков: автореф. дис. ... канд. ист. наук. Москва, 1969. 16 с.\r\nГрибова Л.С. Пермский звериный стиль: (Проблема семантики). М., 1975. 148 с\r\nГрибова Л.С. Декоративно-прикладное искусство народов Коми. М., 1980. 239 с\r\n','Серебряная медаль ВДНХ «За достигнутые успехи в развитии народного хозяйства СССР» (1977).','1933-08-15','1986-10-12','2024-04-19 09:41:29',22),(59,'Ильина','Ирина','Васильевна','кандидат исторических наук','Окончила исторический факультет Сыктывкарского государственного университета (1978). С 1978 г. работает в ИЯЛИ Коми НЦ УрО РАН: до 1984 - старший лаборант сектора этнографии, с 1984 г. – младший научный сотрудник, с 1991 г.  – научный сотрудник, с 1993 – старший научный сотрудник, с 2013 г. – ведущий научный сотрудник сектора этнографии','Ильина И.В. Ребёнок в традиционной культуре салымских хантов. Сыктывкар, 1996. 22 с.- (Научные доклады Коми науч. центра УрО РАН; Вып.384) \r\nИльина И.В. Народная медицина коми.  Сыктывкар: Коми кн. изд-во, 1997. 115 с.\r\nИльина И. В. Традиционная медицинская культура народов Европейского Северо-Востока (конец XIX - XX вв.). Сыктывкар, 2008. 225 с.\r\nИльина И. В., Уляшев О. И. Мужчина и женщина в традиционной культуре коми. Сыктывкар, 2009. 221 с.\r\n','','1956-08-11',NULL,'2024-04-19 09:59:25',22),(60,'Манова',' Надежда ','Дмитриевна ','кандидат филологических наук','В 1969 г. закончила филологический факультет КГПИ по специальности “Русский язык и литература” В декабре 1975 г. поступила на работу в ИЯЛИ на должность младшего научного сотрудника сектора языка. В 1976 г. в Институте языкознания РАН (г. Москва)  защитила кандидатскую диссертацию  «Сложноподчиненные предложения в коми языке в историческом освещении. В 1977 г. уволилась из ИЯЛИ в связи с переходом на работу в КГПИ.','Манова Н.Д. Сложноподчиненные предложения в коми языке в историческом освещении. Основные типы: автореф. дис. … канд. филол. наук. М., 1976. 23 с.\r\nМанова Н.Д. Учимся говорить по-коми: самоучитель коми языка. Сыктывкар, 1994. 272 с.\r\nManova N. Komi-zürjén nyelvkönyv.  Szeged, 1998.\r\n','Награждена Почетной грамотой Министерства образования Российской Федерации (1996), Почетной грамотой Главы Республики Коми (2001).','1947-04-07','0000-00-00','2024-04-19 10:41:20',19),(61,'Прокушева  ','Тамара','Ивановна ','кандидат филологических наук','В 1970 г. закончила историко-филологический факультет КГПИ. В августе 1973 г. поступила на работу в сектор языка ИЯЛИ на должность старшего лаборанта, с ноября 1973 по март 1978 г. обучалась в аспирантуре ИЯЛИ без отрыва от производства по специальности “финно-угорские языки”. В 1981 г. в Тартуском государственном университете (г. Тарту)  защитила кандидатскую диссертацию «Инфинитив в коми языке».  После окончания аспирантуры Т.И. Прокушева продолжила работать в ИЯЛИ в должности младшего научного сотрудника (1979 г.), затем – научного сотрудника (1987 г.). В сентябре 1988 г. уволилась из ИЯЛИ в связи с переходом на работу в КГПИ.','Прокушева Т.И. Инфинитив в коми языке: автореф. дис. … канд. филол. наук.  Тарту, 1981. 20 с.\r\nПрокушева Т.И. Фонетическая характеристика инфинитива в пермских языках. Серия препринтов «Научные доклады». Коми филиал АН СССР.  Сыктывкар, 1984.  Вып. 108.  35 с.\r\nПрокушева Т.И., Терентьева С.Н. Морфемно-словообразовательный словарь коми языка.  Сыктывкар, 2013.  340 с.\r\n','','1949-01-10',NULL,'2024-04-19 10:47:55',19),(62,'Черных ','Вера ','Александровна ','кандидат филологических наук','В 1973 г. закончила с отличием англо-немецкое отделение факультета иностранных языков КГПИ. С 1980 г. работала в ИЯЛИ в должности младшего научного сотрудника сектора языка. В 1981 г. в Тартуском государственном университете (г. Тарту)  защитила кандидатскую диссертацию «Глагольное словообразование в коми языке». В январе 1982 г. уволилась из ИЯЛИ в связи с переходом на работу в КГПИ.','Черных В.А. Глагольное словообразование в коми языке: автореф. дисс. … канд. филол. наук.  Тарту, 1981.  22 с.','','1951-10-06',NULL,'2024-04-19 10:51:59',19),(63,'Федюнева',' Галина ','Валерьяновна ','доктор филологических наук / главный научный сотрудник','Окончила историко-филологический факультет Сыктывкарского государственного университета (1977). С 1977 работает в ИЯЛИ Коми НЦ УрО РАН: до 1979 г. – старший лаборант, с 1979 г. – младший научный сотрудник, с 1986 г. −  научный сотрудник, с 1987 г. – и.о. заведующей отделом языка и литературы, с 1989 г. – заведующий отделом языка, с 2008 г. – ведущий научный сотрудник, с 2010 по настоящее время – главный научный сотрудник.  ','Федюнева Г.В. Словообразовательные суффиксы существительных в коми языке: автореф. дис…. канд. филол. наук.  Тарту, 1981.  23 с. \r\nФедюнева, Г.В. Первичные местоимения и их производные в пермских языках: автореф. дис. … д-ра филол. наук.  Саранск, 2009.  50 с. \r\nФедюнева Г.В. Словообразовательные суффиксы существительных в коми языке.  М., 1985.  134 с.\r\nФедюнева Г.В. Указательные местоимения и их производные в пермских языках.  Сыктывкар, 2007.  240 с.\r\nФедюнева Г.В. Первичные местоимения в пермских языках.  Екатеринбург, 2008.  427 с.\r\n','Награждена Почётными грамотами Совета Министров Коми АССР (1990), Президиума Верховного Совета Республики Коми (1994), Почетной грамотой Российской академии наук (1999). Имеет почетные звания: Заслуженный работник Республики Коми (2004), лауреат Государственной премии Республики Коми в области науки (1998), лауреат премии Правительства Респулики Коми в области образования (2004). ','1953-06-21',NULL,'2024-04-19 10:59:33',19),(64,'Ануфриева ','Зоя ','Петровна ','кандидат филологических наук','Окончила в 1969 г. историко-филологический факультет КГПИ. В 1973 г. поступила на работу в ИЯЛИ. занимала должности старшего лаборанта, младшего научного сотрудника (с 1978 г.), научного сотрудника (с 1989 г.), старшего научного сотрудника (с 1992 г.). В 1983 г. в Тартуском государственном университете (г. Тарту)  защитила кандидатскую диссертацию  «Топонимия Ижмо-Печорского бассейна».   Уволилась из ИЯЛИ в 1994 г. в связи с выходом на пенсию. \r\n','Ануфриева З.П. Топонимия Ижмо-Печорского бассейна: автореф. дис. … канд. филол. наук.  Тарту, 1982.  21 с.\r\nАнуфриева З.П. Топонимы угорского происхождения в бассейне Печоры. Серия препринтов «Научные доклады». Коми филиал АН СССР.  Сыктывкар, 1985.  Вып. 139. 12 с.\r\nАнуфриева З.П., Соловьев В.В. Агронимы коми как этнографический источник (по материалам Средней Печоры). Серия препринтов «Научные доклады». Коми филиал АН СССР.  Сыктывкар, 1989.  Вып. 204.  21 с. \r\n','Награждена медалью “Ветеран труда” (1989). ','1939-10-30','2023-12-30','2024-04-19 11:07:51',19),(65,'Карлова (Иевлева) ','Татьяна ','Михайловна ','кандидат филологических наук','В 1973 г. закончила факультет иностранных языков КГПИ. В январе 1985 г. поступила на работу в ИЯЛИ в должности младшего научного сотрудника. В 1985 г. в Институте языкознания АН СССР (г. Москва) защитила кандидатскую диссертацию   «Синтаксис глагола в коми языке (Связь глагола с подлежащим и дополнением)». 4 марта 1985 г. уволилась в связи с переходом на работу в КГПИ.','Иевлева Т.М. Синтаксис глагола в коми языке (связь глагола с подлежащим и дополнением): автореф. дис. ... канд. филол. наук. М., 1984. 17 с','','1950-09-16',NULL,'2024-04-19 11:11:06',19),(66,'Габова ','Татьяна ','Николаевна ','кандидат филологических наук','Окончила историко-филологический факультет КГПИ (1970). В 1980 г. поступила в сектор языка ИЯЛИ, работала лаборантом (1980-1983 гг.), младшим научным сотрудником (1984-1985 гг.), ученым секретарем института (1985-1990 гг.). В 1985 г. в Тартуском государственном университете (г. Тарту) защитила диссертацию  «Синонимы в коми языке». В 1990 г. уволилась из ИЯЛИ в связи с переходом на другую работу.','Габова Т.Н. Синонимы в коми языке: автореф. дис. … канд. филол. наук. Тарту, 1985.  24 с. \r\nГабова Т.Н. Лексические синонимы коми языка.  Сыктывкар, 1990.  155 с. \r\nГабова Т.Н. Словарь синонимов коми языка = Коми синонимъяслöн словарь. Сыктывкар, 1994.  62 с.\r\n','','1949-09-30',NULL,'2024-04-19 11:20:24',19),(67,'Некрасова ','Галина ','Александровна ','доктор филологических наук / главный научный сотрудник','Окончила филологический факультет Сыктывкарского государственного университета в 1981 г. С 1981 г. работает в ИЯЛИ Коми НЦ УрО РАН: с 1981 по 1983 г. – старший лаборант, с 1987 г. – младший научный сотрудник, с 1993 г. – старший научный сотрудник, с 2013 г. – ведущий научный сотрудник, с 2022 г. по настоящее время – главный научный сотрудник. ','Некрасова Г.А. Л-овые падежи в коми языке: автореф. дис. … канд. филол. наук. Тарту, 1987. 21 с.\r\nНекрасова Г.А. Категория падежа имени существительного в пермских языках: автореферат дис. ... доктора филологических наук 10.02.02. Ижевск, 2021.  46 с.\r\nНекрасова Г.А. Коми кывлöн историческöй фонетика. Сыктывкар, 2000. 170 л.б. \r\nНекрасова Г.А. Система L-овых падежей в пермских языках: происхождение и семантика. Сыктывкар, 2002. 168 с. \r\nНекрасова Г. А. Категория падежа имени существительного в пермских языках.  Сыктывкар: ФИЦ Коми НЦ УрО РАН, 2023. 516с.\r\n','Заслуженный работник Республики Коми (2019), Почетная грамота РАН и Профсоюза работников РАН (2009), Почетная грамота Республики Коми (2005), Благодарность Главы Республики Коми (2014), Грамота УрО РАН (1999), Почетная грамота Министерства образования и высшей школы Республики Коми (2002). Лауреат Государственной премии Республики Коми в области науки (1999), Премии Правительства Республики Коми (2004). ','1958-12-12',NULL,'2024-04-19 11:25:42',19),(68,'Цыпанов ','Евгений ','Александрович ','доктор филологических наук / заведующий отделом языка, литературы и фольклора','Окончил филологический факультет Сыктывкарского государственного университета (1982). С 1986 г. работает в ИЯЛИ Коми НЦ УрО РАН: с 1986 г. – младший научный сотрудник, с 1989 г. −  научный сотрудник, с 1991 г. – старший научный сотрудник, с 2003 г.  – ведущий научный сотрудник; с 2007 г. – заведующий сектором языка, с 2011 г. – заместитель директора по научным вопросам и заведующий  отделом языка и литературы, с 2020 г. по настоящее время – заведующий  отделом языка и литературы','Цыпанов Е.А. Морфология причастий в коми языке: автореф. дис. … канд. филол. наук.  Тарту, 1987.  19 с. \r\nЦыпанов Е.А. Грамматические категории глагола в коми языке: автореф. дис. … д-ра филол. наук. – Йошкар-Ола, 2002.  40 с.\r\nЦыпанов Е.А. Причастие в коми языке: история, семантика, дистрибуция.  Екатеринбург, 1997. 209 с.\r\nЦыпанов Е.А. Перым-коми гижöд кыв. Сыктывкар, 1999. 176 с.\r\nЦыпанов Е.А. Сравнительный обзор финно-угорских языков. Сыктывкар, 2008. 215 с.\r\nЦыпанов Е.А. Структура и морфологические категории глагола в коми языке. Сыктывкар, 2020.  718 с.\r\n\r\n \r\n','Почетная грамота Уральского отделения РАН (1999), Почетная грамота РАН и профсоюза работников РАН (2012), Почетная грамота Главы Республики Коми (2004),  Лауреат конкурса в номинации «Доктора наук РАН», организованном «Фондом содействия отечественной науке» (2004), Лауреат государственной премии Республики Коми в области научных исследований (1999), Лауреат премии правительства Республики Коми в области образования (2004), Лауреат премии Правительства РК в области научных исследований (2021), Знак отличия Республики Коми «За безупречную службу Республике Коми» (2014), «Заслуженный работник Республики Коми» (2014).','1960-06-15',NULL,'2024-04-19 11:33:16',19),(69,'Айбабина ','Евгения ','Авенировна ','кандидат филологических наук / ведущий научный сотрудник','Окончила венгерское отделение филологического факультета ЛГУ (1974). С 1978 г. – лаборант сектора социологических исследований ИЯЛИ. В 1980 г. поступила в аспирантуру ИЯЛИ, с января 1982 г. продолжила обучение в аспирантуре Института языкознания РАН (Москва) по специальности “Общее языкознание, социолингвистика, психолингвистика”. В 1988 г. в Институте языкознания РАН (г. Москва) защитила кандидатскую диссертацию  «Интерференция на лексическом уровне в условиях национально-русского двуязычия (на материале русского и коми языков)». С 1984 г. работает в отделе языка ИЯЛИ в должности младшего научного сотрудника, научного сотрудника (с 1989 г.), старшего научного сотрудника (с 1992 г.); с 2013 г. - ведущий научный сотрудник сектора языка ИЯЛИ КомиНЦ УрО РАН.','Айбабина Е.А. Интерференция на лексическом уровне в условиях национально-русского двуязычия (на материале русского и коми языков): автореф. дис. … канд. филол. наук. М., 1988. 19 с.\r\nКоми-роч кывчукöр / Л.М. Безносикова, Е.А. Айбабина, Р.И. Коснырева.  Сыктывкар, 2000. 815 л.б. \r\nКоми синоним кывчукöр / Л.М. Безносикова, Е.А. Айбабина, Н.К. Забоева. Сыктывкар, 2002.  576 л.б.\r\nКоми сёрнисикас кывчукöр: в 2 томах / Е.А. Айбабина, Л.М. Безносикова, Н.К. Забоева, Р.И. Коснырева. Сыктывкар, 2012.  Т. 1. (А–О).  1096 л.б.;  Сыктывкар, 2014. Т. 2. (Ö–Я). 888 л.б.\r\n','Награждена Почетными грамотами администрации г. Сыктывкара (1994), Уральского отделения РАН (1999), Министерства национальной политики Республики Коми (2002, 2010), Президиума КомиНЦ УрО РАН (2005), Республики Коми (2012). В 2002 г. присуждено звание «Ветеран труда». Является лауреатом Государственной премии Республики Коми в области науки (2001), лауреатом премии Правительства Республики Коми в области научных исследований (2015).','1952-03-09',NULL,'2024-04-19 11:41:25',19),(70,'Мусанов ','Алексей ','Геннадьевич ','кандидат филологических наук / заместитель директора ИЯЛИ','Окончил коми отделение филологического факультета Сыктывкарского государственного университета  (1993) и поступил на работу в ИЯЛИ на должность стажера-исследователя, с 1998 г. – младший  научный сотрудник. В 1999 г. в Марийском государственном университете (г. Йошкар-Ола)  защитил кандидатскую диссертацию  «Топонимия Верхнего Прилузья». С 2000  г. – старший научный сотрудник, с 2011 г. – и.о. заведующего сектором языка, с 2013 г. по 2020 г. – заведующий сектором языка, с 2020 г. по настоящее время – заместитель директора ИЯЛИ.','Мусанов А.Г. Топонимия Верхнего Прилузья: автореф. дис. … канд. филол. наук. Йошкар-Ола, 1999. 24 с.\r\nМусанов А.Г. Географические названия Лузско-Летского бассейна Республики Коми. Сыктывкар, 2006. 144 с.\r\nМусанов А.Г. Словарь географических названий Прилузья. Сыктывкар, 2007. 103 с.\r\nМусанов А.Г. Топонимия Средней Язьвы. Серия препринтов «Научные доклады» / КомиНЦ УрО РАН. Сыктывкар, 2009. Вып. 504. 42 с.\r\n','Награжден Почетной грамотой УрО РАН (2010), Почетной грамотой ИЯЛИ КНЦ УрО РАН (2013), Почетная грамота Главы Республики Коми (2022).\r\n','1971-04-01',NULL,'2024-04-19 12:02:03',19),(71,'Попова ','Элеонора ','Николаевна ','кандидат филологических наук / научный сотрудник','Окончила филологический факультет Сыктывкарского государственного университета (1985). В ноябре 1989 г. поступила на работу в отдел языка ИЯЛИ на должность старшего лаборанта, с 1993 г. по 1996 г. – младший научный сотрудник,  с 1996 г. по настоящее время – научный сотрудник. В 2022 г. в Удмуртском государственном университете (г. Ижевск) защитила кандидатскую диссертацию  на тему «Формирование и развитие системы союзов и союзных средств в коми языке». ','\r\nÖнiя коми кыв. Морфология / В.М. Лудыкова, Г.А. Некрасова, Э.Н. Попова, Г.В. Федюнёва, Е.А. Цыпанов; Под общей редакцией Г.В. Федюнёвой. Сыктывкар: Коми кн. изд-во, 2000. 544 с.\r\nПопова Э.Н. Союзы и союзные средства в коми языке. Сыктывкар, 2015. 112 с.\r\nПопова Э.Н. Формирование и развитие системы союзов и союзных средств в коми языке: автореф. дис. … канд. филол. наук. Ижевск, 2022. 22 с.','Награждена Благодарственными письмами Президиума Коми научного центра УрО РАН (1994), Министерства образования Республики Коми (2010), Министерства национальной политики Республики Коми (2015); Почетными грамотами Министерства образования и высшей школы Республики Коми (1999), Коми научного центра УрО РАН (2001, 2005), Почетной грамотой Российской академии наук и Профсоюза работников РАН (2009), грамотой УрО РАН (2012). Э.Н. Попова является лауреатом Государственной премии Республики Коми в области образования (2004), имеет звание «Ветеран труда».','1952-02-20',NULL,'2024-04-19 12:09:31',19),(72,'Понарядов',' Вадим ','Васильевич ','кандидат филологических наук / старший научный сотрудник','Окончил физико-математический факультет (1993) и филологический факультет (1997)  Коми государственного пединститута.  В 1997 г. поступил на работу в ИЯЛИ на должность стажера-исследователя, с 2000 г. работает в должности младшего научного сотрудника, с 2002 г. по настоящее время – в должности старшего научного сотрудника. В 2001 г. в Удмуртском государственном университете (г. Ижевск)  защитил кандидатскую диссертацию «Порядок слов в пермских языках в сравнительно-типологическом освещении (простое предложение)». ','Понарядов В.В. Порядок слов в пермских языках в сравнительно-типологическом освещении (простое предложение): автореф. дис. … канд. филол. наук. Сыктывкар, 2001. 23 с.\r\nПонарядов В.В. Порядок слов в пермских языках в сравнительно-типологическом освещении (простое предложение). Сыктывкар, 2010. 120 с.\r\nПонарядов В.В. Сравнительно-историческое исследование уральского вокализма. Сыктывкар, 2021. 140 с.\r\n','Является лауреатом премии правительства Республики Коми молодым ученым в области фундаментальных научных исследований (2006 г.), награжден Почетной грамотой Коми научного центра УрО РАН (2023).','1973-08-22',NULL,'2024-04-19 12:21:16',19),(73,'Федосеева ','Елена',' Николаевна','кандидат филологических наук / старший научный сотрудник','Окончила финно-угорский факультет Сыктывкарского государственного университета (1998). В 1998 г. принята в сектор языка ИЯЛИ на должность стажера-исследователя. С 1998 г. по 2001 г. обучалась в очной аспирантуре Коми НЦ УрО РАН. В 2002 г. в Удмуртском государственном университете (г. Ижевск) защитила кандидатскаую диссертацию «Лексика северного наречия коми-пермяцкого языка». С 2001 г. работает в ИЯЛИ в должности  младшего научного сотрудника, с 2003 г. по настоящее время – старший научный сотрудник.','Федосеева Е.Н. Лексика северного наречия коми-пермяцкого языка: автореф. дис. …канд. филол. Наук. Ижевск, 2002. 25 с.\r\nФедосеева Е.Н. Лексика северного наречия коми-пермяцкого языка. Сыктывкар, 2015. 196 с\r\n\r\n','Награждена  почетными грамотами ИЯЛИ (2005), КНЦ УрО РАН (2010), УрО РАН (2014), Министерства национальной политики РК (2023).','1973-01-14','0000-00-00','2024-04-19 12:31:29',19),(74,'Забоева ','Надежда ','Константиновна ','заведующий редакторско-издательским отделом ','Окончила немецко-английское отделение факультета иностранных языков Коми государственного пединститута (1983). В августе 1983 г. поступила на работу в ИЯЛИ на должность старшего лаборанта, а затем переводчика. С 1996 г. работает в отделе языка ИЯЛИ в должности младшего научного сотрудника, с 1998 г. – научного сотрудника. С 2007 г. по настоящее время – заведующий редакторско-издательским отделом ИЯЛИ. ','Забоева Н.К. Употребление сравнительного падежа в коми языках // Коми слово в грамматике и словаре.  Сыктывкар, 2000.  С. 15–23.\r\nРусско-коми словарь: [Более 52000 слов] / Л.М. Безносикова, Н.К. Забоева, Р.И. Коснырева.  Сыктывкар, 2003.  1103 с.\r\nБезносикова Л.М., Забоева Н.К., Коснырева Р.Н., Айбабина Е.А. Русско-коми словарь. Коми-роч кывчукöр.  Сыктывкар, 2009.  672 с.\r\nКоми сёрнисикас кывчукöр: в 2 томах / Е.А. Айбабина, Л.М. Безносикова, Н.К. Забоева, Р.И. Коснырева.  Сыктывкар, 2012.  Т. 1. (А–О).  1096 л.б.;  Сыктывкар, 2014. Т. 2. (Ö-Я).  888 л.б.\r\n','Награждена Почетной грамотой Администрации МО ГО «Сыктывкар», Почетной грамотой УрО РАН, Почетной грамотой РАН и Профсоюза работников РАН (2011). Имеет Благодарственные письма от Фонда «Покаяние» (2009), Министерства образования и высшей школы Республики Коми (2007), Министерства культуры Республики Коми (2015), награждена знаком «За безупречную службу Республике Коми» (2015). Является лауреатом Премии Правительства Республики Коми в области науки (2004), Премии Правительства Республики Коми в области научных исследований (2015).\r\n','1961-06-02',NULL,'2024-04-19 12:43:12',19),(75,'Меркушева',' Татьяна ','Николаевна ','кандидат филологических наук','Окончила финно-угорский факультет Сыктывкарского государственного университета (1998). В том же году поступила в очную аспирантуру Коми НЦ УрО РАН. В 2003 г. в Удмуртском государственном университете (г. Ижевск)   защитила кандидатскую диссертацию «Лексика флоры и фауны южного наречия коми-пермяцкого языка».  В ноябре 2001 г. была принята на работу в сектор языка ИЯЛИ, занимала должности младшего научного сотрудника (с  2001 г.), научного сотрудника (с июня 2004 г.). В сентябре 2004 г. перешла на работу в управление образования и науки Администрации Коми-Пермяцкого автономного округа (г. Кудымкар).','Меркушева Т.Н. Лексика флоры и фауны южного наречия коми-пермяцкого языка: автореф. дис. … канд. филол. наук. Ижевск, 2003.  21 с.','','1974-03-19','0000-00-00','2024-04-19 12:46:56',19),(77,'Сажина ','Светлана ','Александровна','кандидат филологических наук / заведующий сектором языка','Окончила финно-угорский факультет Сыктывкарского государственного университета (1998). В 1998 г. поступила на работу в сектор языка ИЯЛИ на должность стажера-исследователя. С 1998 г. по 2003 г. обучалась в очной аспирантуре Коми НЦ УрО РАН. В 2004 г. в Удмуртском государственном университете (г. Ижевск) защитила кандидатскую диссертацию «Сравнительная морфология коми-зырянских диалектов (именные части речи). Ареальный аспект исследования». С 2003 г. работает в ИЯЛИ в должности  младшего научного сотрудника, с 2005 г. – научный сотрудник, с 2006 г. – старший научный сотрудник, с 2020 г. по настоящее время – заведующий сектором языка.','Сажина С.А. Сравнительная морфология коми-зырянских диалектов (именные части речи). Ареальный аспект исследования: автореф. дис. …канд. филол. наук. Ижевск, 2004. 25 с.\r\nПопова Р.П., Сажина С.А. Фонетические и морфологические особенности коми диалектов (сравнительный аспект исследования): монография. Сыктывкар, 2014. 247 с.\r\n','Награждена Почетными грамотами ИЯЛИ (2005 г.), Коми НЦ УрО РАН (2010 г.), УрО РАН (2014 г.).','1976-01-01','0000-00-00','2024-04-19 12:52:07',19),(79,'Гуляева ','Наталья ','Ивановна ','кандидат филологических наук / старший научный сотрудник','Окончила филологический факультет Сыктывкарского государственного университета (1996).  В 1996 г. поступила на работу на должность стажера-исследователя в сектор языка ИЯЛИ Коми НЦ УрО РАН, в 2001 г. переведена на должность младшего научного сотрудника, с 2013 г. работает научным сотрудником, с 2023 г. по настоящее время  – старшим научным сотрудником. В 2013 г. в Мордовском государственном университете (г. Саранск) защитила кандидатскую диссертацию по теме «Вопросительные предложения в коми литературном языке: семантика, функции и структура».','Гуляева Н.И. Вопросительные предложения в коми литературном языке: семантика, функции и структура: автореф. дис. ... канд. филол. наук. – Саранск, 2013. – 24 с.\r\nГуляева Н.И. Вопросительные предложения в языке коми художественной литературы: семантика, функции и структура. Сыктывкар, 2019. 108 с.\r\n\r\n','Награждена почетными грамотами ИЯЛИ, Коми НЦ, УрО РАН, Благодарственным письмом Министерства национальной политики Республики Коми (2009), Почетной грамотой Министерства национальной политики Республики Коми (2023).\r\n','1973-06-20',NULL,'2024-04-19 13:08:32',19),(80,'Некрасова ','Ольга ','Ивановна ','кандидат филологических наук / старший научный сотрудник','Окончила филологический факультет Сыктывкарского государственного университета в 1995 г. С 1995 г. работает в ИЯЛИ в должности старшего лаборанта, с 1998 г. – младший научный сотрудник, с 2015 г.  –  научный сотрудник, с 2023 г. по настоящее время  – старший научный сотрудник. В 2015 г. в Удмуртском государственном университете (г. Ижевск) защитила кандидатскую диссертацию по теме «Деепричастные конструкции в коми языке».   ','Некрасова О.И. Деепричастные конструкции в коми языке: автореф. дис. … канд. филол. наук. – Сыктывкар, 2015. – 22 с.\r\nНекрасова О.И. Деепричастные конструкции в коми языке. Сыктывкар, 2022. 202 с.\r\n','Награждена Почетной грамотой Института ЯЛИ УрО РАН  (2010 г.);  Почетной грамотой УрО РАН (2012 г.); Почетной грамотой Коми НЦ УрО РАН (2014 г.); Благодарственным письмом Министерства национальной политики РК (2019 г.).','1973-08-31',NULL,'2024-04-19 13:15:06',19),(81,'Пунегова',' Галина ','Васильевна','кандидат филологических наук / старший научный сотрудник','Окончила филологический факультет Сыктывкарского государственного университета (1995). В 2011 г. поступила на работу в сектор языка ИЯЛИ Коми НЦ УрО РАН на должность старшего научного сотрудника.','Пунегова Г.В. Фонетическая интерференция в условиях коми-русского двуязычия (на материале экспериментально-фонетического исследования согласных): автореф. дис. … канд. филол. наук. Йошкар-Ола, 2002. 20 с.\r\nПунегова Г.В. Фонетические особенности функционирования русского языка в условиях коми-русского двуязычия в Республике Коми (на материале экспериментально-фонетического исследования согласных): монография. Сыктывкар, 2008. 186 с\r\nПунегова Г.В. Сёрнитам комиöн: Учебник коми языка для начинающих. Сыктывкар, 2015. 352 л.б.\r\n','Награждена Почетной грамотой Министерства образования и высшей школы РК. В 2005 году присуждена Государственная премия Главы РК в области науки среди молодых ученых.','1972-11-07',NULL,'2024-04-19 13:20:05',19),(82,'Баженова',' Ольга ','Николаевна ','кандидат филологических наук','Окончила Институт гуманитарных наук Сыктывкарского государственного университета (2014 г.). С 2016 г. по 2022 г. работала в ИЯЛИ в должности старшего лаборанта. В 2022 г. в Удмуртском государственном университете (г. Ижевск) защитила кандидатскую диссертацию  на тему «Стилистические ресурсы лексики в коми художественных текстах». ','Баженова О.Н. Стилистические ресурсы лексики в коми художественных текстах: автореф. … дис. канд. филол. наук. Ижевск, 2022. 24 с.','','1992-02-18',NULL,'2024-04-19 13:23:24',19),(83,'Ракин ','Николай ','Анатольевич ','доктор философии (PhD) / научный сотрудник','В 2000–2001 гг. обучался на финно-угорском факультете СыктГУ, затем перевелся в Университета им. Лоранда Этвеша (Будапешт, Венгрия). В 2002–2008 гг. прошел полный курс гуманитарного факультета по специальностям «венгерский язык и литература», «финский язык и литература».  В 2014 г. в Тартуском университете (Эстония) защитил диссертацию «Калевала» на коми языке в контексте некоторых аспектов теории и практики художественного перевода». С 1 октября 2014 г. по настоящее время работает в ИЯЛИ КНЦ УрО РАН в должности научного сотрудника сектора языка. ','Ракин Н.А. «Калевала» на коми языке в контексте некоторых аспектов теории и практики художественного перевода. – Tartu, 2014. – 339 с. – \r\n(Dissertationes philologiae uralicae Universitatis Tartuensis 14).','','1983-01-17',NULL,'2024-04-19 13:28:58',19),(84,'Карманова ','Альбина ','Николаевна ','не имеет ученой степени','Окончила  филологический факультет Коми государственного пединститута (1968). С 1968 г. работала в отделе языка ИЯЛИ в должности младшего научного сотрудника. В 1970 г. перешла на работу в Коми государственный пединститут. ','Карманова А.Н. Современный коми язык: учеб. пособие по спецкурсу.  Сыктывкар–Пермь, 1986.  63 с. \r\nКарманова А. Н., Игушев Е.А. Роча-коми сёрнитчан = Русско-коми разговорник.  Сыктывкар, 1989.  111 с. \r\nКарманова А.Н., Панюкова О.В. Торъякывъяс артмöдан кыввор. Сыктывкар, 1999. 155 л.б.\r\n Карманова А.Н. Торъякывъяс тэчасног да артманног: учеб. пособие. Сыктывкар, 2002. 40 л.б\r\n','Награждена почетными грамотами и благодарственными письмами Министерства образования РК, Министерства национальной политики РК. Дважды лауреат Государственной премии Республики Коми в области образования (1999, 2017).','1940-12-08','0000-00-00','2024-04-19 13:34:03',19);
/*!40000 ALTER TABLE `person` ENABLE KEYS */;
UNLOCK TABLES;

--
-- Table structure for table `person_event`
--

DROP TABLE IF EXISTS `person_event`;
/*!40101 SET @saved_cs_client     = @@character_set_client */;
/*!50503 SET character_set_client = utf8mb4 */;
CREATE TABLE `person_event` (
  `id` int(11) NOT NULL AUTO_INCREMENT,
  `idEvent` int(11) NOT NULL,
  `idPerson` int(11) NOT NULL,
  PRIMARY KEY (`id`),
  KEY `idEvent` (`idEvent`),
  KEY `idPerson` (`idPerson`),
  CONSTRAINT `person_event_ibfk_2` FOREIGN KEY (`idPerson`) REFERENCES `person` (`id`) ON DELETE CASCADE ON UPDATE CASCADE,
  CONSTRAINT `person_event_ibfk_1` FOREIGN KEY (`idEvent`) REFERENCES `event` (`id`) ON DELETE CASCADE ON UPDATE CASCADE
) ENGINE=InnoDB AUTO_INCREMENT=54 DEFAULT CHARSET=utf8mb4;
/*!40101 SET character_set_client = @saved_cs_client */;

--
-- Dumping data for table `person_event`
--

LOCK TABLES `person_event` WRITE;
/*!40000 ALTER TABLE `person_event` DISABLE KEYS */;
INSERT INTO `person_event` (`id`, `idEvent`, `idPerson`) VALUES (10,17,5),(11,17,12),(12,17,14),(13,29,5),(14,29,12),(15,29,24),(16,33,28),(17,34,29),(18,37,30),(19,38,13),(20,38,33),(21,39,24),(22,39,34),(23,40,35),(27,50,24),(32,2,5),(33,2,12),(34,2,13),(35,2,14),(36,2,15),(37,2,16),(38,2,17),(39,2,19),(40,4,13),(41,4,24),(42,7,26),(53,57,39);
/*!40000 ALTER TABLE `person_event` ENABLE KEYS */;
UNLOCK TABLES;

--
-- Table structure for table `sci_department`
--

DROP TABLE IF EXISTS `sci_department`;
/*!40101 SET @saved_cs_client     = @@character_set_client */;
/*!50503 SET character_set_client = utf8mb4 */;
CREATE TABLE `sci_department` (
  `id` int(11) NOT NULL AUTO_INCREMENT,
  `Name` varchar(100) NOT NULL,
  `owner` varchar(10) DEFAULT NULL COMMENT 'Поле ID владельца (допускается значение индексов через запятую) (т.к. та или иная структура существовала определённый период)',
  `Date_create` date NOT NULL COMMENT 'дата создания',
  `Date_dectroy` date DEFAULT NULL COMMENT 'дата ликвидации',
  `create_date` timestamp NULL DEFAULT CURRENT_TIMESTAMP COMMENT 'системная дата и время СОЗДАНИЯ ЗАПИСИ!',
  `create_user` int(11) DEFAULT NULL,
  PRIMARY KEY (`id`)
) ENGINE=InnoDB AUTO_INCREMENT=22 DEFAULT CHARSET=utf8mb4 COMMENT='Научная тематика';
/*!40101 SET character_set_client = @saved_cs_client */;

--
-- Dumping data for table `sci_department`
--

LOCK TABLES `sci_department` WRITE;
/*!40000 ALTER TABLE `sci_department` DISABLE KEYS */;
INSERT INTO `sci_department` (`id`, `Name`, `owner`, `Date_create`, `Date_dectroy`, `create_date`, `create_user`) VALUES (17,'ИЯЛИ Коми НЦ УрО РАН',NULL,'1970-04-01',NULL,'2024-03-29 08:34:44',2),(20,'Научная библиотека',NULL,'1944-07-01',NULL,'2024-04-16 08:33:00',10),(21,'Институт химии ',NULL,'1995-12-19',NULL,'2024-04-18 13:59:26',8);
/*!40000 ALTER TABLE `sci_department` ENABLE KEYS */;
UNLOCK TABLES;

--
-- Table structure for table `sci_department_event`
--

DROP TABLE IF EXISTS `sci_department_event`;
/*!40101 SET @saved_cs_client     = @@character_set_client */;
/*!50503 SET character_set_client = utf8mb4 */;
CREATE TABLE `sci_department_event` (
  `id` int(11) NOT NULL AUTO_INCREMENT,
  `idSciDepartment` int(11) NOT NULL,
  `idEvent` int(11) NOT NULL,
  PRIMARY KEY (`id`),
  KEY `idSciDepartment` (`idSciDepartment`),
  KEY `idEvent` (`idEvent`),
  CONSTRAINT `sci_department_event_ibfk_2` FOREIGN KEY (`idEvent`) REFERENCES `event` (`id`) ON DELETE CASCADE ON UPDATE CASCADE,
  CONSTRAINT `sci_department_event_ibfk_1` FOREIGN KEY (`idSciDepartment`) REFERENCES `sci_department` (`id`) ON DELETE CASCADE ON UPDATE CASCADE
) ENGINE=InnoDB AUTO_INCREMENT=62 DEFAULT CHARSET=utf8mb4;
/*!40101 SET character_set_client = @saved_cs_client */;

--
-- Dumping data for table `sci_department_event`
--

LOCK TABLES `sci_department_event` WRITE;
/*!40000 ALTER TABLE `sci_department_event` DISABLE KEYS */;
INSERT INTO `sci_department_event` (`id`, `idSciDepartment`, `idEvent`) VALUES (11,17,15),(12,17,16),(13,17,17),(14,17,18),(15,17,19),(16,17,20),(17,17,21),(18,17,22),(19,17,23),(20,17,24),(21,17,25),(22,17,26),(23,17,27),(24,17,28),(25,17,29),(26,17,30),(27,17,31),(28,17,32),(29,17,33),(30,17,34),(31,17,35),(32,17,36),(33,17,38),(34,17,39),(35,17,40),(37,17,42),(38,17,43),(39,17,44),(40,17,46),(41,17,47),(42,17,48),(43,17,49),(44,17,50),(45,17,51),(46,17,52),(47,17,53),(48,17,54),(51,17,2),(52,17,4),(53,17,7),(60,20,56),(61,21,57);
/*!40000 ALTER TABLE `sci_department_event` ENABLE KEYS */;
UNLOCK TABLES;

--
-- Table structure for table `sci_department_file`
--

DROP TABLE IF EXISTS `sci_department_file`;
/*!40101 SET @saved_cs_client     = @@character_set_client */;
/*!50503 SET character_set_client = utf8mb4 */;
CREATE TABLE `sci_department_file` (
  `id` int(11) NOT NULL AUTO_INCREMENT,
  `idSciDepartment` int(11) NOT NULL,
  `idFile` int(11) NOT NULL,
  PRIMARY KEY (`id`),
  KEY `idSciDepartment` (`idSciDepartment`),
  KEY `idFile` (`idFile`),
  CONSTRAINT `sci_department_file_ibfk_2` FOREIGN KEY (`idFile`) REFERENCES `file` (`id`) ON DELETE CASCADE ON UPDATE CASCADE,
  CONSTRAINT `sci_department_file_ibfk_1` FOREIGN KEY (`idSciDepartment`) REFERENCES `sci_department` (`id`) ON DELETE CASCADE ON UPDATE CASCADE
) ENGINE=InnoDB AUTO_INCREMENT=51 DEFAULT CHARSET=utf8mb4;
/*!40101 SET character_set_client = @saved_cs_client */;

--
-- Dumping data for table `sci_department_file`
--

LOCK TABLES `sci_department_file` WRITE;
/*!40000 ALTER TABLE `sci_department_file` DISABLE KEYS */;
INSERT INTO `sci_department_file` (`id`, `idSciDepartment`, `idFile`) VALUES (8,17,19),(9,17,20),(12,17,21),(13,17,23),(14,17,24),(15,17,25),(16,17,26),(17,17,27),(18,17,28),(19,17,29),(20,17,30),(21,17,10),(22,17,31),(23,17,32),(24,17,33),(26,20,36),(27,21,37),(29,17,39),(31,17,41),(32,17,42),(33,17,43),(34,17,44),(35,17,45),(37,17,47),(38,17,48),(42,17,50),(44,17,52),(47,17,55),(48,17,56),(49,17,57),(50,17,58);
/*!40000 ALTER TABLE `sci_department_file` ENABLE KEYS */;
UNLOCK TABLES;

--
-- Table structure for table `sci_department_person`
--

DROP TABLE IF EXISTS `sci_department_person`;
/*!40101 SET @saved_cs_client     = @@character_set_client */;
/*!50503 SET character_set_client = utf8mb4 */;
CREATE TABLE `sci_department_person` (
  `id` int(11) NOT NULL AUTO_INCREMENT,
  `idSciDepartment` int(11) NOT NULL,
  `idPerson` int(11) NOT NULL,
  PRIMARY KEY (`id`),
  KEY `idSciDepartment` (`idSciDepartment`),
  KEY `idPerson` (`idPerson`),
  CONSTRAINT `sci_department_person_ibfk_2` FOREIGN KEY (`idPerson`) REFERENCES `person` (`id`) ON DELETE CASCADE ON UPDATE CASCADE,
  CONSTRAINT `sci_department_person_ibfk_1` FOREIGN KEY (`idSciDepartment`) REFERENCES `sci_department` (`id`) ON DELETE CASCADE ON UPDATE CASCADE
) ENGINE=InnoDB AUTO_INCREMENT=80 DEFAULT CHARSET=utf8mb4;
/*!40101 SET character_set_client = @saved_cs_client */;

--
-- Dumping data for table `sci_department_person`
--

LOCK TABLES `sci_department_person` WRITE;
/*!40000 ALTER TABLE `sci_department_person` DISABLE KEYS */;
INSERT INTO `sci_department_person` (`id`, `idSciDepartment`, `idPerson`) VALUES (4,17,17),(6,17,19),(7,17,20),(8,17,24),(9,17,25),(10,17,26),(11,17,27),(12,17,28),(13,17,29),(14,17,30),(19,17,32),(21,17,33),(22,17,34),(23,17,35),(26,17,40),(28,17,42),(29,17,43),(30,17,44),(31,21,39),(32,17,45),(33,17,46),(35,17,48),(37,17,50),(38,17,49),(40,21,52),(41,17,53),(44,17,56),(45,17,57),(46,17,58),(47,17,59),(49,17,61),(50,17,62),(51,17,63),(52,17,64),(53,17,65),(54,17,66),(55,17,67),(56,17,68),(57,17,69),(58,17,70),(59,17,71),(60,17,72),(62,17,74),(68,17,77),(69,17,75),(70,17,73),(71,17,60),(72,17,79),(73,17,80),(74,17,81),(75,17,12),(76,17,82),(77,17,83),(79,17,84);
/*!40000 ALTER TABLE `sci_department_person` ENABLE KEYS */;
UNLOCK TABLES;

--
-- Table structure for table `sci_theme`
--

DROP TABLE IF EXISTS `sci_theme`;
/*!40101 SET @saved_cs_client     = @@character_set_client */;
/*!50503 SET character_set_client = utf8mb4 */;
CREATE TABLE `sci_theme` (
  `id` int(11) NOT NULL AUTO_INCREMENT,
  `Name` varchar(100) NOT NULL,
  `create_date` timestamp NOT NULL DEFAULT CURRENT_TIMESTAMP,
  `create_user` int(11) NOT NULL,
  PRIMARY KEY (`id`)
) ENGINE=InnoDB AUTO_INCREMENT=12 DEFAULT CHARSET=utf8mb4 COMMENT='Научная тематика';
/*!40101 SET character_set_client = @saved_cs_client */;

--
-- Dumping data for table `sci_theme`
--

LOCK TABLES `sci_theme` WRITE;
/*!40000 ALTER TABLE `sci_theme` DISABLE KEYS */;
INSERT INTO `sci_theme` (`id`, `Name`, `create_date`, `create_user`) VALUES (1,'Химические науки','2024-03-25 13:58:11',2),(2,'Физические науки','2024-03-25 13:58:18',2),(3,'Геологические науки','2024-03-25 13:58:31',2),(4,'Биологические науки','2024-03-25 13:58:37',2),(7,'Исторические науки','2024-03-27 07:24:42',2),(8,'Филологические науки','2024-03-27 07:25:12',2),(11,'Библиотечное дело','2024-04-16 08:41:49',10);
/*!40000 ALTER TABLE `sci_theme` ENABLE KEYS */;
UNLOCK TABLES;

--
-- Table structure for table `sci_theme_event`
--

DROP TABLE IF EXISTS `sci_theme_event`;
/*!40101 SET @saved_cs_client     = @@character_set_client */;
/*!50503 SET character_set_client = utf8mb4 */;
CREATE TABLE `sci_theme_event` (
  `id` int(11) NOT NULL AUTO_INCREMENT,
  `idTheme` int(11) NOT NULL,
  `idEvent` int(11) NOT NULL,
  PRIMARY KEY (`id`),
  KEY `idTheme` (`idTheme`),
  KEY `idEvent` (`idEvent`),
  CONSTRAINT `sci_theme_event_ibfk_3` FOREIGN KEY (`idTheme`) REFERENCES `sci_theme` (`id`) ON DELETE CASCADE ON UPDATE CASCADE,
  CONSTRAINT `sci_theme_event_ibfk_2` FOREIGN KEY (`idEvent`) REFERENCES `event` (`id`) ON DELETE CASCADE ON UPDATE CASCADE
) ENGINE=InnoDB AUTO_INCREMENT=50 DEFAULT CHARSET=utf8mb4;
/*!40101 SET character_set_client = @saved_cs_client */;

--
-- Dumping data for table `sci_theme_event`
--

LOCK TABLES `sci_theme_event` WRITE;
/*!40000 ALTER TABLE `sci_theme_event` DISABLE KEYS */;
INSERT INTO `sci_theme_event` (`id`, `idTheme`, `idEvent`) VALUES (12,8,28),(13,8,33),(14,8,38),(15,8,39),(16,8,40),(20,7,43),(21,7,46),(22,8,48),(23,8,50),(24,7,52),(25,8,53),(30,8,2),(31,8,4),(45,11,56),(49,1,57);
/*!40000 ALTER TABLE `sci_theme_event` ENABLE KEYS */;
UNLOCK TABLES;

--
-- Table structure for table `sci_theme_file`
--

DROP TABLE IF EXISTS `sci_theme_file`;
/*!40101 SET @saved_cs_client     = @@character_set_client */;
/*!50503 SET character_set_client = utf8mb4 */;
CREATE TABLE `sci_theme_file` (
  `id` int(11) NOT NULL AUTO_INCREMENT,
  `idFile` int(11) NOT NULL,
  `idSciTheme` int(11) NOT NULL,
  PRIMARY KEY (`id`),
  KEY `idFile` (`idFile`),
  KEY `idSciTheme` (`idSciTheme`),
  CONSTRAINT `sci_theme_file_ibfk_1` FOREIGN KEY (`idFile`) REFERENCES `file` (`id`) ON DELETE CASCADE ON UPDATE CASCADE,
  CONSTRAINT `sci_theme_file_ibfk_2` FOREIGN KEY (`idSciTheme`) REFERENCES `sci_theme` (`id`) ON DELETE CASCADE ON UPDATE CASCADE
) ENGINE=InnoDB AUTO_INCREMENT=68 DEFAULT CHARSET=utf8mb4;
/*!40101 SET character_set_client = @saved_cs_client */;

--
-- Dumping data for table `sci_theme_file`
--

LOCK TABLES `sci_theme_file` WRITE;
/*!40000 ALTER TABLE `sci_theme_file` DISABLE KEYS */;
INSERT INTO `sci_theme_file` (`id`, `idFile`, `idSciTheme`) VALUES (6,8,8),(10,12,8),(12,14,8),(28,9,8),(29,11,8),(30,13,8),(31,19,8),(32,20,8),(33,21,8),(34,25,8),(35,26,8),(36,27,8),(37,28,8),(38,30,8),(39,10,8),(40,31,8),(41,32,8),(42,33,8),(43,36,11),(44,37,1),(46,39,8),(48,41,8),(49,42,8),(50,43,8),(51,44,8),(52,45,8),(54,47,8),(55,48,8),(59,50,7),(61,52,8),(64,55,7),(65,56,7),(66,57,7),(67,58,7);
/*!40000 ALTER TABLE `sci_theme_file` ENABLE KEYS */;
UNLOCK TABLES;

--
-- Table structure for table `sci_theme_pers`
--

DROP TABLE IF EXISTS `sci_theme_pers`;
/*!40101 SET @saved_cs_client     = @@character_set_client */;
/*!50503 SET character_set_client = utf8mb4 */;
CREATE TABLE `sci_theme_pers` (
  `id` int(11) NOT NULL AUTO_INCREMENT,
  `idTheme` int(11) NOT NULL,
  `idPers` int(11) NOT NULL,
  PRIMARY KEY (`id`),
  KEY `idPers` (`idPers`),
  KEY `idTheme` (`idTheme`),
  CONSTRAINT `sci_theme_pers_ibfk_3` FOREIGN KEY (`idTheme`) REFERENCES `sci_theme` (`id`) ON DELETE CASCADE ON UPDATE CASCADE,
  CONSTRAINT `sci_theme_pers_ibfk_2` FOREIGN KEY (`idPers`) REFERENCES `person` (`id`) ON DELETE CASCADE ON UPDATE CASCADE
) ENGINE=InnoDB AUTO_INCREMENT=93 DEFAULT CHARSET=utf8mb4;
/*!40101 SET character_set_client = @saved_cs_client */;

--
-- Dumping data for table `sci_theme_pers`
--

LOCK TABLES `sci_theme_pers` WRITE;
/*!40000 ALTER TABLE `sci_theme_pers` DISABLE KEYS */;
INSERT INTO `sci_theme_pers` (`id`, `idTheme`, `idPers`) VALUES (4,8,5),(12,8,13),(13,8,14),(14,8,15),(15,8,16),(16,8,17),(18,8,19),(19,8,20),(20,8,24),(26,8,32),(28,8,33),(29,8,34),(30,8,35),(35,8,40),(38,8,42),(39,8,43),(43,8,44),(44,1,39),(45,8,45),(46,8,46),(48,8,48),(50,8,50),(51,7,49),(53,1,52),(54,8,53),(57,7,56),(58,7,57),(59,7,58),(60,7,59),(62,8,61),(63,8,62),(64,8,63),(65,8,64),(66,8,65),(67,8,66),(68,8,67),(69,8,68),(70,8,69),(71,8,70),(72,8,71),(73,8,72),(75,8,74),(81,8,77),(82,8,75),(83,8,73),(84,8,60),(85,8,79),(86,8,80),(87,8,81),(88,8,12),(89,8,82),(90,8,83),(92,8,84);
/*!40000 ALTER TABLE `sci_theme_pers` ENABLE KEYS */;
UNLOCK TABLES;

--
-- Table structure for table `tag`
--

DROP TABLE IF EXISTS `tag`;
/*!40101 SET @saved_cs_client     = @@character_set_client */;
/*!50503 SET character_set_client = utf8mb4 */;
CREATE TABLE `tag` (
  `id` int(11) NOT NULL AUTO_INCREMENT,
  `Name` varchar(50) DEFAULT NULL,
  `create_date` timestamp NULL DEFAULT CURRENT_TIMESTAMP,
  `create_user` int(11) DEFAULT NULL,
  PRIMARY KEY (`id`),
  UNIQUE KEY `tag_Name_uindex` (`Name`)
) ENGINE=InnoDB AUTO_INCREMENT=61 DEFAULT CHARSET=utf8mb4;
/*!40101 SET character_set_client = @saved_cs_client */;

--
-- Dumping data for table `tag`
--

LOCK TABLES `tag` WRITE;
/*!40000 ALTER TABLE `tag` DISABLE KEYS */;
INSERT INTO `tag` (`id`, `Name`, `create_date`, `create_user`) VALUES (1,'физика','2024-03-23 16:41:44',1),(2,'химия','2024-03-23 16:42:17',1),(3,'математика','2024-03-23 16:47:32',1),(7,'биология','2024-03-25 20:52:11',1),(9,'история','2024-03-27 07:25:24',2),(10,'финно-угорские языки','2024-03-27 07:25:45',2),(11,'литература','2024-03-29 08:19:53',2),(12,'фольклор','2024-03-29 08:19:58',2),(13,'археология','2024-03-29 08:20:04',2),(14,'этнография','2024-03-29 08:20:11',2),(17,'топонимия','2024-04-03 13:53:11',2),(18,'диалектология','2024-04-05 07:39:40',2),(19,'морфология','2024-04-05 07:39:53',2),(20,'фонетика','2024-04-05 07:40:03',2),(21,'библиотека','2024-04-16 09:20:42',10),(22,'каталоги','2024-04-16 10:45:52',10),(25,'грамматика','2024-04-16 13:25:41',19),(26,'лексикография','2024-04-16 13:25:57',19),(27,'синтаксис','2024-04-16 13:26:25',19),(28,'лексикология','2024-04-16 13:26:54',19),(29,'методика преподавани','2024-04-16 13:27:45',19),(30,'лингвогеография','2024-04-16 13:28:35',19),(31,'ареальная лингвистик','2024-04-16 13:28:42',19),(32,'стилистика','2024-04-16 13:28:54',19),(33,'словообразование','2024-04-16 13:29:12',19),(34,'ономастика','2024-04-16 13:29:40',19),(35,'социолингвистика','2024-04-16 13:30:26',19),(36,'русский фольклор','2024-04-17 07:55:03',2),(37,'литературоведение ','2024-04-17 11:48:40',16),(39,'палеолит','2024-04-18 11:41:15',2),(40,'критика','2024-04-18 11:55:12',16),(41,'поэзия','2024-04-18 11:56:18',16),(42,'проза','2024-04-18 11:56:24',16),(43,'драматургия ','2024-04-18 11:56:35',16),(44,'коми литература ','2024-04-18 11:56:50',16),(45,'история коми литературы ','2024-04-18 11:56:57',16),(46,'антропология города','2024-04-19 08:31:24',22),(47,'этнические процессы','2024-04-19 08:31:38',22),(48,'этнополитология','2024-04-19 08:31:47',22),(49,'этноэкология','2024-04-19 08:55:21',22),(50,'традиционное природопользование','2024-04-19 08:55:35',22),(51,'традиционное мировоззрение','2024-04-19 08:55:45',22),(52,'мифология уральских народов','2024-04-19 08:56:27',22),(53,'традиционная культра','2024-04-19 09:07:19',22),(54,'этнографические группы','2024-04-19 09:07:26',22),(55,'межэтническое взаимодействие','2024-04-19 09:07:58',22),(56,'декоративно-прикладное искусство','2024-04-19 09:25:02',22),(57,'пермский звериный стиль','2024-04-19 09:25:18',22),(58,'народная медицина','2024-04-19 09:54:23',22),(59,'семейная обрядность','2024-04-19 09:54:50',22),(60,'гендерные отношения','2024-04-19 09:56:37',22);
/*!40000 ALTER TABLE `tag` ENABLE KEYS */;
UNLOCK TABLES;

--
-- Table structure for table `tag_event`
--

DROP TABLE IF EXISTS `tag_event`;
/*!40101 SET @saved_cs_client     = @@character_set_client */;
/*!50503 SET character_set_client = utf8mb4 */;
CREATE TABLE `tag_event` (
  `id` int(11) NOT NULL AUTO_INCREMENT,
  `idTag` int(11) NOT NULL,
  `idEvent` int(11) NOT NULL,
  PRIMARY KEY (`id`),
  KEY `idTag` (`idTag`),
  KEY `idEvent` (`idEvent`),
  CONSTRAINT `tag_event_ibfk_2` FOREIGN KEY (`idTag`) REFERENCES `tag` (`id`) ON DELETE CASCADE ON UPDATE CASCADE,
  CONSTRAINT `tag_event_ibfk_1` FOREIGN KEY (`idEvent`) REFERENCES `event` (`id`) ON DELETE CASCADE ON UPDATE CASCADE
) ENGINE=InnoDB AUTO_INCREMENT=124 DEFAULT CHARSET=utf8mb4;
/*!40101 SET character_set_client = @saved_cs_client */;

--
-- Dumping data for table `tag_event`
--

LOCK TABLES `tag_event` WRITE;
/*!40000 ALTER TABLE `tag_event` DISABLE KEYS */;
INSERT INTO `tag_event` (`id`, `idTag`, `idEvent`) VALUES (11,9,16),(12,9,17),(13,10,17),(14,11,17),(15,9,18),(16,10,19),(17,9,20),(18,10,20),(19,9,21),(20,9,22),(21,9,23),(22,9,24),(23,10,24),(24,9,25),(25,9,26),(26,10,27),(27,9,28),(28,11,28),(29,10,28),(30,10,29),(31,10,30),(32,9,31),(33,9,32),(34,10,33),(35,13,34),(36,14,35),(37,10,36),(38,10,38),(39,18,39),(40,19,39),(41,10,39),(42,20,39),(43,10,40),(52,9,42),(53,13,43),(54,13,44),(55,14,44),(56,13,45),(57,9,45),(58,11,45),(59,10,45),(60,12,45),(61,14,45),(62,9,46),(63,13,47),(64,10,48),(65,11,49),(66,10,50),(67,11,51),(68,13,52),(69,18,53),(70,10,53),(71,12,53),(72,13,54),(73,9,54),(74,11,54),(75,10,54),(76,12,54),(77,14,54),(88,10,2),(89,10,4),(90,9,7),(119,21,56),(123,2,57);
/*!40000 ALTER TABLE `tag_event` ENABLE KEYS */;
UNLOCK TABLES;

--
-- Table structure for table `tag_file`
--

DROP TABLE IF EXISTS `tag_file`;
/*!40101 SET @saved_cs_client     = @@character_set_client */;
/*!50503 SET character_set_client = utf8mb4 */;
CREATE TABLE `tag_file` (
  `id` int(11) NOT NULL AUTO_INCREMENT,
  `idTag` int(11) NOT NULL,
  `idFile` int(11) NOT NULL,
  PRIMARY KEY (`id`),
  KEY `idTag` (`idTag`),
  KEY `idFile` (`idFile`),
  CONSTRAINT `tag_file_ibfk_2` FOREIGN KEY (`idFile`) REFERENCES `file` (`id`) ON DELETE CASCADE ON UPDATE CASCADE,
  CONSTRAINT `tag_file_ibfk_1` FOREIGN KEY (`idTag`) REFERENCES `tag` (`id`) ON DELETE CASCADE ON UPDATE CASCADE
) ENGINE=InnoDB AUTO_INCREMENT=101 DEFAULT CHARSET=utf8mb4;
/*!40101 SET character_set_client = @saved_cs_client */;

--
-- Dumping data for table `tag_file`
--

LOCK TABLES `tag_file` WRITE;
/*!40000 ALTER TABLE `tag_file` DISABLE KEYS */;
INSERT INTO `tag_file` (`id`, `idTag`, `idFile`) VALUES (6,10,8),(10,10,12),(12,10,14),(28,10,9),(29,10,11),(30,10,13),(31,10,19),(32,10,20),(35,10,21),(36,10,23),(37,13,24),(38,10,25),(39,10,26),(40,10,27),(41,10,28),(42,10,29),(43,10,30),(44,10,10),(45,10,31),(46,11,31),(47,10,32),(48,10,33),(49,45,39),(50,37,39),(51,41,39),(52,40,39),(56,45,41),(57,37,41),(58,41,41),(59,45,42),(60,40,42),(61,45,43),(62,37,43),(63,41,43),(64,45,44),(65,37,44),(66,40,44),(67,37,45),(68,40,45),(69,43,45),(72,37,47),(73,42,47),(74,45,48),(75,37,48),(76,42,48),(80,14,50),(81,47,50),(82,48,50),(85,37,52),(86,43,52),(92,49,55),(93,50,55),(94,51,55),(95,52,55),(96,53,56),(97,54,56),(98,55,56),(99,14,57),(100,14,58);
/*!40000 ALTER TABLE `tag_file` ENABLE KEYS */;
UNLOCK TABLES;

--
-- Table structure for table `tag_person`
--

DROP TABLE IF EXISTS `tag_person`;
/*!40101 SET @saved_cs_client     = @@character_set_client */;
/*!50503 SET character_set_client = utf8mb4 */;
CREATE TABLE `tag_person` (
  `id` int(11) NOT NULL AUTO_INCREMENT,
  `idTag` int(11) NOT NULL,
  `idPerson` int(11) NOT NULL,
  PRIMARY KEY (`id`),
  KEY `idTag` (`idTag`),
  KEY `idUser` (`idPerson`),
  KEY `idPerson` (`idPerson`),
  CONSTRAINT `tag_person_ibfk_2` FOREIGN KEY (`idTag`) REFERENCES `tag` (`id`) ON DELETE CASCADE ON UPDATE CASCADE,
  CONSTRAINT `tag_person_ibfk_1` FOREIGN KEY (`idPerson`) REFERENCES `person` (`id`) ON DELETE CASCADE ON UPDATE CASCADE
) ENGINE=InnoDB AUTO_INCREMENT=206 DEFAULT CHARSET=utf8mb4;
/*!40101 SET character_set_client = @saved_cs_client */;

--
-- Dumping data for table `tag_person`
--

LOCK TABLES `tag_person` WRITE;
/*!40000 ALTER TABLE `tag_person` DISABLE KEYS */;
INSERT INTO `tag_person` (`id`, `idTag`, `idPerson`) VALUES (5,10,5),(13,10,13),(14,10,14),(15,10,15),(16,10,16),(17,10,17),(19,10,19),(20,11,20),(21,10,20),(22,10,24),(23,17,25),(24,10,25),(25,10,26),(26,10,27),(27,10,28),(28,13,29),(29,10,30),(40,10,32),(42,10,33),(43,10,34),(44,10,35),(50,45,40),(51,40,40),(55,45,42),(56,37,42),(57,41,42),(58,45,43),(59,37,43),(60,41,43),(61,45,44),(62,37,44),(63,40,44),(64,45,45),(65,37,45),(66,41,45),(67,40,45),(68,37,46),(69,40,46),(70,43,46),(73,37,48),(74,42,48),(75,45,50),(76,37,50),(77,42,50),(78,46,49),(79,47,49),(80,48,49),(83,37,53),(84,43,53),(89,55,56),(90,53,56),(91,54,56),(92,52,57),(93,51,57),(94,50,57),(95,49,57),(96,56,58),(97,57,58),(98,14,58),(99,60,59),(100,52,59),(101,58,59),(102,59,59),(103,53,59),(106,10,61),(107,19,61),(108,33,61),(109,10,62),(110,33,62),(111,10,63),(112,19,63),(113,25,63),(114,33,63),(115,28,63),(116,10,64),(117,17,64),(118,10,65),(119,27,65),(120,10,66),(121,28,66),(122,26,66),(123,10,67),(124,20,67),(125,19,67),(126,25,67),(127,10,68),(128,19,68),(129,28,68),(130,10,69),(131,35,69),(132,28,69),(133,26,69),(134,10,70),(135,17,70),(136,34,70),(137,10,71),(138,19,71),(139,25,71),(140,10,72),(141,20,72),(142,25,72),(143,28,72),(144,27,72),(150,10,74),(151,19,74),(152,26,74),(170,10,77),(171,18,77),(172,19,77),(173,31,77),(174,10,75),(175,18,75),(176,28,75),(177,10,73),(178,18,73),(179,30,73),(180,28,73),(181,31,73),(182,10,60),(183,27,60),(184,10,79),(185,25,79),(186,27,79),(187,10,80),(188,25,80),(189,28,80),(190,27,80),(191,10,81),(192,20,81),(193,28,81),(194,10,12),(195,28,12),(196,18,12),(197,10,82),(198,32,82),(199,10,83),(203,10,84),(204,29,84),(205,28,84);
/*!40000 ALTER TABLE `tag_person` ENABLE KEYS */;
UNLOCK TABLES;

--
-- Table structure for table `user`
--

DROP TABLE IF EXISTS `user`;
/*!40101 SET @saved_cs_client     = @@character_set_client */;
/*!50503 SET character_set_client = utf8mb4 */;
CREATE TABLE `user` (
  `id` int(11) NOT NULL AUTO_INCREMENT,
  `role` int(11) DEFAULT NULL,
  `FIO` varchar(200) DEFAULT NULL,
  `dep` varchar(200) DEFAULT NULL,
  `login` varchar(20) DEFAULT NULL,
  `pass` varchar(200) DEFAULT NULL,
  `online` timestamp NOT NULL DEFAULT CURRENT_TIMESTAMP ON UPDATE CURRENT_TIMESTAMP,
  PRIMARY KEY (`id`)
) ENGINE=InnoDB AUTO_INCREMENT=27 DEFAULT CHARSET=utf8mb4;
/*!40101 SET character_set_client = @saved_cs_client */;

--
-- Dumping data for table `user`
--

LOCK TABLES `user` WRITE;
/*!40000 ALTER TABLE `user` DISABLE KEYS */;
INSERT INTO `user` (`id`, `role`, `FIO`, `dep`, `login`, `pass`, `online`) VALUES (1,1,'Хохлов Роман Николаевич','Институт Биологии ФИЦ Коми НЦ УрО РАН ','hohlov','fdc7024e6ac8917bc1eb2a5878009c8047f805e28aef2acfb73b1a68165171482910cd186a9a47d1487eaeb03e98939c954e1c77aece4e02c459726199ac2f67','2024-04-18 14:54:55'),(2,1,'Мусанов Алексей','ИЯЛИ','musanov','1b753e317766273dfef78e53d68e40462273b5d4679745add554c9b581d6e2dc19eee9713d69ad812061c72a45ac1a530b226246ba05c50506c5b742f296b9e1','2024-04-19 13:57:34'),(3,1,'Кирпичёв Алексей Николаевич','Институт Биологии ФИЦ Коми НЦ УрО РАН ','kirpichev','77734b923e3274df222894c6e03817d9873f59afc069b7471f8a259752457969b37880fa4bfa726f2861ea16bf1a32b040c2f1bf0c715f0069ae2bed08539a3e','2024-04-16 06:07:11'),(4,2,'Шубина Т.П.','Институт Биологии ФИЦ Коми НЦ УрО РАН ','Shubina','a8af0e9b7a6941a59b907921de1c397dee5ca253791e843839450dd4fb7c6762bcec4a2ace138b9c612f335f5a91d57794b4382e158d2fd8273219912acbd84f','2024-04-18 06:08:17'),(5,2,'Коковкина С.В. ','Институт агробиотехнологий','Kokovkina','90d115ba1e476c8159690b75cdf3c5ed7e31057099bb00b651b9d67bc21a36b6409e86bfc988918ceb02c944da31e9d4670e46bcb5657ee12d32447d2ce18143','2024-04-16 06:00:48'),(6,2,'Лебедева С.С.','Институт агробиотехнологий','Lebedeva','3d019393988272cfaba2e9960feaccc2ccf7b5731264caf5b15f625879b270e4831851bed0ae8c33d0468189cd62e9856b61c7691385c7ecd884e6c0d9a4297c','2024-04-16 06:01:27'),(7,2,'Гречишникова О.А.','ФИЦ Коми НЦ УрО РАН','Grechishnikova','988ecae60e414a17c27e70f0aa2b33ec013c5500709423bc3d6226e09743e3febea6b200e61949bd3f8e68cea24cd0540f89f51af4e14d74ed5f036f597e70df','2024-04-16 06:01:44'),(8,2,'Клочкова И.В','Институт химии','Klochkova','a501c2bb25274af9e0cb6b35544eb9c95e814eb282cdd5608e9beeb8020ecea0ca4e89daeb1cd5b800eb36dca2afac273994fbb734cb06d32da09970f3dadb3f','2024-04-19 11:47:45'),(9,2,'Андреева Н.В.','Институт химии','Andreeva','9391772c5d8916ab55ba737dc6fbd1c71b5d6032cf84e32f9cb674e6e858ff5fdae8f6e5c3efff73d4f33cef49e5e1660c8effe39185a511b95363c9ec3220fd','2024-04-16 06:02:19'),(10,2,'Бергман Э.А.','Библиотека научная','Bergman','cd7c22e1cd8a97abc247c048851fee6d63671a12f61f310f88e7f49b7c857455787305ca39039a60fde8ee49f1fee63a484d0a7f76e045b10ccd88096a4263d7','2024-04-16 13:17:10'),(11,2,'Козырева И.В.','Институт геологии','Kozyreva','3e78965af2023d071cbd118890b1e6217a2ade22fea1cadf0c9b831349bfba3a13db6d97e7ee36877a59257bb2abe783e42f25376132f2904e627d31fc771b88','2024-04-16 06:02:54'),(12,2,'Пшунетлева Е.А.','Институт физиологии','Pshunetleva','87fc2a7364fe57badb14871fe5953b59ede429f5c060d867b5e6971de83281b233e938f5c3e09e07a67911ca377a22befc54286b1487cacaf38fd1162aa0a03d','2024-04-16 06:03:12'),(13,2,'Бровина А.А.','ОГМИ ФИЦ Коми НЦ УрО РАН','Brovina','050a37f84defda1b8bd1a6efd29053f30ee084b1b3939356dbfceed673c172c286ccda556d6ec927bc6a6d13fffd96a0fb6eb359ae4e57e6182d7651fbee65bd','2024-04-18 06:26:10'),(14,2,'Бурцева В.Г.','ИСЭИЭПС ФИЦ Коми НЦ УрО РАН','Burtseva','f346aa7d39651fd8605ce6ec1da0e41084f3989754f8e7c913433638f409a364754a047bd8f01549a259e14c46e243c90d5112b15ec3af8de423f468daeb48dc','2024-04-17 14:51:01'),(15,2,'Тимушева И.М.','ИЯЛИ','Timusheva','566307c533185bd0f77f55450de76133d58b46554d0edd3f17c80827afe2c96752a94edbdf170c9ab37a3c6b2c9ac713145cba2912c69290769de9c3842a3a05','2024-04-16 06:03:52'),(16,2,'Сурнина Л.Е.','ИЯЛИ','Surnina','de9888560388bf8134e8d5458235f130846496933b823a8a554b663196655939b789cdac9c6e800f3a514f3122b40c5751fa3546e671d52bf88dd785c7d41050','2024-04-19 08:52:45'),(17,2,'Мацук А.М.','ИЯЛИ','Matsuk','a750e37df9f5713343a2ac791e757fde94de225039dc154a414e378c26de25abea3dd355aeff8963ef8fe25d6f1d34db7ebde5bfe7550ea6ce6459e59bf212e0','2024-04-16 06:04:25'),(18,2,'Попов С.А.','ИЯЛИ','Popov','7791a9648945019bced214334fa0f0e5952055735f277916fa0420760d5157fdeb3535c250ca864ab6f15563fbb6d40c089ca12d87b60d4d923b80bebc157ed9','2024-04-16 06:04:38'),(19,2,'Сажина С.А.','ИЯЛИ','Sazhina','6a658b7af840a0f6fa5b63ac9ffd38c00f63024126b46f7dc5875d22b35772ab59730c4ad8aa7f9cb9e9bb8f9c99b9a0feb218dbe79e1456589455e2bddb7605','2024-04-19 13:35:04'),(20,2,'Рассыхаев А.Н.','ИЯЛИ','Rassykhaev','a5250192a7bf07ea1ed50d95ee1b4a9d945053ae6ab850e0f25b06eb67f552254758597fafa8afc339d21f5b98feacac00b64635ba12aa05d21f79218f0709c8','2024-04-16 06:05:08'),(21,2,'Низовцева С.Г.','ИЯЛИ','Nizovtseva','e2cbd0b0266363f76c865c31e7a2d866cdd5fb97eae69719be453a0fa35e991ea59bfeca9c6af64ffefdf116b9991c5923e184cb68a5e1ac245e57cfcd2dfc89','2024-04-16 06:05:29'),(22,2,'Власова В.В.','ИЯЛИ','Vlasova','28496f247a0904cef02f136c9ca0c6dea3fc05bf9bd3288c00a9398cd5511fd15076aa3e3facdd433bff1a05f7cdab245a20bd58b666f22358ccc312e7326a69','2024-04-19 10:23:46'),(23,2,'Волокитина Н.А.','ИЯЛИ','Volokitina','b99d5a7c87be9d37388e1485f2f9098c8d45b436306c0cbb36b8582cdda69908d69d1c85792e77eb51f137d44ac598804f751d95233337f19262dfdcef11f1b2','2024-04-18 12:29:04'),(24,2,'Некрасова О.И.','ИЯЛИ','Nekrasova','b0f5e973f77178def011768e9b6819cade9907deb4549679417cae8cf4227ee64c65ecd66d9c3ae65e1a3e42667b5e4b671df5315556f23a9523a570b73f88a6','2024-04-18 12:30:52'),(25,2,'Игнатова Н.С.','ИЯЛИ','Ignatova','a51e85e9f9f0049cd25d66278673507976d2acdc8bc475fac88acc945147a02cea8ecf989f0d3c051ea93a135340889ef6da087e0d101f646523db4df50f937d','2024-04-18 12:29:57'),(26,2,'Горбаченко И.В.','Библиотека научная','Gorbachenko','4bc3e30ca5c5fd28d5e25e2c76251d4247d8520d3a1d6fde555305eb358388f9ce1df9c39caa4cd4af38270b2e06ff50313b267f732037e7ea5202b22536dd71','2024-04-19 12:33:18');
/*!40000 ALTER TABLE `user` ENABLE KEYS */;
UNLOCK TABLES;
/*!40103 SET TIME_ZONE=@OLD_TIME_ZONE */;

/*!40101 SET SQL_MODE=@OLD_SQL_MODE */;
/*!40014 SET FOREIGN_KEY_CHECKS=@OLD_FOREIGN_KEY_CHECKS */;
/*!40014 SET UNIQUE_CHECKS=@OLD_UNIQUE_CHECKS */;
/*!40101 SET CHARACTER_SET_CLIENT=@OLD_CHARACTER_SET_CLIENT */;
/*!40101 SET CHARACTER_SET_RESULTS=@OLD_CHARACTER_SET_RESULTS */;
/*!40101 SET COLLATION_CONNECTION=@OLD_COLLATION_CONNECTION */;
/*!40111 SET SQL_NOTES=@OLD_SQL_NOTES */;

-- Dump completed on 2024-04-19 17:37:10
