<application>
  <component name="libraryTable">
    <library name="@types/jquery" type="javaScript">
      <CLASSES />
      <SOURCES />
    </library>
    <library name="@types/jqueryui" type="javaScript">
      <CLASSES />
      <SOURCES />
    </library>
    <library name="bootstrap" type="javaScript">
      <properties>
        <sourceFilesUrls>
          <item url="file://$APPLICATION_CONFIG_DIR$/javascript/extLibs/__netdna.bootstrapcdn.com_bootstrap_3.0.3_css_bootstrap.css" />
          <item url="file://$APPLICATION_CONFIG_DIR$/javascript/extLibs/__netdna.bootstrapcdn.com_bootstrap_3.0.3_js_bootstrap.js" />
        </sourceFilesUrls>
      </properties>
      <CLASSES>
        <root url="file://$APPLICATION_CONFIG_DIR$/javascript/extLibs/__netdna.bootstrapcdn.com_bootstrap_3.0.3_css_bootstrap.css" />
        <root url="file://$APPLICATION_CONFIG_DIR$/javascript/extLibs/__netdna.bootstrapcdn.com_bootstrap_3.0.3_js_bootstrap.js" />
      </CLASSES>
      <SOURCES />
    </library>
    <library name="jquery-1.11.1" type="javaScript">
      <properties>
        <option name="frameworkName" value="jQuery" />
        <option name="frameworkVersion" value="1.1." />
        <sourceFilesUrls>
          <item url="file://$APPLICATION_CONFIG_DIR$/javascript/extLibs/__code.jquery.com_jquery-1.11.1.js" />
        </sourceFilesUrls>
      </properties>
      <CLASSES>
        <root url="file://$APPLICATION_CONFIG_DIR$/javascript/extLibs/__code.jquery.com_jquery-1.11.1.js" />
      </CLASSES>
      <DOCUMENTATION>
        <root url="http://api.jquery.com" />
      </DOCUMENTATION>
      <SOURCES />
    </library>
  </component>
</application>