<application>
  <component name="LocalDatabaseDriverManager" version="201">
    <driver id="firebird">
      <artifact id="Firebird" name="Firebird" use="true" version="4.0.2" />
    </driver>
    <driver id="mariadb">
      <artifact id="MariaDB Connector J" name="MariaDB Connector J" channel="MariaDB_2.X" rolling="true" use="true" version="2.7.3" />
    </driver>
    <driver id="mysql.8">
      <artifact />
      <library native="true">
        <url>file://$APPLICATION_CONFIG_DIR$/jdbc-drivers/MySQL ConnectorJ/8.0.25</url>
      </library>
    </driver>
    <driver id="mysql" dialect="MariaDB" driver-class="com.mysql.cj.jdbc.Driver">
      <artifact />
      <library>
        <url>file://$APPLICATION_CONFIG_DIR$/jdbc-drivers/MySQL ConnectorJ/8.0.25/mysql-connector-java-8.0.25.jar</url>
      </library>
    </driver>
  </component>
</application>