<application>
  <component name="FileTypeManager" version="18">
    <extensionMap>
      <mapping pattern="mount" type="AUTO_DETECTED" />
      <mapping ext="ng" type="HTML" />
      <mapping pattern="tsconfig.lib.json" type="PLAIN_TEXT" />
      <mapping ext="ttf" type="PLAIN_TEXT" />
      <mapping ext="data" type="PLAIN_TEXT" />
      <mapping ext="mxl" type="PLAIN_TEXT" />
      <mapping pattern="tsconfig.e2e.json" type="tsconfig" />
      <mapping pattern="tsconfig.editor.json" type="tsconfig" />
      <mapping pattern="tsconfig.spec.json" type="tsconfig" />
      <mapping pattern="tsconfig.app.json" type="tsconfig" />
      <removed_mapping ext="log" approved="true" type="ANSI Aware" />
      <removed_mapping pattern="tsconfig.lib.json" approved="true" type="tsconfig" />
    </extensionMap>
  </component>
</application>