<application>
  <component name="ProjectManager">
    <defaultProject>
      <component name="PhpProjectSharedConfiguration" php_language_level="7.4" />
      <component name="PhpRuntimeConfiguration">
        <extensions>
          <extension name="Ev" enabled="false" />
          <extension name="FFI" enabled="true" />
          <extension name="SQLite" enabled="false" />
          <extension name="SimpleXML" enabled="false" />
          <extension name="SplType" enabled="false" />
          <extension name="ZendDebugger" enabled="false" />
          <extension name="ZendUtils" enabled="false" />
          <extension name="amqp" enabled="false" />
          <extension name="apache" enabled="false" />
          <extension name="apcu" enabled="false" />
          <extension name="bcmath" enabled="false" />
          <extension name="bz2" enabled="false" />
          <extension name="cassandra" enabled="false" />
          <extension name="couchbase" enabled="false" />
          <extension name="cubrid" enabled="false" />
          <extension name="curl" enabled="false" />
          <extension name="dba" enabled="false" />
          <extension name="decimal" enabled="false" />
          <extension name="dio" enabled="false" />
          <extension name="dom" enabled="false" />
          <extension name="enchant" enabled="false" />
          <extension name="fann" enabled="false" />
          <extension name="ffmpeg" enabled="false" />
          <extension name="gd" enabled="false" />
          <extension name="gearman" enabled="false" />
          <extension name="geoip" enabled="false" />
          <extension name="geos" enabled="false" />
          <extension name="gmagick" enabled="false" />
          <extension name="gmp" enabled="false" />
          <extension name="gnupg" enabled="false" />
          <extension name="grpc" enabled="false" />
          <extension name="http" enabled="false" />
          <extension name="ibm_db2" enabled="false" />
          <extension name="igbinary" enabled="false" />
          <extension name="imagick" enabled="false" />
          <extension name="imap" enabled="false" />
          <extension name="inotify" enabled="false" />
          <extension name="interbase" enabled="false" />
          <extension name="intl" enabled="false" />
          <extension name="judy" enabled="false" />
          <extension name="ldap" enabled="false" />
          <extension name="libevent" enabled="false" />
          <extension name="libsodium" enabled="false" />
          <extension name="mailparse" enabled="false" />
          <extension name="mbstring" enabled="false" />
          <extension name="mcrypt" enabled="false" />
          <extension name="memcache" enabled="false" />
          <extension name="memcached" enabled="false" />
          <extension name="ming" enabled="false" />
          <extension name="mongo" enabled="false" />
          <extension name="mongodb" enabled="false" />
          <extension name="mosquitto-php" enabled="false" />
          <extension name="mqseries" enabled="false" />
          <extension name="mssql" enabled="false" />
          <extension name="mysql" enabled="false" />
          <extension name="mysql_xdevapi" enabled="false" />
          <extension name="mysqli" enabled="false" />
          <extension name="ncurses" enabled="false" />
          <extension name="newrelic" enabled="false" />
          <extension name="oauth" enabled="false" />
          <extension name="oci8" enabled="false" />
          <extension name="odbc" enabled="false" />
          <extension name="pdflib" enabled="false" />
          <extension name="pdo_ibm" enabled="false" />
          <extension name="pdo_mysql" enabled="false" />
          <extension name="pdo_pgsql" enabled="false" />
          <extension name="pdo_sqlite" enabled="false" />
          <extension name="pgsql" enabled="false" />
          <extension name="pspell" enabled="false" />
          <extension name="pthreads" enabled="false" />
          <extension name="radius" enabled="false" />
          <extension name="rar" enabled="false" />
          <extension name="recode" enabled="false" />
          <extension name="redis" enabled="false" />
          <extension name="rrd" enabled="false" />
          <extension name="snmp" enabled="false" />
          <extension name="soap" enabled="false" />
          <extension name="sqlite3" enabled="false" />
          <extension name="sqlsrv" enabled="false" />
          <extension name="ssh2" enabled="false" />
          <extension name="suhosin" enabled="false" />
          <extension name="svn" enabled="false" />
          <extension name="sybase" enabled="false" />
          <extension name="tidy" enabled="false" />
          <extension name="v8js" enabled="false" />
          <extension name="wddx" enabled="false" />
          <extension name="win32service" enabled="false" />
          <extension name="wincache" enabled="false" />
          <extension name="xdebug" enabled="false" />
          <extension name="xhprof" enabled="false" />
          <extension name="xlswriter" enabled="false" />
          <extension name="xml" enabled="false" />
          <extension name="xmlreader" enabled="false" />
          <extension name="xmlrpc" enabled="false" />
          <extension name="xmlwriter" enabled="false" />
          <extension name="xsl" enabled="false" />
          <extension name="yaml" enabled="false" />
          <extension name="zend" enabled="false" />
          <extension name="zip" enabled="false" />
          <extension name="zmq" enabled="false" />
        </extensions>
      </component>
      <component name="PhpWorkspaceProjectConfiguration" interpreter_name="PHP 7.4" />
      <component name="PropertiesComponent">
        <property name="settings.editor.selected.configurable" value="configurable.group.editor" />
      </component>
    </defaultProject>
  </component>
</application>